{"type":"FeatureCollection","name":"huasteca_potosina_municipios","features":[{"type":"Feature","properties":{"code":"24003","cve_ent":"24","cve_mun":"003","municipio":"Aquismón","estado":"San Luis Potosí","region":"Huasteca Potosina","fuente":"Marco Geoestadístico / INEGI (consolidado GeoJSON para el visor)"},"geometry":{"type":"Polygon","coordinates":[[[-99.19235064599995,22.014733846000066],[-99.1907452309999,22.011873631000075],[-99.18990544599995,22.01121981500006],[-99.18948579999993,22.01122030800008],[-99.18870633799993,22.011137415000068],[-99.18832155399994,22.01090192300007],[-99.18812953799993,22.010397385000033],[-99.18808698499996,22.010207569000045],[-99.18809818499992,22.010070138000064],[-99.18768507699995,22.00912784600007],[-99.18753392299999,22.008569400000056],[-99.18723395399995,22.008402185000023],[-99.18708361499995,22.008039292000028],[-99.18657261499997,22.006950692000036],[-99.18744150799994,22.006670431000032],[-99.18792146199996,22.00694915400004],[-99.18849104599994,22.007004354000063],[-99.18897055399995,22.006947954000054],[-99.18986915399994,22.00647213800005],[-99.18950786199996,22.00527166200004],[-99.18905666199998,22.004071292000052],[-99.18848490799994,22.002368354000055],[-99.18730549199995,21.998712646000047],[-99.18619183099995,21.99541409200003],[-99.18562829199998,21.993737369000026],[-99.18347889199995,21.995465615000057],[-99.17754490799993,21.997672785000077],[-99.17471372299995,21.99866083100005],[-99.17473416899995,21.998712708000024],[-99.17640556899993,22.00384258500003],[-99.17818903099995,22.00925],[-99.17274263099992,22.009947908000076],[-99.16954593799993,22.010396600000036],[-99.16977269199997,22.011038569000053],[-99.16478598499998,22.012394815000047],[-99.16418958499997,22.010610108000034],[-99.16381379999994,22.008829723000076],[-99.16326223099996,22.005946615000028],[-99.16250012299994,22.00451376900003],[-99.16218989199996,22.00366021500002],[-99.16082006199997,22.003842892000023],[-99.15922389199994,22.004168123000063],[-99.15805409199997,22.00474883100003],[-99.15716853799994,22.00475706200007],[-99.15617536899997,22.004569846000035],[-99.1556721379999,22.00460676900008],[-99.15531466199995,22.005125785000075],[-99.15426613799995,22.005243062000027],[-99.15295233799993,22.005157846000028],[-99.1527688149999,22.005717600000022],[-99.15211764599995,22.00573084600006],[-99.15359258499994,22.000973692000063],[-99.16214332299994,21.974182662000032],[-99.15909343099996,21.97460056900007],[-99.15880618499992,21.974579246000076],[-99.15773663099995,21.974401215000057],[-99.15730718499996,21.97431589200005],[-99.15731092299994,21.97420558500005],[-99.15751055399993,21.974032077000054],[-99.15745667699996,21.973852492000052],[-99.15858007699993,21.973523431000043],[-99.16051430799995,21.973520508000032],[-99.16077915399993,21.97146944600007],[-99.16064069199994,21.969774492000056],[-99.16098646199998,21.968495138000034],[-99.16112000000001,21.967663215000073],[-99.16158281499995,21.96778566200004],[-99.16265339999995,21.96708656900006],[-99.16399967699998,21.967809462000048],[-99.16464789199995,21.96573641500003],[-99.16306061499995,21.95513498500003],[-99.15989763099996,21.94587735400006],[-99.15927826199997,21.944063492000055],[-99.15621041499996,21.937875815000044],[-99.15901153799994,21.936666200000044],[-99.1579352,21.93491446200005],[-99.16076893799996,21.934368615000043],[-99.15353163099994,21.91507112300008],[-99.15328672299994,21.914418015000027],[-99.15294649199994,21.91351066200008],[-99.15266856899994,21.912769477000037],[-99.15226673799997,21.911697846000035],[-99.15179124599993,21.91042972300005],[-99.15118970799993,21.908825431000025],[-99.15456416899997,21.906878123000077],[-99.15261410799994,21.89723533800003],[-99.15190495399996,21.893738985000024],[-99.14567075399994,21.870448415000055],[-99.14285843099996,21.870733508000054],[-99.14186710799997,21.870834000000002],[-99.13961312299992,21.871062446000053],[-99.13966079999994,21.870604446000076],[-99.13974046199995,21.86983884600005],[-99.13977823099995,21.869476],[-99.13982653799994,21.86901172300003],[-99.13987976899993,21.86850026200005],[-99.13994539999999,21.867869615000075],[-99.14044333799994,21.867828108000033],[-99.14126330799996,21.86775976900003],[-99.14150216899998,21.867739846000056],[-99.14362850799995,21.867562585000027],[-99.14591596899999,21.86737186200003],[-99.14628104599994,21.867341415000055],[-99.14777241499993,21.867217031000052],[-99.14475650799993,21.855093431000057],[-99.14365852299993,21.85356398500005],[-99.14282,21.851603846000046],[-99.14094396899996,21.846280062000066],[-99.13923409199998,21.84638816900003],[-99.13765467699994,21.846488],[-99.13603281499992,21.846590523000028],[-99.13583052299995,21.846603308000056],[-99.13528544599994,21.846637754000028],[-99.13524713799993,21.846640154000056],[-99.13469387699993,21.84667512300007],[-99.13239418499992,21.846820446000038],[-99.1323478149999,21.846823354000037],[-99.12985767699993,21.84698066200008],[-99.12815183099994,21.84708840000008],[-99.12502990799999,21.847285523000043],[-99.11931516899992,21.84764620000004],[-99.11735043099996,21.847891092000058],[-99.11566490799997,21.845411677000072],[-99.11576092299997,21.842686385000032],[-99.11592490799995,21.83803195400003],[-99.116699446,21.81604420000008],[-99.11683310799994,21.812249138000027],[-99.11696955399998,21.80837480000002],[-99.11704106199994,21.806344215000024],[-99.11474363099994,21.803803385000037],[-99.112220585,21.79959364600006],[-99.11048473799995,21.798919969000053],[-99.10778498499995,21.79847183100003],[-99.10542206199993,21.797168615000036],[-99.10291427699995,21.79541558500005],[-99.10093738499994,21.79447196900003],[-99.09857530799994,21.794203477000053],[-99.09674412299994,21.794969400000074],[-99.09442830799996,21.79721504600008],[-99.09062501499994,21.799022046000058],[-99.08828006199995,21.800801323000034],[-99.08673616899993,21.800883262000074],[-99.08521113799995,21.801044446000052],[-99.08368804599995,21.801540600000067],[-99.08201036899999,21.80269723100002],[-99.08091679999995,21.80440446200004],[-99.07902813799993,21.806136908000035],[-99.07741384599996,21.806971415000085],[-99.07504332299997,21.807357262000043],[-99.07283359999994,21.807383554000072],[-99.07078063099999,21.808042308000037],[-99.07015756899993,21.80802180000006],[-99.069064369,21.80798581500006],[-99.06710300000002,21.808186877000026],[-99.06511070799995,21.807587031000025],[-99.06394547699993,21.80624312300006],[-99.06397596899996,21.805407846000033],[-99.06400603099995,21.804584123000044],[-99.06434219999993,21.802381569000033],[-99.06409635399996,21.80080852300006],[-99.0635688149999,21.79948310800006],[-99.06157644599995,21.79839695400005],[-99.05598015399991,21.79651350800003],[-99.05527543099997,21.796799785000076],[-99.05328424599998,21.79865966200003],[-99.05003669199999,21.801063308000042],[-99.04776961499994,21.80320918500007],[-99.04730552299995,21.803626262000023],[-99.04614583099998,21.804668431000042],[-99.04433832299995,21.80661387700007],[-99.04337546199997,21.80782601500005],[-99.04295967699994,21.80833507700003],[-99.04199681499992,21.809513938000066],[-99.04100547699994,21.80999463100005],[-99.04040335399996,21.81028660000004],[-99.03963729199994,21.810773092000034],[-99.03926187699993,21.810920708000033],[-99.03789056899994,21.81145993800004],[-99.03654218499996,21.812032323000036],[-99.03507118499999,21.81251887700006],[-99.03386192299995,21.813846554000065],[-99.03288155399994,21.815391308000077],[-99.031533246,21.816592892000074],[-99.02993975399993,21.817851708000042],[-99.0297429079999,21.816055846000044],[-99.02477570799991,21.801437723000053],[-99.02368961499995,21.79824098500006],[-99.01970449199995,21.799575385000026],[-99.01094833799995,21.80250689200005],[-99.01017204599998,21.805754123000046],[-99.00899764599994,21.805394523000075],[-99.00804633799996,21.805073508000078],[-99.00681167699996,21.804620277000026],[-99.004584246,21.803675231000057],[-99.00345516899992,21.80320341500004],[-99.00277143099996,21.802942277000053],[-99.00161919999994,21.802416508000075],[-99.00107032299994,21.802175938000065],[-99.000925662,21.802103031000055],[-99.00080806199995,21.802027031000023],[-99.00075038499992,21.801877000000005],[-99.00070418499995,21.801638677000028],[-99.00056833799991,21.801329385000027],[-99.00044490799995,21.801165446000034],[-99.00039307699993,21.800965092000077],[-99.00045970799991,21.800674908000076],[-99.00038161499994,21.80048109200004],[-99.00022276899995,21.800315631000043],[-98.99990000000001,21.799921815000065],[-98.99978892299997,21.799838554000075],[-98.99969641499995,21.799773477000027],[-98.99947056899998,21.799730292000042],[-98.99919870799991,21.79964120000005],[-98.99906763099993,21.799561646000033],[-98.99902946199998,21.799503123000022],[-98.99901324599996,21.799338385000052],[-98.99895107699996,21.799257846000042],[-98.99882393799997,21.799227231000028],[-98.99857410799994,21.799238477000074],[-98.99875550799999,21.798830492000036],[-98.99879313799993,21.798600262000033],[-98.99883641499996,21.798323938000063],[-98.99888713799996,21.79810620000006],[-98.99895798499995,21.797811000000003],[-98.99901667699999,21.797519631000053],[-98.99908030799995,21.79734187700006],[-98.99923184599999,21.797103477000064],[-98.99930344599996,21.79694336900008],[-98.99939769199995,21.796715046000028],[-98.99945909199995,21.796404538000044],[-98.99948219999999,21.796166723000056],[-98.99953710799996,21.795993769000066],[-98.99960316899997,21.79587096900008],[-98.99974716899999,21.79562787700007],[-98.99985298499996,21.795495123000023],[-99.00014507699994,21.79523607700002],[-99.00043733799994,21.79500080000002],[-99.00064815399995,21.794778],[-99.00089233799994,21.794468092000045],[-99.00127916899999,21.793986431000064],[-99.00154730799993,21.793626615000047],[-99.00193241499993,21.793170631000066],[-99.00215256899996,21.792916846000026],[-99.00231446199997,21.792689862000028],[-99.00249756899993,21.79250530800004],[-99.00269167699996,21.792361769000028],[-99.00277956899997,21.792242138000056],[-99.00293401499991,21.791907969000086],[-99.00303712299993,21.79156849200007],[-99.00307526199998,21.791252246000056],[-99.00311601499999,21.791011338000033],[-99.00322804599995,21.790779169000075],[-99.00339749199996,21.790460092000043],[-99.00353426199995,21.79023535400006],[-99.00357483099997,21.79011680000007],[-99.00362169199997,21.789786985000028],[-99.00371904599997,21.78937641500005],[-99.00382966199999,21.78912581500003],[-99.00402847699995,21.788895015000033],[-99.00421758500002,21.788646108000016],[-99.00434852299995,21.788587277000026],[-99.00451338499992,21.78848318500007],[-99.00468310799994,21.788338369000027],[-99.00491006199996,21.788100754000023],[-99.00509712299996,21.787974246000033],[-99.00535467699994,21.787822415000047],[-99.00554173799993,21.78765543100008],[-99.00563723099994,21.78749460000006],[-99.00582079999998,21.78703780000006],[-99.00585933799991,21.78693641500007],[-99.00586635399995,21.786789246000065],[-99.00567709199997,21.786455662000037],[-99.00556912299997,21.786267600000027],[-99.00540333799994,21.786033554000024],[-99.00517379999995,21.78587090800005],[-99.00457018499996,21.785438538000044],[-99.00432159999995,21.785253123000075],[-99.00423416899997,21.785071815000034],[-99.00424063099997,21.784666862000044],[-99.00422327699994,21.78436670800005],[-99.00421313799994,21.784109077000036],[-99.00414839999995,21.783729892000046],[-99.00410878499996,21.78356167700002],[-99.0041068,21.783426723000044],[-99.00414838499995,21.783316723000038],[-99.00424290799995,21.783172677000035],[-99.004403246,21.782967862000078],[-99.004628262,21.78302660000002],[-99.00514641499994,21.781628015000024],[-99.00483587699993,21.77986546200004],[-99.00385929199994,21.78005807700003],[-99.00159704599997,21.780093308000062],[-99.00008886199997,21.780098999999996],[-98.99975779999994,21.780058308000033],[-98.99936000000001,21.779688985000064],[-98.99879039999993,21.77923760000004],[-98.99865721499998,21.77869926200003],[-98.99852944599998,21.777746631000067],[-98.99949676899996,21.777664554000072],[-98.99891319999995,21.776879415000057],[-98.98393476899997,21.77687167700003],[-98.98367772299994,21.777266169000036],[-98.98322918499997,21.778069108000068],[-98.98318875399995,21.778226800000024],[-98.98143878499995,21.77605526200006],[-98.981407446,21.776008477000065],[-98.98040726199997,21.774558908000078],[-98.97992221499999,21.773863892000065],[-98.98148841499993,21.77326301500005],[-98.981263462,21.772911554000075],[-98.97860336899997,21.772630815000067],[-98.97857995399993,21.772585262000064],[-98.97815656899995,21.771761338000033],[-98.97766589199996,21.770806477000065],[-98.97737078499995,21.770232215000075],[-98.97697492299993,21.76946289200003],[-98.97694579999995,21.769405169000038],[-98.97657484599995,21.768964],[-98.97593073799997,21.768336446000028],[-98.97492092299994,21.768047923000037],[-98.97268816899997,21.76784027700006],[-98.97171747699996,21.76786843100007],[-98.97104175399993,21.76764484600005],[-98.96983693799996,21.76710373800006],[-98.96898763099995,21.766990338000028],[-98.96825963099997,21.76690527700003],[-98.96777435399996,21.76662207700002],[-98.96751009199996,21.76648907700007],[-98.96724584599998,21.76635607700007],[-98.96433967699994,21.764377092000075],[-98.96310893799992,21.763921923000055],[-98.96162773799995,21.763314523000076],[-98.96112218499997,21.762268908000067],[-98.96078559999995,21.761033785000052],[-98.96065903099998,21.760078400000054],[-98.96051601499994,21.758869554000057],[-98.96063852299991,21.75804904600005],[-98.96092223099998,21.75727238500008],[-98.96115955399996,21.75694087700003],[-98.96166950799996,21.75615473800008],[-98.96189709199997,21.755724831000062],[-98.96191164599999,21.75537552300005],[-98.96147803099994,21.754738462000034],[-98.96114772299994,21.754333538000026],[-98.96111006199999,21.753625585000066],[-98.96124133799998,21.753346954000047],[-98.961532692,21.753042999999998],[-98.96202583099992,21.752675815000032],[-98.96281061499995,21.752589231000055],[-98.96318235399995,21.752521846000032],[-98.96344055399999,21.75227127700003],[-98.96326801499998,21.751957508000036],[-98.96291480000001,21.751489677000052],[-98.96262552299999,21.751159338000036],[-98.96185247699995,21.748724723000066],[-98.96237606199996,21.74832936900003],[-98.96254153799997,21.747893708000053],[-98.96334083099995,21.74712967700003],[-98.96411727699994,21.746621108000053],[-98.96416549199998,21.746592108000073],[-98.96538573799994,21.74597913800005],[-98.96548079999995,21.74592955400004],[-98.96699570799994,21.745139108000043],[-98.96717730799996,21.74498547700006],[-98.96758824599998,21.744608077000066],[-98.96830618499995,21.74414892300007],[-98.96870093799997,21.74416495400004],[-98.96904792299995,21.744317508000048],[-98.96944219999993,21.74465207700007],[-98.96975201499997,21.74503235400004],[-98.97020335399996,21.745428492000027],[-98.97079695399997,21.745626923000028],[-98.97174215399994,21.745528969000077],[-98.97251527699994,21.74606303100006],[-98.97284741499996,21.746667077000037],[-98.973609862,21.746557692000064],[-98.9736882,21.745845846000062],[-98.97343290799994,21.74505567700004],[-98.97312275399996,21.744548677000065],[-98.97265743099996,21.744229954000044],[-98.97239136899996,21.744126062000078],[-98.97203663099997,21.74396446200007],[-98.97165883099994,21.743777169000055],[-98.97095516899998,21.743343369000055],[-98.97043358499995,21.742927831000024],[-98.97003476899994,21.74235470800005],[-98.96995818499994,21.74176732300003],[-98.97030638499996,21.74157507700005],[-98.97062143099998,21.74157513800003],[-98.97097849199996,21.74153596900004],[-98.971122446,21.74115587700004],[-98.97093661499996,21.740849600000043],[-98.97055863099995,21.74059458500005],[-98.97039067699994,21.740261185000065],[-98.97049023099996,21.73993123100007],[-98.97074795399998,21.73966886200003],[-98.97112279999997,21.739417462000066],[-98.97152000000001,21.73932007700006],[-98.9719,21.73959467700007],[-98.97213464599997,21.73999461500006],[-98.97223889199991,21.740339938000023],[-98.97257489199993,21.740634154000077],[-98.97345698499998,21.740771585000058],[-98.97362932299994,21.74123096900007],[-98.97402581499992,21.74151064600005],[-98.97448484599994,21.74142623100004],[-98.97453196899991,21.740750308000028],[-98.97437430799992,21.73994824600004],[-98.97420767699998,21.73930316900004],[-98.97391595399995,21.73851047700003],[-98.97405309199996,21.737901846000057],[-98.97455747699995,21.73788301500003],[-98.97478233799993,21.73769046200005],[-98.97483767699997,21.736908308000068],[-98.97544433799997,21.73635193800004],[-98.97594213799988,21.735995800000072],[-98.97641472299995,21.735617123000054],[-98.97671193799991,21.73511970800007],[-98.97645595399993,21.73473975400003],[-98.97617784599996,21.734486523000044],[-98.97582115399995,21.734295308000075],[-98.97489784599996,21.734152523000034],[-98.97439966199993,21.73405092300004],[-98.97462233799995,21.733713631000054],[-98.97528156899993,21.73341515400006],[-98.97552026199997,21.733259538000024],[-98.97580375399994,21.73325115400008],[-98.97636006199997,21.733240292000055],[-98.97673049199993,21.733280985000082],[-98.977261292,21.73328169200005],[-98.97772824599997,21.733191446000035],[-98.97801898499995,21.732954862000046],[-98.97834784599993,21.73243978500005],[-98.97857461499994,21.731905538000035],[-98.97886232299996,21.73101161500006],[-98.97906130799997,21.73035373800008],[-98.97937866199999,21.72972276900003],[-98.97987526199995,21.72959404600004],[-98.98005450799995,21.730070538000064],[-98.98000493799998,21.730735031000044],[-98.98036421499995,21.73064803100004],[-98.98085796899994,21.72978298500004],[-98.98110573799994,21.729293538000032],[-98.98134764599995,21.72891936900004],[-98.98159043099997,21.72866858500003],[-98.98178201499994,21.728473415000053],[-98.98212044599997,21.728150308000068],[-98.98228109199992,21.72831907700003],[-98.98232392299995,21.728773800000052],[-98.98205290799994,21.729424323000046],[-98.98228209199999,21.72959809200006],[-98.98278279999992,21.729610123000043],[-98.98302056899996,21.72938827700005],[-98.98329156899996,21.728870277000052],[-98.98345939999997,21.728014938000054],[-98.98348524599999,21.727593292000044],[-98.98342146199997,21.727091231000028],[-98.98362938499999,21.726739999999996],[-98.98409467699997,21.726425769000063],[-98.98470272299993,21.726094785000043],[-98.98504310799994,21.725833046000044],[-98.98568753799997,21.725455662000062],[-98.98611436899996,21.72513687700006],[-98.98648304599998,21.725117508000036],[-98.986919292,21.725349754000028],[-98.98750607699995,21.72557204600002],[-98.98807366199998,21.72550993800007],[-98.98849375399998,21.72520680000002],[-98.98910198499998,21.72451938500006],[-98.98926704599997,21.724248477000057],[-98.98948146199997,21.72412753800006],[-98.98987878499996,21.724346092000076],[-98.99016538499997,21.724400062000033],[-98.99030595399995,21.72432329200006],[-98.99032944599999,21.724120508000052],[-98.99011441499994,21.723909431000035],[-98.99055413799992,21.72295356900003],[-98.99135956899995,21.72297003100004],[-98.99188389199998,21.722356569000056],[-98.99244430799995,21.721593],[-98.99296193799992,21.72107261500003],[-98.99323684599993,21.720765508000056],[-98.99342219999994,21.719906708000057],[-98.99352106199997,21.719560846000036],[-98.99355836899997,21.719325215000026],[-98.993554938,21.71826255400003],[-98.99333807699995,21.717391723000052],[-98.99319850799998,21.716336138000027],[-98.99272344599997,21.715020323000033],[-98.99307964599997,21.71495530800008],[-98.99350521499997,21.714889908000035],[-98.99383506199995,21.714930985000027],[-98.99414292299997,21.714910462000038],[-98.994406815,21.714777],[-98.99430787699995,21.714438169000065],[-98.99402404599995,21.714131108000064],[-98.99380196899995,21.714079462000036],[-98.99371724599996,21.71380813800005],[-98.993959385,21.713536831000052],[-98.99450150799998,21.713530831000067],[-98.99483987699992,21.71347718500004],[-98.99519419999994,21.71341252300004],[-98.99525472299996,21.71323164600005],[-98.995216569,21.713053892000065],[-98.99534996899996,21.71272767700003],[-98.99470046199998,21.712453908000043],[-98.99513927699995,21.711280692000063],[-98.994583662,21.711130015000037],[-98.99411650800002,21.710894708000076],[-98.99468849199997,21.70998838500003],[-98.99547019999991,21.710113231000033],[-98.99602647699999,21.709548708000057],[-98.99612483099997,21.709076708000055],[-98.99594544599996,21.708453662000068],[-98.99611667699997,21.70825456900008],[-98.99655455399994,21.708951369000037],[-98.99716606199998,21.708970200000067],[-98.99741870799994,21.708741246000038],[-98.99732758499994,21.707782923000025],[-98.99764490799998,21.70760043100006],[-98.99802553799998,21.708352138000066],[-98.99886513799997,21.70819855400003],[-98.99919724599994,21.70790581500006],[-98.99954858499996,21.707593215000028],[-98.99977733799992,21.70825095400005],[-99.000666246,21.708026892000074],[-99.00147341499995,21.70755338500004],[-99.00163761499992,21.707457677000036],[-99.00141793799996,21.707074600000055],[-99.00156953799996,21.706288569000037],[-99.0020158149999,21.70628313800006],[-99.00240581499995,21.70591487700005],[-99.00257896899994,21.705331415000046],[-99.00384126199998,21.706530338000046],[-99.00439596899997,21.706396185000074],[-99.0045826,21.706123800000054],[-99.00525390799999,21.705816862000063],[-99.00565553799997,21.70543038500005],[-99.00581375399996,21.705032538000065],[-99.00574493799994,21.704664062000067],[-99.00586541499995,21.704438999999997],[-99.00618053799994,21.704378400000056],[-99.00650747699994,21.70425958500004],[-99.00733073799994,21.70400547700007],[-99.00797481499994,21.70360783100005],[-99.00851141499997,21.703160538000077],[-99.00870396899995,21.702865585000037],[-99.00864232299992,21.702592231000033],[-99.00837999999999,21.702519785000046],[-99.00796383099998,21.702465954000047],[-99.00782190799998,21.702323231000026],[-99.00792013799996,21.70209892300005],[-99.00824273799996,21.701868000000005],[-99.00890996899994,21.701075138000082],[-99.00958218499993,21.700217292000044],[-99.01001641499994,21.699194308000077],[-99.01009878499997,21.69902524600008],[-99.00945430799999,21.698052369000038],[-99.00844498499998,21.69831649200006],[-99.00857430799991,21.69724364600006],[-99.01174407699993,21.696543062000046],[-99.01168012299995,21.696224369000053],[-99.01090243099996,21.696563600000047],[-99.01050981499998,21.696593723000035],[-99.01018361499995,21.696345692000026],[-99.01038213799993,21.69487746200003],[-99.01146638499996,21.694679062000034],[-99.01206659999997,21.694278338000064],[-99.01162049199998,21.69371764600004],[-99.01162778499999,21.693618231000073],[-99.0122616,21.693451985000028],[-99.01252364599998,21.69316326200004],[-99.01263430799996,21.692463646000075],[-99.01343179999998,21.691925615000066],[-99.01304769199999,21.690684154000056],[-99.01322546199998,21.690089108000056],[-99.01361727699998,21.689948323000067],[-99.01428038499996,21.690004569000056],[-99.01506403099995,21.689849662000032],[-99.01573367699994,21.689316846000047],[-99.01626115399995,21.689190846000027],[-99.01705459999995,21.68925366200006],[-99.01763558499994,21.68903313800007],[-99.01792138499997,21.688354554000057],[-99.01784869199997,21.687692969000064],[-99.01797566199998,21.686726031000028],[-99.017975585,21.68616621500007],[-99.01839313799994,21.68580993800003],[-99.01862909199998,21.685233138000054],[-99.018901385,21.68492775400006],[-99.01901024599992,21.684334015000047],[-99.01877415399993,21.683876015000067],[-99.01828395399997,21.68382518500005],[-99.01772113799994,21.684028815000033],[-99.01736000000001,21.68382527700004],[-99.01724893799995,21.683486323000068],[-99.01708886199995,21.68306272300003],[-99.01708879999995,21.682526985000028],[-99.01707539999995,21.68195386200006],[-99.01702201499995,21.681542708000052],[-99.01674196899995,21.681343385000044],[-99.01650192299995,21.681144062000044],[-99.01640852299992,21.680658154000074],[-99.01654183099997,21.680309292000057],[-99.01656844599997,21.679910585000076],[-99.01678178499998,21.679761062000072],[-99.01699510799993,21.679524308000055],[-99.01741484599997,21.67886469200005],[-99.017565769,21.67819444600008],[-99.01732033799998,21.677912262000067],[-99.01682953799997,21.67775356900006],[-99.01639535399993,21.677471415000078],[-99.01611141499995,21.677005754000056],[-99.01571496899999,21.67667067700006],[-99.01507350799993,21.676562138000065],[-99.01497239999995,21.676278785000026],[-99.01500423099998,21.675870646000078],[-99.01486335399994,21.675148600000057],[-99.01518821499994,21.674556538000047],[-99.01533812299998,21.67419480000007],[-99.01535864599998,21.673800554000028],[-99.01530713799993,21.673627462000074],[-99.01509183099994,21.67321041500003],[-99.01478386199994,21.67274940000004],[-99.01524210799992,21.67196795400003],[-99.01583116899994,21.67170575400008],[-99.01626000000002,21.671191123000035],[-99.01619712299996,21.670737800000037],[-99.01641635399992,21.670472646000064],[-99.01677703099992,21.67035626200004],[-99.017313292,21.670159738000056],[-99.01722563099999,21.669791523000075],[-99.01743206199995,21.669560015000062],[-99.01783347699995,21.669601338000064],[-99.01873953799995,21.669096831000044],[-99.01890856899995,21.668633723000028],[-99.01942441499995,21.66825581500007],[-99.01957770799996,21.66768253800006],[-99.01919673799995,21.667129785000043],[-99.01906933799995,21.666329231000073],[-99.01911539999998,21.66595064600006],[-99.01910132299996,21.665653646000063],[-99.01904993799995,21.66520510800007],[-99.01937686199993,21.664948385000063],[-99.01953376899996,21.66474056900006],[-99.01942915399995,21.664447231000047],[-99.01854163099995,21.663745462000065],[-99.01792479999996,21.663594538000037],[-99.01741075399997,21.663457369000074],[-99.017352,21.663169154000062],[-99.01758695399995,21.66296330800003],[-99.01740992299995,21.662775200000056],[-99.01730518499991,21.662454938000053],[-99.01685198499995,21.662302569000076],[-99.01662346200001,21.66232038500004],[-99.01633783099994,21.662427123000043],[-99.01607118499997,21.662124800000072],[-99.01609015399995,21.66144898500005],[-99.01609007699993,21.660879846000057],[-99.01569090799994,21.660374692000065],[-99.01535698499998,21.660305354000062],[-99.01448529199996,21.660761],[-99.01444716899992,21.660405308000065],[-99.01469467699997,21.65992509200004],[-99.01447481499996,21.659460138000046],[-99.01399,21.65907146200005],[-99.01391378499996,21.65871576900003],[-99.01357096899994,21.65832453800004],[-99.01286632299995,21.657719908000047],[-99.01242827699996,21.65697296900004],[-99.012675431,21.65624269200003],[-99.012980385,21.655461200000047],[-99.01309458499998,21.65482092300005],[-99.01290096899999,21.65433241500006],[-99.01234873799993,21.654421385000035],[-99.01179647699995,21.65422578500005],[-99.01151081499995,21.65390567700007],[-99.01105378499996,21.653727846000034],[-99.01082526199998,21.65351444600003],[-99.01092044599996,21.653158738000066],[-99.01099658499999,21.652838600000056],[-99.01065381499996,21.652660785000027],[-99.01013966199999,21.652482969000065],[-99.010196754,21.65205612300003],[-99.01021576899997,21.651558138000045],[-99.01002530799995,21.65106016900007],[-99.00969858499995,21.65085426200006],[-99.00961427699997,21.651075523000035],[-99.00924932299992,21.65098710800004],[-99.00912072299995,21.650682015000033],[-99.00896861499996,21.650455600000047],[-99.00857766199992,21.650500677000025],[-99.00826586199997,21.65038787700007],[-99.00795412299998,21.65021870800007],[-99.00785350799998,21.64988036900008],[-99.00800432299994,21.649560785000062],[-99.00823243099994,21.649378169000048],[-99.00813512299995,21.648881646000067],[-99.00781336899996,21.648574015000065],[-99.00789569199998,21.64809843100005],[-99.00797089199993,21.64742095400004],[-99.00783890799993,21.647184554000034],[-99.00754192299995,21.64731816900008],[-99.00731947699994,21.648063508000064],[-99.00702016899999,21.64829429200006],[-99.00662490800002,21.648265123000044],[-99.00646724599994,21.64795493800006],[-99.00618436899998,21.64777109200003],[-99.00591041499995,21.64788884600006],[-99.00585521499993,21.648189138000077],[-99.00564209199995,21.648282062000078],[-99.00540063099997,21.648202431000072],[-99.00503129199994,21.64734620000007],[-99.00401369199996,21.64612660000006],[-99.00377732299992,21.64586687700006],[-99.00346466199994,21.645182262000045],[-99.00233015399998,21.644746446000056],[-99.00139712299992,21.64424847700008],[-99.00101629199997,21.64335923100003],[-99,21.642683400000067],[-98.99954795399998,21.642383662000043],[-98.99939939999997,21.642271569000055],[-98.99943941499998,21.64203664600006],[-98.99961078499996,21.641929846000036],[-98.999890646,21.641897815000053],[-98.99911386199996,21.637730862000073],[-98.99891873799996,21.636451815000047],[-98.99810927699997,21.635710138000032],[-98.99750400000002,21.63546764600005],[-98.99682872299995,21.635116600000057],[-98.99616630799993,21.635151938000035],[-98.99576801499994,21.63526678500006],[-98.99545386199998,21.635232185000064],[-98.99525016899997,21.635084154000033],[-98.99507595399996,21.634905492000037],[-98.99520667699994,21.634441277000064],[-98.99562486199994,21.634196985000077],[-98.99623916899999,21.634197000000004],[-98.996422092,21.63401378500004],[-98.99634373799995,21.633769477000044],[-98.99593158499992,21.633634308000072],[-98.99576856899995,21.633146877000055],[-98.995794677,21.632718015000027],[-98.99581813799992,21.63189990800004],[-98.99545569199994,21.631736785000044],[-98.99511227699996,21.63140120000003],[-98.99548252299994,21.630971292000034],[-98.99561843099997,21.630446969000047],[-98.99525244599995,21.630502538000027],[-98.99499949199999,21.630389046000065],[-98.994951846,21.630089308000038],[-98.99526261499994,21.629897138000047],[-98.99551559999998,21.629641754000033],[-98.99551141499994,21.629309831000054],[-98.99473216899995,21.628782123000065],[-98.99408469199996,21.628053046000048],[-98.99417301499994,21.627323938000075],[-98.99429072299996,21.626966262000053],[-98.994628892,21.626786585000044],[-98.99327223099998,21.625384708000073],[-98.99277207699996,21.62499950800003],[-98.99327090799994,21.624075754000053],[-98.99334753799994,21.62302813800005],[-98.99285352299995,21.622373631000073],[-98.99306015399996,21.621923215000034],[-98.99299013799997,21.621713185000033],[-98.992873692,21.621542138000052],[-98.99261890799994,21.621436831000032],[-98.99222000000002,21.621316831000055],[-98.99213118499995,21.621100892000076],[-98.99233652299993,21.62080096900008],[-98.99236223099996,21.620273138000076],[-98.99218413799996,21.619597569000067],[-98.99209059999998,21.61937320000004],[-98.99204518499994,21.619353262000065],[-98.99198623099994,21.619279338000073],[-98.99199743099994,21.61910007700004],[-98.99208309199997,21.61897115400007],[-98.99205987699995,21.61870527700006],[-98.99190478499999,21.618524723000068],[-98.99173193799997,21.618563],[-98.99153189199995,21.61830455400008],[-98.991265308,21.61763053800007],[-98.99116213799992,21.617533692000055],[-98.99089978499995,21.617487154000063],[-98.99041509199999,21.617071631000048],[-98.99070126199997,21.61675438500004],[-98.99068404599997,21.616611062000064],[-98.99034790799998,21.616215877000062],[-98.99072267699995,21.613971862000035],[-98.99087041499993,21.613697600000023],[-98.99082639999993,21.613524462000047],[-98.99058683099996,21.61316720000008],[-98.9905748,21.613087431000057],[-98.990383308,21.612921708000048],[-98.99058661499998,21.612689077000024],[-98.99067355399994,21.612653815000044],[-98.99063133799994,21.612422846000072],[-98.990515492,21.612280846000033],[-98.99048367699999,21.61216558500007],[-98.99042956899997,21.612173277000068],[-98.99051049199996,21.611996108000035],[-98.99067839999998,21.61185146200007],[-98.99083290799996,21.611428846000027],[-98.99073847699997,21.611251600000067],[-98.99070596899996,21.611135292000036],[-98.99106515399995,21.611058908000082],[-98.99137030799993,21.61053332300003],[-98.99213835399993,21.609782600000074],[-98.99208792299997,21.609636215000023],[-98.99221149199997,21.609398338000066],[-98.99219106199995,21.609370754000057],[-98.99268447699995,21.60864793800004],[-98.99320010799994,21.60768438500003],[-98.99405950799996,21.60602493800008],[-98.99437807699994,21.60328530800007],[-98.99531935399992,21.600853646000083],[-98.99576230799993,21.599544692000052],[-98.99635501499995,21.59823116900003],[-98.99658170799995,21.59722507700008],[-98.99668983099997,21.596465954000056],[-98.99742676899999,21.594752077000066],[-98.99763330799999,21.59365787700005],[-98.99867073799997,21.593313031000033],[-98.99917729199994,21.592939262000073],[-98.999443892,21.592341231000027],[-98.99888996899995,21.59125764600003],[-98.99808267699994,21.590731815000026],[-98.99797653799999,21.59066264600005],[-98.99800423099998,21.590197],[-98.99814452299995,21.58739456900003],[-98.99833801499992,21.587140908000034],[-98.99886232299995,21.586905862000037],[-98.99902163099996,21.586296215000058],[-98.99905793799995,21.58578746200004],[-98.99952970799997,21.58531263100002],[-98.99978373799995,21.584532538000072],[-99,21.58366555400005],[-99.00042656899996,21.583544723000042],[-99.00080107699993,21.58338318500006],[-99.00113236899993,21.583087015000046],[-99.001445662,21.582742800000055],[-99.00198255399991,21.582294769000043],[-99.00242358499997,21.581990108000074],[-99.00328646199996,21.581685431000036],[-99.00442067699998,21.58140938500003],[-99.00501219999994,21.580466769000054],[-99.00519727699997,21.579541385000027],[-99.00524949199996,21.57842638500005],[-99.00638213799998,21.577682138000057],[-99.00791932299995,21.57114780000006],[-99.00567566199999,21.57087001500003],[-99.00163919999994,21.570807062000036],[-99.00154853799994,21.570805646000053],[-99.001078985,21.57079832300008],[-99.00139595399995,21.57042196900005],[-99.00148686199995,21.570314046000078],[-99.00244253799994,21.569179292000054],[-99.00262255399996,21.568965554000044],[-99.00311844599997,21.568376723000032],[-99.00374232299995,21.56763593800002],[-99.00390764599997,21.567439631000067],[-99.00447806199996,21.56676232300003],[-99.00519612299993,21.56607127700005],[-99.00696119999998,21.56437255400004],[-99.007350262,21.563998123000037],[-99.00867444599999,21.56246492300005],[-99.014117431,21.557135677000076],[-99.01659721499998,21.554529369000026],[-99.01858207699993,21.552707046000023],[-99.02037523099992,21.55180735400006],[-99.02304659999997,21.551545600000054],[-99.02954183099993,21.55118867700003],[-99.02962410799995,21.550610569000067],[-99.02966701499996,21.54844912300006],[-99.02982389199997,21.547991108000083],[-99.02983729199994,21.546168600000044],[-99.02976690799993,21.545395277000065],[-99.02896623099996,21.542471],[-99.02907670799999,21.54150181500006],[-99.02885535399994,21.541012677000026],[-99.02861139999996,21.540660508000027],[-99.02841467699993,21.54023421500005],[-99.02834853799996,21.539800523000057],[-99.02781458499999,21.539138169000076],[-99.02739881499994,21.538298108000053],[-99.02689487699993,21.53621010800003],[-99.02665958499996,21.53578513800005],[-99.02638355399993,21.535026262000027],[-99.02606532299994,21.534373185000053],[-99.02579595399997,21.53360689200002],[-99.02576376899998,21.53202884600006],[-99.024123585,21.528594523000034],[-99.02370741499996,21.52837487700003],[-99.01725196899999,21.518337446000032],[-99.01671406199996,21.51750098500003],[-99.01596027699995,21.51573241500006],[-99.01294533799994,21.508658092000076],[-99.00756879999994,21.502809462000076],[-99.01266398499997,21.49636],[-99.01707559999994,21.49108118500004],[-99.02207592299997,21.495157646000052],[-99.04032807699996,21.485714538000018],[-99.04984773799997,21.481767892000047],[-99.06141130799993,21.48360926200007],[-99.06991226199995,21.488013708000036],[-99.07010598499994,21.48775363100003],[-99.07053495399997,21.487256077000033],[-99.07061326199995,21.486434662000022],[-99.07064635399993,21.485709185000072],[-99.07093919999993,21.485730908000043],[-99.07114106199998,21.486364062000064],[-99.07143672299995,21.486652092000035],[-99.07169309199998,21.487070046000042],[-99.07220113799994,21.48855778500007],[-99.07478953799993,21.488460062000055],[-99.07499375399996,21.48859629200006],[-99.08872847699993,21.488138354000053],[-99.12929473799993,21.486779231000064],[-99.12943724599992,21.496408862000067],[-99.12949621499993,21.500393492000057],[-99.12973596899994,21.500830523000044],[-99.12975056899992,21.501218415000043],[-99.12976878499994,21.50170258500003],[-99.13033941499997,21.50211304600003],[-99.13074999999999,21.502874046000045],[-99.13150501499996,21.50422986200004],[-99.13232832299992,21.505846015000028],[-99.13319818499996,21.507651400000046],[-99.13428836899999,21.50976686200005],[-99.13542987699996,21.51183612300003],[-99.13593087699992,21.513211046000038],[-99.13692035399995,21.514076354000053],[-99.13743523099997,21.516016815000057],[-99.13797416899993,21.518154385000063],[-99.13820472299993,21.519068785000066],[-99.13925639999995,21.52311493800005],[-99.13993359999995,21.52590055400003],[-99.14017172299997,21.52687998500005],[-99.14146503099994,21.532245462000052],[-99.14207267699996,21.534587938000072],[-99.14228219999994,21.535439554000043],[-99.14226241499995,21.536428462000064],[-99.14191593799995,21.53738810800008],[-99.14116775399998,21.538293585000073],[-99.1404562,21.539882785000035],[-99.13995918499995,21.540816215000063],[-99.13960844599995,21.54198775400005],[-99.13993484599995,21.543288938000046],[-99.14077270799996,21.543785831000033],[-99.140424323,21.544752862000053],[-99.14036506199993,21.544917308000034],[-99.13995344599994,21.546582262000072],[-99.13940810799991,21.54824833800006],[-99.13922835399994,21.548765200000044],[-99.13882652299995,21.549920600000064],[-99.13868418499999,21.550419400000067],[-99.13853438499994,21.55082952300006],[-99.13838626199997,21.551349800000022],[-99.13816164599997,21.552133123000033],[-99.13792156899996,21.552787431000066],[-99.137750569,21.553318723000075],[-99.13736755399997,21.55441866200005],[-99.13718306199996,21.555376692000035],[-99.13696995399992,21.55619896900004],[-99.13649710799994,21.55787730800006],[-99.13601029199998,21.55917550800007],[-99.13572519999995,21.559967262000047],[-99.13532316899993,21.56108536900007],[-99.13399958499996,21.56556089200006],[-99.13371052299999,21.566543338000024],[-99.13232410799996,21.571255015000084],[-99.13169549199996,21.57371712300005],[-99.13122595399993,21.575781600000028],[-99.13050710799993,21.578972277000044],[-99.12981276899994,21.57969023100003],[-99.12896832299995,21.580358431000036],[-99.12828730799995,21.58166546200005],[-99.1280765229999,21.583381169000067],[-99.12846763099996,21.58647360000003],[-99.12838990799995,21.587836831000057],[-99.12827979999996,21.588920800000036],[-99.12822595399996,21.58932129200002],[-99.12827436899993,21.589557477000028],[-99.12829736899992,21.58981704600006],[-99.12852106199995,21.590196046000074],[-99.12869613799991,21.590362415000076],[-99.12887183099993,21.590458062000042],[-99.12909793799994,21.590554077000036],[-99.12937326199993,21.590791954000053],[-99.12957336899993,21.59098210800005],[-99.12994793799996,21.591409385000073],[-99.13019666199995,21.591812138000023],[-99.13041955399994,21.592285446000062],[-99.13049298499999,21.592545400000063],[-99.13056179999995,21.593347708000067],[-99.13047993799994,21.594078154000048],[-99.13046867699994,21.595398677000045],[-99.13060932299996,21.59664958500002],[-99.13151723099996,21.596632769000053],[-99.13217238499996,21.59668481500006],[-99.13292759999993,21.596831923000025],[-99.13348190799994,21.596883215000048],[-99.13378387699996,21.596956200000026],[-99.13398458499995,21.597075615000055],[-99.13433638499995,21.597219723000027],[-99.13476461499991,21.597270062000067],[-99.13509179999993,21.597343246000033],[-99.13576318499996,21.59845658500006],[-99.13651101499993,21.59947618500007],[-99.13739113799991,21.601115908000057],[-99.13747859999992,21.601346354000043],[-99.13772735399996,21.601749092000027],[-99.13790106199997,21.60208053800005],[-99.13810058499995,21.602341415000073],[-99.13842438499992,21.60281546200003],[-99.13872406199992,21.603751046000074],[-99.13948035399991,21.60429072300008],[-99.14045,21.604985492000036],[-99.14091136899995,21.605311846000063],[-99.15140192299997,21.612796631000034],[-99.151463585,21.612846323000046],[-99.16216832299992,21.620244523000054],[-99.164929923,21.622183754000048],[-99.16735027699994,21.623883262000053],[-99.16942919999997,21.62549676900005],[-99.17189550799995,21.627031477000063],[-99.17094104599992,21.62830138500004],[-99.16888955399993,21.63098212300003],[-99.16945421499996,21.631446277000066],[-99.17056987699999,21.633600723000036],[-99.17123329199995,21.63488176900007],[-99.17323461499994,21.63807518500005],[-99.17358536899994,21.638988985000033],[-99.17403979999992,21.64102561500005],[-99.17585106199998,21.64521966200004],[-99.17844172299995,21.651952308000034],[-99.18035727699996,21.65516720000005],[-99.18166790799992,21.661396985000067],[-99.18361896899995,21.66397598500004],[-99.18810832299991,21.66991709200005],[-99.18674107699992,21.67115880000006],[-99.18637684599994,21.67166335400003],[-99.18598092299995,21.673161785000048],[-99.18622298499997,21.67514376900004],[-99.18653906199995,21.67641733800008],[-99.18797923099997,21.678439523000062],[-99.18989963099993,21.680135892000067],[-99.19154261499993,21.68078270800003],[-99.19521784599996,21.68117415400008],[-99.19923821499997,21.682714338000032],[-99.20146358499996,21.68503723100002],[-99.20287846199993,21.685622769000076],[-99.20366726199995,21.686584923000055],[-99.20405316899996,21.688167354000033],[-99.20266990799996,21.69044],[-99.20176547699998,21.69190607700006],[-99.20152356899996,21.69451744600008],[-99.20174464599995,21.697982046000053],[-99.20257104599993,21.70344532300004],[-99.20126216899996,21.707199169000035],[-99.2003008,21.707077708000046],[-99.19942475399995,21.70696729200006],[-99.196625785,21.716292800000076],[-99.19229735399993,21.729276385000045],[-99.18706046199998,21.737178846000067],[-99.18525049199995,21.739910477000027],[-99.17884246199995,21.740576431000022],[-99.17662679999995,21.74075503100005],[-99.1735021379999,21.741282969000054],[-99.17333406199997,21.741270154000066],[-99.17170384599994,21.741145785000075],[-99.16317603099996,21.74049492300003],[-99.17203830799991,21.78472607700007],[-99.17244644599997,21.786925800000063],[-99.17399121499992,21.789610277000058],[-99.18004972299995,21.800137523000043],[-99.18042390799995,21.801477769000034],[-99.18069166199994,21.802295123000086],[-99.18042550799997,21.802448999999996],[-99.18031338499996,21.802521400000046],[-99.18022761499998,21.802797062000025],[-99.18017012299995,21.803009431000078],[-99.18009644599992,21.803125154000046],[-99.18001149199995,21.803571569000045],[-99.17983769199996,21.80385183100003],[-99.17969764599995,21.80404172300007],[-99.17957747699991,21.80441498500005],[-99.17963413799995,21.804782631000023],[-99.17978158499992,21.80493878500005],[-99.17991932299994,21.80506510800007],[-99.18007115399992,21.805094769000053],[-99.18026393799994,21.805069262000075],[-99.18036652299993,21.805103477000046],[-99.18052033799994,21.80508704600004],[-99.18072624599995,21.805113923000082],[-99.18129712299996,21.805167508000068],[-99.18154273799993,21.80521964600006],[-99.18168418499994,21.805216769000026],[-99.18186778499995,21.805275292000033],[-99.18203147699992,21.805340169000033],[-99.18214575399995,21.805358108000068],[-99.18223026199995,21.80546913800003],[-99.1827107079999,21.80570352300003],[-99.18286932299993,21.805884031000065],[-99.18297169199994,21.80604655400003],[-99.1830682,21.80608258500007],[-99.18335818499995,21.806106646000046],[-99.18388703099995,21.806346385000033],[-99.18437856899997,21.806541892000038],[-99.18460629199996,21.80660216900003],[-99.18472610799994,21.80671587700004],[-99.18486343099994,21.806740123000054],[-99.18511550799994,21.806697369000066],[-99.18538999999998,21.80653624600006],[-99.18577173799993,21.80608860000007],[-99.18603078499994,21.805832615000043],[-99.18645363099995,21.805279215000038],[-99.18655886199996,21.80525380000006],[-99.18662950799995,21.805193185000064],[-99.18704792299994,21.80495781500003],[-99.18748010799997,21.804593215000068],[-99.18736869199995,21.80447227700006],[-99.18766489199999,21.804141277000042],[-99.18816478499997,21.803773],[-99.18849539999994,21.803722923000066],[-99.18873887699996,21.80354647700005],[-99.18888998499993,21.803252662000034],[-99.18879841499992,21.80284621500004],[-99.18886255399993,21.80262207700002],[-99.18947223099993,21.801139677000034],[-99.19084452299994,21.80095740000008],[-99.19187987699993,21.801749446000027],[-99.19352087699995,21.803769508000073],[-99.19585407699996,21.80424560000006],[-99.19724632299993,21.806472815000063],[-99.19866426199997,21.807311354000035],[-99.20059166199997,21.80665852300007],[-99.20179378499996,21.806464615000042],[-99.20250961499994,21.80711116900006],[-99.20295867699994,21.809808877000027],[-99.20338712299994,21.807126892000042],[-99.20332153799994,21.806718600000064],[-99.2033817079999,21.806674846000078],[-99.20324124599996,21.80646386200004],[-99.20298635399993,21.806220954000025],[-99.20216852299994,21.805988092000067],[-99.20167995399999,21.80462889200004],[-99.20241992299998,21.804428092000023],[-99.20679289199992,21.804447246000052],[-99.20792236899997,21.805014569000033],[-99.20794301499996,21.804578477000067],[-99.21240619999995,21.805413338000047],[-99.21241876899995,21.80578796900005],[-99.21226406199999,21.805850523000064],[-99.21210293799996,21.805900846000043],[-99.21445484599997,21.80684444600007],[-99.21473995399998,21.80693507700005],[-99.21616209199999,21.807285938000067],[-99.21640921499994,21.805034446000036],[-99.21652336899999,21.80490004600006],[-99.21630155399997,21.80268949200007],[-99.21612447699994,21.802434754000046],[-99.21600887699996,21.80243712300006],[-99.21595783099995,21.802178123000036],[-99.21645655399998,21.801914831000033],[-99.216620231,21.80191741500005],[-99.21757879999994,21.801751046000053],[-99.21769618499997,21.801703508000056],[-99.21774755399996,21.80188740000006],[-99.21789615399993,21.802892169000078],[-99.21820749199998,21.804468554000035],[-99.22338498499991,21.803820877000074],[-99.22412712299995,21.80373770800003],[-99.22438146199994,21.80441147700003],[-99.22051841499996,21.805967677000073],[-99.22343293799995,21.806188538000068],[-99.23033858499996,21.80741203100007],[-99.22346861499993,21.809503692000078],[-99.224959062,21.814724754000054],[-99.22652083099993,21.816752708000028],[-99.22338843099998,21.817569723000084],[-99.22470041499996,21.821587046000047],[-99.22457198499995,21.826681708000027],[-99.22634379999994,21.829823646000026],[-99.22416755399995,21.830966262000064],[-99.22502999999999,21.830887908000026],[-99.22580524599991,21.830717569000058],[-99.22654055399993,21.83060578500005],[-99.22724049199996,21.830725738000073],[-99.22773375399997,21.83125712300006],[-99.22827896899996,21.831860985000052],[-99.22939526199997,21.83302027700006],[-99.23027784599998,21.833889692000074],[-99.230926631,21.834420831000042],[-99.23173053799994,21.834709923000048],[-99.23288135399993,21.834980954000066],[-99.23376,21.834641123000043],[-99.23391763099994,21.83471346200003],[-99.23446150799998,21.834470846000045],[-99.23490155399996,21.834131631000048],[-99.23536718499996,21.83359890800006],[-99.23598798499992,21.832848308000056],[-99.23681616899995,21.832145785000026],[-99.23829313799995,21.831950185000043],[-99.238967985,21.83255381500004],[-99.23910186199998,21.835141338000028],[-99.23972784599992,21.837510492000035],[-99.24008778499996,21.839305154000048],[-99.24000539999997,21.840773354000078],[-99.24021221499999,21.84205421500008],[-99.24065966200001,21.84287141500005],[-99.24226889199997,21.844012323000076],[-99.243708,21.84409663100007],[-99.24565156899996,21.843876092000077],[-99.24658512299996,21.844140723000066],[-99.24685147699995,21.84485369200008],[-99.247478662,21.847870631000035],[-99.24894664599996,21.85129981500006],[-99.24933843099994,21.852215015000073],[-99.24902029199995,21.853197369000046],[-99.24891463100002,21.853523631000026],[-99.24756827699997,21.85442047700008],[-99.24715507699995,21.855315908000026],[-99.24689832299997,21.85674316900003],[-99.24716369199997,21.859705908000027],[-99.24752947699996,21.861374062000042],[-99.24773835399994,21.862244385000047],[-99.24789496899999,21.862872938000066],[-99.24809241499996,21.86341767700003],[-99.24811035399992,21.863467185000047],[-99.24938964599995,21.864716154000064],[-99.25053247699996,21.86675776900006],[-99.24998523099997,21.869414046000028],[-99.249083785,21.872651031000032],[-99.24889687699991,21.874544938000042],[-99.24938676899995,21.87578241500006],[-99.24999259999998,21.876659492000044],[-99.25010884599996,21.87717935400008],[-99.25013226199995,21.877644492000062],[-99.24997050799996,21.87887321500006],[-99.24826621499993,21.886013154000068],[-99.24623273799992,21.889763523000056],[-99.24457190799994,21.89129738500003],[-99.24394643099998,21.891429954000046],[-99.24278726199998,21.891430077000052],[-99.24167993799995,21.891108354000043],[-99.24035058499999,21.891530123000056],[-99.24015829199998,21.891300538000053],[-99.23812126199994,21.89090592300005],[-99.23780638499994,21.892109431000048],[-99.23832386199997,21.89545044600004],[-99.23941070799998,21.897084800000076],[-99.23982658499995,21.897227108000035],[-99.24092952299998,21.89702580000005],[-99.24202084599995,21.896295262000027],[-99.24308036899998,21.895754492000037],[-99.24455853799998,21.89576229200003],[-99.24568338499996,21.895850477000067],[-99.24619841499995,21.896368954000025],[-99.24679889199996,21.89673750800005],[-99.24772040000002,21.89693583100006],[-99.24854795399992,21.897205662000037],[-99.24926461499999,21.897685585000033],[-99.24976692299995,21.89818953800005],[-99.25021910799995,21.898724538000064],[-99.25030650799991,21.89898458500005],[-99.25016972299994,21.89926630800005],[-99.25034099999999,21.899666462000027],[-99.25048584599993,21.90012813800007],[-99.25071693799997,21.90048764600004],[-99.25075781499996,21.900804462000057],[-99.25076,21.90158301500003],[-99.25065346199996,21.902888477000033],[-99.25069809199992,21.90402335400006],[-99.2508471689999,21.904979015000038],[-99.25103623099993,21.905457646000052],[-99.25119056899997,21.906029154000066],[-99.25119955399995,21.90655573800007],[-99.25120658499998,21.90674106200003],[-99.25157415399995,21.906741292000042],[-99.25153621499997,21.90705241500007],[-99.25186256899997,21.90957178500003],[-99.25350887699992,21.911888262000048],[-99.25409718499998,21.913095200000043],[-99.25430769199994,21.91460935400005],[-99.25383450799994,21.916222708000078],[-99.25367626199994,21.917475431000074],[-99.25383267699999,21.91907310800008],[-99.25402793799998,21.92056956900006],[-99.25506290799994,21.922792954000037],[-99.25533592299993,21.923665585000034],[-99.25589272299997,21.924539646000024],[-99.25571052299993,21.926413708000037],[-99.25543089199991,21.92750555400005],[-99.25543255399995,21.929573477000076],[-99.25549590799992,21.93013155400007],[-99.25565,21.93094532300006],[-99.25543803099994,21.93182404600003],[-99.25501513799995,21.932337446000076],[-99.25445478499994,21.93284690800004],[-99.253937969,21.933551123000036],[-99.25262624599998,21.93432680000006],[-99.25104787699993,21.935097908000046],[-99.24943913799993,21.936485246000075],[-99.24698761499995,21.939121662000048],[-99.2457920149999,21.940161200000027],[-99.24491367699996,21.940620985000063],[-99.24374718499995,21.940901477000068],[-99.240665677,21.94035476900007],[-99.23974703099996,21.941053800000077],[-99.239567046,21.941272615000056],[-99.23921343099995,21.942052692000058],[-99.23892167699995,21.942971923000076],[-99.23907596899994,21.943354415000044],[-99.23955070799995,21.944151877000024],[-99.23976059999995,21.94493353800004],[-99.23981690799995,21.945622015000023],[-99.23987409199995,21.946112985000067],[-99.24033049199991,21.94686464600005],[-99.241862246,21.94839335400007],[-99.24272792299995,21.949113954000037],[-99.24339061499995,21.949627154000037],[-99.24291103099995,21.949593815000068],[-99.24257863099996,21.949713800000033],[-99.23886649199994,21.951030877000047],[-99.23438978499996,21.952977662000023],[-99.22208624599993,21.958196738000026],[-99.22403926199996,21.962625938000023],[-99.22490258499994,21.96939672300004],[-99.22529667699995,21.973215062000065],[-99.22666000000001,21.98366692300004],[-99.22700566199997,21.98456086200002],[-99.22742849199994,21.985774138000064],[-99.22762446199995,21.98651827700007],[-99.22795196899995,21.987133815000046],[-99.22804084599991,21.98736435400008],[-99.22825555399997,21.987711092000037],[-99.22888321499993,21.989933338000068],[-99.22943623099994,21.99067690800007],[-99.23074692299996,21.99246584600007],[-99.23083115399994,21.993086508000026],[-99.230888785,21.99385109200006],[-99.23077249199994,21.994446831000058],[-99.23051958499997,21.995136508000023],[-99.23068858499994,21.996140600000043],[-99.23105047699994,21.997097969000038],[-99.23127076900002,21.997425692000032],[-99.23167067699995,21.99923444600006],[-99.23169864599998,21.999367969000048],[-99.231980723,22.00096918500003],[-99.22631643099996,22.00106638500006],[-99.22680226199998,21.99870941500006],[-99.22648353799995,21.998085569000068],[-99.22618669199994,21.99750455400004],[-99.22568441499999,21.997565646000055],[-99.22437621499994,21.99389310800007],[-99.22354312299994,21.990990446000072],[-99.22197853799995,21.99160780000005],[-99.222253246,21.988344492000063],[-99.21751347699997,21.988789200000035],[-99.21654167699995,21.988688308000057],[-99.21407693799995,21.988643569000025],[-99.21021721499994,21.988856446000057],[-99.21069915399994,21.994843292000038],[-99.21148252299996,21.996972523000068],[-99.21248266199996,21.998213092000068],[-99.212502369,21.998712646000047],[-99.21131096899997,22.000436369000052],[-99.21138883099994,22.00111341500008],[-99.211134062,22.001113738000075],[-99.21081950799999,22.001225862000073],[-99.21062481499996,22.00130989200005],[-99.21040044599994,22.001603415000034],[-99.21010123099995,22.00195289200008],[-99.20986161499995,22.002064908000026],[-99.209564292,22.00371303100007],[-99.20945979999998,22.00399244600004],[-99.20920555399991,22.004355831000055],[-99.20887621499995,22.004607600000043],[-99.20842684599995,22.004761769000034],[-99.20796686199999,22.004941031000044],[-99.20738436899995,22.004968477000038],[-99.20696401499998,22.00446630800008],[-99.20666241499998,22.003182],[-99.20627110799992,22.002037462000033],[-99.20526333799995,22.000379246000023],[-99.20554430799996,21.999864138000078],[-99.20277078499997,22.001667585000064],[-99.203210169,22.003617385000037],[-99.20242976900002,22.003730477000026],[-99.20243315399993,22.003910677000082],[-99.20258561499996,22.004523477000077],[-99.20357516899996,22.006031769000064],[-99.20297863099994,22.008113723000065],[-99.20235216899991,22.01023701500003],[-99.20166627699994,22.012723431000037],[-99.20141753799997,22.01267076900007],[-99.20039798499994,22.012392754000075],[-99.19922819999992,22.01186353800006],[-99.19826872299993,22.01166921500004],[-99.19715926199996,22.01139127700003],[-99.19646998499996,22.01150381500003],[-99.19595195399994,22.012272769000052],[-99.19535050799996,22.01335181500008],[-99.19446079999994,22.01333184600003],[-99.19324787699993,22.01410621500003],[-99.19235064599995,22.014733846000066]]]}},{"type":"Feature","properties":{"code":"24012","cve_ent":"24","cve_mun":"012","municipio":"Tancanhuitz","estado":"San Luis Potosí","region":"Huasteca Potosina","fuente":"Marco Geoestadístico / INEGI (consolidado GeoJSON para el visor)"},"geometry":{"type":"Polygon","coordinates":[[[-98.91875819999994,21.640159338000046],[-98.91937196899994,21.638232662000064],[-98.91976112299993,21.638002231000026],[-98.91999626199998,21.63773321500003],[-98.92010995399994,21.636727692000026],[-98.91961552299993,21.63590538500006],[-98.91873632299993,21.634877369000044],[-98.91837932299994,21.634157877000067],[-98.91815979999996,21.633387092000078],[-98.91805019999998,21.63274480000007],[-98.91808473799995,21.63183286200007],[-98.91833632299993,21.63126949200006],[-98.91855435399998,21.630815662000035],[-98.91870536899995,21.63034615400005],[-98.91885624599996,21.63012709200007],[-98.91907483099999,21.62976104600006],[-98.91953550799995,21.629177123000037],[-98.92191130799995,21.62737601500004],[-98.922152585,21.627150985000075],[-98.92221984599996,21.626922015000048],[-98.92193859999996,21.624963692000055],[-98.92275067699993,21.62265806200003],[-98.92261619999992,21.62101029200005],[-98.922554215,21.620732662000023],[-98.92280753799994,21.61970709200006],[-98.92302587699997,21.619277462000078],[-98.92287066199998,21.61849807700003],[-98.92280926199997,21.61796312300004],[-98.92282433799993,21.617676754000062],[-98.92314821499994,21.61721207700003],[-98.92409095399992,21.616475000000005],[-98.92481763099991,21.616227615000074],[-98.92568161499996,21.61581006200004],[-98.92701089199991,21.61560113800004],[-98.92722981499998,21.615534062000055],[-98.92784996899996,21.615149923000047],[-98.92906136899994,21.614617754000054],[-98.92972716899999,21.61460518500008],[-98.93049513799996,21.614448169000077],[-98.93100421499997,21.614493846000077],[-98.93134639999994,21.61445880000003],[-98.93181136899994,21.614272692000046],[-98.93152173799997,21.614033462000073],[-98.93085639999998,21.613654323000052],[-98.93039009199998,21.613243185000044],[-98.92997546199994,21.612871154000068],[-98.92958081499994,21.61246407700003],[-98.92884296899996,21.611930415000078],[-98.92804298499998,21.61131870800006],[-98.92719855399996,21.610683246000065],[-98.92641863099998,21.609927800000037],[-98.92579383099994,21.609386631000064],[-98.92526156899999,21.608969923000075],[-98.92480679999993,21.60863172300003],[-98.92417344599995,21.60821392300005],[-98.92395092299995,21.60803250800006],[-98.92372915399993,21.607848154000074],[-98.92353347699998,21.607685123000074],[-98.92333641499991,21.60750672300003],[-98.92322376899996,21.60741972300008],[-98.92305383099993,21.60729558500003],[-98.92282932299996,21.607192277000024],[-98.92258316899995,21.60703280000007],[-98.92228798499997,21.606855785000057],[-98.92207495399994,21.60673027700005],[-98.92183415399992,21.606626262000077],[-98.92170067699998,21.60657390800003],[-98.92138224599995,21.60645892300005],[-98.92105698499996,21.606345892000036],[-98.92078535399995,21.606220385000032],[-98.92049730799992,21.60611487700004],[-98.92025096899994,21.60605355400003],[-98.92010255399997,21.60601496900006],[-98.91998832299997,21.60600969200004],[-98.91985876899997,21.60598038500007],[-98.91971253799993,21.60598976900008],[-98.91964173799994,21.60592780000007],[-98.91942926199995,21.605861492000034],[-98.91928926199995,21.605832769000077],[-98.91925701499997,21.60560760000004],[-98.91917056899997,21.605449092000065],[-98.91893730799994,21.605424523000067],[-98.91844549199998,21.60551707700005],[-98.91772378499998,21.60565966200005],[-98.91770913799995,21.605945738000063],[-98.917571308,21.60593161500003],[-98.91715509199999,21.606056200000072],[-98.91673139999993,21.60610007700006],[-98.91623972299998,21.606194338000023],[-98.91582904599996,21.606271108000048],[-98.91569709199997,21.60629186200003],[-98.91555739999995,21.606293831000073],[-98.91535149199996,21.606262123000086],[-98.91509249199999,21.606211277000057],[-98.91487983099995,21.606203108000045],[-98.91471381499997,21.606229862000077],[-98.91441379999999,21.60632038500006],[-98.914178646,21.60636666200003],[-98.91388756899994,21.606396138000036],[-98.91372301499996,21.606375369000034],[-98.91353783099997,21.606291092000053],[-98.91330616899994,21.60623976900007],[-98.91297638499998,21.606299677000035],[-98.912724246,21.60620650800007],[-98.912593046,21.606126723000045],[-98.91244409199999,21.60603506200005],[-98.91220658499996,21.60586293800003],[-98.91200915399996,21.605732046000064],[-98.91185478499996,21.605576046000067],[-98.91192826199996,21.60550878500004],[-98.91203381499996,21.605324723000024],[-98.911992092,21.60516553800005],[-98.91183146199997,21.60498824600007],[-98.91170709199997,21.60487198500005],[-98.911572246,21.60456849200006],[-98.91147261499998,21.60434452300007],[-98.91134435399992,21.604187954000057],[-98.91106976899995,21.603978708000064],[-98.91090706199996,21.603924877000054],[-98.91057026199996,21.60390041500006],[-98.91012752299997,21.603895800000036],[-98.90972379999995,21.603915123000043],[-98.909599846,21.60393443100003],[-98.90935773799995,21.60379227700002],[-98.90864443099997,21.603430985000042],[-98.90813813799994,21.60318975400003],[-98.907750723,21.60296538500006],[-98.90761223099997,21.60285843100008],[-98.90737775399997,21.602665431000048],[-98.90721123099996,21.60252163100006],[-98.90734878499995,21.602394754000045],[-98.90730595399995,21.602223692000052],[-98.90720272299995,21.602132400000073],[-98.90694213799993,21.602225723000064],[-98.90662490799998,21.601851262000032],[-98.90643192299993,21.60163630800002],[-98.90621312299999,21.60139676900008],[-98.90597986199998,21.601189369000057],[-98.90572023099996,21.601009908000037],[-98.90546693799995,21.60091330800003],[-98.90529256899998,21.600854400000067],[-98.90511263099995,21.600767],[-98.90497484599997,21.600640215000052],[-98.90484206199994,21.600430062000044],[-98.90448541499995,21.59982512300008],[-98.90435261499992,21.599542954000064],[-98.90404418499998,21.598871138000053],[-98.9038622,21.598527446000045],[-98.903806246,21.598406523000047],[-98.90379423099992,21.59828083100006],[-98.90378529199994,21.598015246000042],[-98.90377616899995,21.597533215000052],[-98.90393555399997,21.59728829200003],[-98.90404250799996,21.597042938000072],[-98.904016862,21.596962938000047],[-98.90412098499998,21.59683198500005],[-98.90418161499997,21.596768246000064],[-98.90426366199999,21.59668461500007],[-98.90440479999997,21.59657560000005],[-98.90447615399994,21.596493400000043],[-98.90447709199998,21.59639566200008],[-98.90442346199997,21.59635123100003],[-98.90432838499999,21.596329723000053],[-98.90411076899996,21.596288077000054],[-98.90403721499993,21.596280831000055],[-98.90401430799994,21.596256477000054],[-98.90400670799994,21.596134800000073],[-98.90403179999998,21.59589510800004],[-98.90405361499995,21.59567229200007],[-98.90403613799997,21.59562021500005],[-98.90399123099995,21.595531446000052],[-98.90390664599995,21.59545313800004],[-98.90383072299993,21.59540753800007],[-98.90367912299995,21.59533796900007],[-98.90353433799997,21.595253754000055],[-98.90341663099997,21.595161077000057],[-98.90338819999992,21.59511821500007],[-98.90336306199998,21.595036999999998],[-98.90338827699995,21.59499861500007],[-98.90352900000002,21.59493226200004],[-98.903707662,21.594858554000044],[-98.90384083099995,21.594787646000043],[-98.90395378499996,21.59464216900005],[-98.903992169,21.594486954000047],[-98.90400647699991,21.59438323100005],[-98.903985246,21.594287431000055],[-98.90393255399991,21.59415972300008],[-98.90368827699993,21.59386889200005],[-98.90342116899996,21.593637800000064],[-98.90312130799995,21.59339496900003],[-98.90293503099996,21.593216323000036],[-98.90283595399994,21.593130169000066],[-98.90280241499993,21.593014877000027],[-98.90288230799993,21.592955123000028],[-98.90295187699994,21.592913692000025],[-98.90293956899994,21.592827369000076],[-98.90286553799996,21.59277836900003],[-98.90271010799991,21.592803600000025],[-98.90260704599996,21.59285756900005],[-98.90256221499999,21.592833723000073],[-98.90253273799999,21.592833708000057],[-98.90244193799997,21.59283169200006],[-98.90236172299994,21.592796123000028],[-98.90233643099997,21.592764569000053],[-98.90234276899996,21.592699477000046],[-98.90239779999993,21.592531877000052],[-98.90247747699999,21.592411],[-98.90258481499994,21.592375999999998],[-98.90276969199994,21.59222236900007],[-98.90287924599994,21.59206904600006],[-98.90290663099995,21.591969646000052],[-98.90286410799995,21.591901462000074],[-98.90275784599997,21.591847477000044],[-98.90267270799994,21.59185026200004],[-98.90260276899991,21.59190130800005],[-98.90249635399991,21.591883077000034],[-98.90239843099992,21.59177316900008],[-98.90227886199993,21.591661292000026],[-98.90215707699996,21.591455815000078],[-98.90206358499996,21.59131955400005],[-98.90202803099997,21.591005431000045],[-98.90189107699996,21.59069661500007],[-98.90174498499994,21.59050380000008],[-98.90170041499992,21.590289723000073],[-98.90169210799995,21.59010698500003],[-98.90163076899996,21.589911108000027],[-98.90163087699993,21.589754431000074],[-98.90173976899996,21.589471185000036],[-98.90181721499992,21.589102815000043],[-98.902004462,21.588783862000064],[-98.90213055399992,21.588559846000063],[-98.90227546199998,21.58841653800004],[-98.90224252299997,21.588155062000055],[-98.90148927699991,21.588263969000025],[-98.90077992299996,21.588345554000053],[-98.90007056899998,21.588440815000066],[-98.89983661499994,21.588372338000053],[-98.89977092299993,21.588208262000023],[-98.89980039999993,21.587873385000023],[-98.90004924599997,21.587531800000015],[-98.90025418499994,21.587258554000073],[-98.90034216899993,21.58691687700007],[-98.90037647699994,21.586545538000045],[-98.90036892299996,21.58614293800002],[-98.90031041499995,21.585787892000038],[-98.900163692,21.585597677000063],[-98.89986418499996,21.585571108000067],[-98.89957883099994,21.585565338000034],[-98.89904376899995,21.58551061500003],[-98.89862609199997,21.58548032300007],[-98.89825129199994,21.585395],[-98.89794079999997,21.585244646000028],[-98.8974475539999,21.585019600000063],[-98.89715166199996,21.58485555400006],[-98.89685239999993,21.58466160000006],[-98.89673690799997,21.584431431000038],[-98.89670175399999,21.58427210800005],[-98.89658810799992,21.584226585000064],[-98.89642793799999,21.58424466200006],[-98.89634849199996,21.58451843100005],[-98.89600972299995,21.584920846000042],[-98.89570132299994,21.58511626200004],[-98.89552004599994,21.585348323000062],[-98.89511112299999,21.585502846000047],[-98.89475407699996,21.585492938000066],[-98.89444883099995,21.585386338000028],[-98.894267862,21.58518792300003],[-98.89417496899996,21.584839615000078],[-98.89417006199994,21.584472015000074],[-98.89419243099995,21.584102615000063],[-98.89414238499995,21.58373206200002],[-98.89407270799994,21.58352440000004],[-98.89394983099997,21.58342944600002],[-98.89381778499995,21.583368231000062],[-98.89361196899996,21.583370077000033],[-98.89304693799993,21.58349338500005],[-98.89228098499996,21.583651477000046],[-98.89193624599994,21.583742538000017],[-98.89154266199996,21.583871138000067],[-98.89096776899999,21.584033092000023],[-98.89084852299997,21.584044738000046],[-98.89071710799996,21.583998169000044],[-98.89063470799991,21.583917862000078],[-98.89059926199997,21.583787385000047],[-98.89062524599996,21.583151154000063],[-98.89062567699995,21.582645615000043],[-98.89067784599993,21.582121831000048],[-98.89068112299996,21.58182006200008],[-98.89064975399998,21.58170020000005],[-98.89057923099993,21.581586662000063],[-98.89043249199992,21.581443477000047],[-98.89025870799995,21.581388046000033],[-98.89005147699997,21.58136120000006],[-98.8896901539999,21.581505908000054],[-98.88943652299994,21.581683185000028],[-98.88864699999999,21.582204708000063],[-98.88806233799991,21.58251875400003],[-98.88764663099994,21.582808138000075],[-98.88728923099994,21.58291887700005],[-98.88715744599995,21.582891477000032],[-98.8870070309999,21.582850815000025],[-98.88669353799996,21.58285769200006],[-98.88650675399994,21.58285190800007],[-98.88629075399996,21.583107400000074],[-98.88622287699994,21.58316644600006],[-98.88611575399993,21.583071800000027],[-98.88603832299995,21.583027200000057],[-98.88596579999995,21.58302713800003],[-98.88585361499996,21.583099431000047],[-98.88574035399989,21.583180954000056],[-98.88563015399993,21.58324861500006],[-98.88541793799997,21.583469662000027],[-98.88495235399994,21.583454738000057],[-98.88425672299995,21.58143173800005],[-98.88396455399999,21.58151167700003],[-98.88304575399994,21.580719431000027],[-98.88242533799993,21.580211215000077],[-98.88255135399994,21.579994631000034],[-98.88305950799995,21.57935701500003],[-98.88264204599993,21.579017585000027],[-98.88236090799994,21.578887954000038],[-98.88204736899993,21.57879306200004],[-98.88166879999994,21.57877947700006],[-98.88134796899996,21.57872573800006],[-98.88107229199993,21.578631615000063],[-98.88085,21.578503123000075],[-98.88086556899998,21.57841927700002],[-98.88167753799993,21.57660633800003],[-98.88205393799994,21.576422415000025],[-98.88239118499993,21.576101092000044],[-98.88282581499996,21.574976800000062],[-98.8822,21.574055938000072],[-98.88154498499996,21.573374923000078],[-98.88135946199996,21.57297593800007],[-98.88198403099993,21.57248430800007],[-98.88341273799992,21.571713877000033],[-98.88512383099997,21.57082250800005],[-98.89006426199997,21.56845278500003],[-98.89108989199997,21.56885401500006],[-98.89378466199997,21.568449615000073],[-98.89388056899995,21.56845053800003],[-98.89488619999996,21.568616585000026],[-98.89528752299996,21.568383615000073],[-98.89469746199997,21.56758873800004],[-98.89440169199996,21.566495185000065],[-98.893664631,21.564631446000078],[-98.89334836899994,21.56316010800003],[-98.89332055399993,21.562417738000022],[-98.89353826199992,21.56220284600004],[-98.89374476899995,21.562013846000067],[-98.89409506199996,21.562162600000022],[-98.89463161499998,21.562400985000064],[-98.89501029199994,21.562564769000065],[-98.89565349199997,21.562799031000047],[-98.89585044599994,21.56249021500002],[-98.89611343099995,21.562164600000074],[-98.89683530799991,21.561678938000057],[-98.89782706199996,21.561077615000045],[-98.89869867699996,21.560104677000027],[-98.89923073799996,21.559385508000048],[-98.89972146199995,21.558853231000057],[-98.90006178500002,21.558347600000044],[-98.90025315399998,21.55829683100006],[-98.90088644599997,21.55793764600003],[-98.90474964599997,21.55607926200003],[-98.90494581499995,21.55536558500006],[-98.90980250799997,21.55549181500004],[-98.91288447699996,21.55572963100007],[-98.91454281499992,21.55581575400004],[-98.91513269199999,21.555696692000026],[-98.91718206199995,21.554428431000076],[-98.91943238499992,21.555462908000035],[-98.92011233799994,21.552778277000073],[-98.92121530799994,21.55249086200007],[-98.92194489199994,21.552049492000034],[-98.92285619999994,21.551735308000048],[-98.92443706199998,21.551594385000044],[-98.92558127699999,21.551492015000065],[-98.92734170799996,21.551671692000074],[-98.92814983099997,21.552410123000076],[-98.92961587699993,21.55346515400004],[-98.93166521499997,21.553659323000034],[-98.93400049199995,21.553052538000028],[-98.93822738499993,21.552339999999997],[-98.93949318499995,21.552173154000062],[-98.94008884599995,21.552043600000044],[-98.94192264599998,21.55207432300006],[-98.94247690799992,21.552231877000047],[-98.943117154,21.552321477000078],[-98.94389604599996,21.552583446000025],[-98.94414535399994,21.55275118500003],[-98.94486876899997,21.554357708000058],[-98.945534862,21.555159523000043],[-98.94574352299996,21.555416662000027],[-98.94649463099996,21.556642646000054],[-98.946693569,21.55710112300006],[-98.94736136899996,21.558323108000025],[-98.94797553799998,21.559021169000065],[-98.94871912299999,21.55983006200006],[-98.94913573799994,21.560584969000047],[-98.949365877,21.56110718500003],[-98.94954367699997,21.561944708000055],[-98.94948695399995,21.563053015000037],[-98.94985072299991,21.564579246000047],[-98.94989416899995,21.566506708000073],[-98.94961418499999,21.567706338000047],[-98.95170203099995,21.568575262000024],[-98.95388523099996,21.57040873800003],[-98.95436618499997,21.57053083100004],[-98.9547968,21.570518508000077],[-98.95513438499995,21.571049062000043],[-98.96378621499994,21.57520986200006],[-98.96413416899998,21.576298677000068],[-98.96431096899995,21.577482615000065],[-98.96418796899997,21.577827708000033],[-98.96419359999999,21.577927138000067],[-98.96438239999995,21.578551508000032],[-98.96402849199997,21.57939803100004],[-98.96518046199996,21.579634138000074],[-98.96605089199994,21.57987910800006],[-98.96764333799997,21.580396999999998],[-98.96788881499994,21.58038796900007],[-98.96803686199995,21.58005104600005],[-98.96808104599995,21.579660723000075],[-98.97291253799992,21.579650892000075],[-98.97321181499994,21.579569092000042],[-98.97382096899997,21.579300815000067],[-98.97402153799999,21.579164600000073],[-98.97503566199998,21.579327831000054],[-98.97597167699993,21.579400631000052],[-98.97687861499995,21.579327415000026],[-98.97743544599997,21.57925581500007],[-98.97811410799993,21.579312538000064],[-98.97879593799993,21.57923343100003],[-98.97966379999998,21.57902107700005],[-98.98088953799996,21.57908489200003],[-98.9823783849999,21.579061308000067],[-98.98305744599998,21.57898112300007],[-98.98601664599995,21.578856262000045],[-98.98657781499995,21.578756462000058],[-98.98704879999997,21.57982064600003],[-98.987236554,21.57996298500007],[-98.98746289199994,21.580150246000073],[-98.98891355399995,21.579728585000048],[-98.98916098499997,21.579143108000036],[-98.98899433799993,21.57857755400005],[-98.990530462,21.577793062000072],[-98.99134141499995,21.57733432300006],[-98.99242755399995,21.576660723000032],[-98.99379256899992,21.575918738000038],[-98.99617187699992,21.57460089200003],[-98.99708504599992,21.574132492000047],[-98.99696333799994,21.57462415400005],[-98.99676630799995,21.575426231000044],[-98.996606677,21.575653815000063],[-98.99665164599999,21.57589673800004],[-98.9967763079999,21.576027800000077],[-98.99693040000001,21.576043369000047],[-98.99705663099996,21.575954846000055],[-98.997163062,21.575850277000033],[-98.99745127699998,21.575724154000053],[-98.99775855399996,21.57557130800006],[-98.99814567699997,21.57544770800007],[-98.99854609199997,21.575336400000026],[-98.99887049199998,21.575217492000036],[-98.99911519999996,21.575054231000024],[-98.99927889199995,21.57496613800004],[-98.99940367699998,21.574811154000034],[-98.99949492299999,21.574649215000022],[-98.99954944599996,21.574478738000042],[-98.99963066199999,21.57430589200004],[-98.99974143099995,21.574118785000053],[-98.99987001499993,21.57398472300003],[-99.00004418499998,21.57384330800005],[-99.00025161499997,21.573677523000075],[-99.00042930799995,21.573520431000077],[-99.00068364599998,21.57320486200007],[-99.00077999999999,21.573042785000034],[-99.00083789199991,21.572823369000048],[-99.00094938499994,21.572461062000063],[-99.00102453799995,21.572275600000072],[-99.00115018499997,21.572120185000074],[-99.00130486199998,21.571896985000027],[-99.00147746199997,21.571649831000055],[-99.00160393799996,21.571509600000066],[-99.00168238499998,21.571286954000076],[-99.001678385,21.571067385000045],[-99.001620862,21.570906785000034],[-99.00154853799994,21.570805646000053],[-99.00163919999994,21.570807062000036],[-99.00567566199999,21.57087001500003],[-99.00791932299995,21.57114780000006],[-99.00638213799998,21.577682138000057],[-99.00524949199996,21.57842638500005],[-99.00519727699997,21.579541385000027],[-99.00501219999994,21.580466769000054],[-99.00442067699998,21.58140938500003],[-99.00328646199996,21.581685431000036],[-99.00242358499997,21.581990108000074],[-99.00198255399991,21.582294769000043],[-99.001445662,21.582742800000055],[-99.00113236899993,21.583087015000046],[-99.00080107699993,21.58338318500006],[-99.00042656899996,21.583544723000042],[-99,21.58366555400005],[-98.99978373799995,21.584532538000072],[-98.99952970799997,21.58531263100002],[-98.99905793799995,21.58578746200004],[-98.99902163099996,21.586296215000058],[-98.99886232299995,21.586905862000037],[-98.99833801499992,21.587140908000034],[-98.99814452299995,21.58739456900003],[-98.99800423099998,21.590197],[-98.99797653799999,21.59066264600005],[-98.99808267699994,21.590731815000026],[-98.99888996899995,21.59125764600003],[-98.999443892,21.592341231000027],[-98.99917729199994,21.592939262000073],[-98.99867073799997,21.593313031000033],[-98.99763330799999,21.59365787700005],[-98.99742676899999,21.594752077000066],[-98.99668983099997,21.596465954000056],[-98.99658170799995,21.59722507700008],[-98.99635501499995,21.59823116900003],[-98.99576230799993,21.599544692000052],[-98.99531935399992,21.600853646000083],[-98.99437807699994,21.60328530800007],[-98.99405950799996,21.60602493800008],[-98.99320010799994,21.60768438500003],[-98.99268447699995,21.60864793800004],[-98.99219106199995,21.609370754000057],[-98.99221149199997,21.609398338000066],[-98.99208792299997,21.609636215000023],[-98.99213835399993,21.609782600000074],[-98.99137030799993,21.61053332300003],[-98.99106515399995,21.611058908000082],[-98.99070596899996,21.611135292000036],[-98.99073847699997,21.611251600000067],[-98.99083290799996,21.611428846000027],[-98.99067839999998,21.61185146200007],[-98.99051049199996,21.611996108000035],[-98.99042956899997,21.612173277000068],[-98.99048367699999,21.61216558500007],[-98.990515492,21.612280846000033],[-98.99063133799994,21.612422846000072],[-98.99067355399994,21.612653815000044],[-98.99058661499998,21.612689077000024],[-98.990383308,21.612921708000048],[-98.9905748,21.613087431000057],[-98.99058683099996,21.61316720000008],[-98.99082639999993,21.613524462000047],[-98.99087041499993,21.613697600000023],[-98.99072267699995,21.613971862000035],[-98.99034790799998,21.616215877000062],[-98.99068404599997,21.616611062000064],[-98.99070126199997,21.61675438500004],[-98.99041509199999,21.617071631000048],[-98.99089978499995,21.617487154000063],[-98.99116213799992,21.617533692000055],[-98.991265308,21.61763053800007],[-98.99153189199995,21.61830455400008],[-98.99173193799997,21.618563],[-98.99190478499999,21.618524723000068],[-98.99205987699995,21.61870527700006],[-98.99208309199997,21.61897115400007],[-98.99199743099994,21.61910007700004],[-98.99198623099994,21.619279338000073],[-98.99204518499994,21.619353262000065],[-98.99209059999998,21.61937320000004],[-98.99218413799996,21.619597569000067],[-98.99236223099996,21.620273138000076],[-98.99233652299993,21.62080096900008],[-98.99213118499995,21.621100892000076],[-98.99222000000002,21.621316831000055],[-98.99261890799994,21.621436831000032],[-98.992873692,21.621542138000052],[-98.99299013799997,21.621713185000033],[-98.99306015399996,21.621923215000034],[-98.99285352299995,21.622373631000073],[-98.99334753799994,21.62302813800005],[-98.99327090799994,21.624075754000053],[-98.99277207699996,21.62499950800003],[-98.99327223099998,21.625384708000073],[-98.994628892,21.626786585000044],[-98.99429072299996,21.626966262000053],[-98.99417301499994,21.627323938000075],[-98.99408469199996,21.628053046000048],[-98.99473216899995,21.628782123000065],[-98.99551141499994,21.629309831000054],[-98.99551559999998,21.629641754000033],[-98.99526261499994,21.629897138000047],[-98.994951846,21.630089308000038],[-98.99499949199999,21.630389046000065],[-98.99525244599995,21.630502538000027],[-98.99561843099997,21.630446969000047],[-98.99548252299994,21.630971292000034],[-98.99511227699996,21.63140120000003],[-98.99545569199994,21.631736785000044],[-98.99581813799992,21.63189990800004],[-98.995794677,21.632718015000027],[-98.99576856899995,21.633146877000055],[-98.99593158499992,21.633634308000072],[-98.99634373799995,21.633769477000044],[-98.996422092,21.63401378500004],[-98.99623916899999,21.634197000000004],[-98.99562486199994,21.634196985000077],[-98.99520667699994,21.634441277000064],[-98.99507595399996,21.634905492000037],[-98.99525016899997,21.635084154000033],[-98.99545386199998,21.635232185000064],[-98.99576801499994,21.63526678500006],[-98.99616630799993,21.635151938000035],[-98.99682872299995,21.635116600000057],[-98.99750400000002,21.63546764600005],[-98.99810927699997,21.635710138000032],[-98.99891873799996,21.636451815000047],[-98.99911386199996,21.637730862000073],[-98.999890646,21.641897815000053],[-98.99961078499996,21.641929846000036],[-98.99943941499998,21.64203664600006],[-98.99939939999997,21.642271569000055],[-98.99954795399998,21.642383662000043],[-99,21.642683400000067],[-99.00101629199997,21.64335923100003],[-99.00139712299992,21.64424847700008],[-99.00233015399998,21.644746446000056],[-99.00346466199994,21.645182262000045],[-99.00377732299992,21.64586687700006],[-99.00401369199996,21.64612660000006],[-99.00503129199994,21.64734620000007],[-99.00540063099997,21.648202431000072],[-99.00564209199995,21.648282062000078],[-99.00585521499993,21.648189138000077],[-99.00591041499995,21.64788884600006],[-99.00618436899998,21.64777109200003],[-99.00646724599994,21.64795493800006],[-99.00662490800002,21.648265123000044],[-99.00702016899999,21.64829429200006],[-99.00731947699994,21.648063508000064],[-99.00754192299995,21.64731816900008],[-99.00783890799993,21.647184554000034],[-99.00797089199993,21.64742095400004],[-99.00789569199998,21.64809843100005],[-99.00781336899996,21.648574015000065],[-99.00813512299995,21.648881646000067],[-99.00823243099994,21.649378169000048],[-99.00800432299994,21.649560785000062],[-99.00785350799998,21.64988036900008],[-99.00795412299998,21.65021870800007],[-99.00826586199997,21.65038787700007],[-99.00857766199992,21.650500677000025],[-99.00896861499996,21.650455600000047],[-99.00912072299995,21.650682015000033],[-99.00924932299992,21.65098710800004],[-99.00961427699997,21.651075523000035],[-99.00969858499995,21.65085426200006],[-99.01002530799995,21.65106016900007],[-99.01021576899997,21.651558138000045],[-99.010196754,21.65205612300003],[-99.01013966199999,21.652482969000065],[-99.01065381499996,21.652660785000027],[-99.01099658499999,21.652838600000056],[-99.01092044599996,21.653158738000066],[-99.01082526199998,21.65351444600003],[-99.01105378499996,21.653727846000034],[-99.01151081499995,21.65390567700007],[-99.01179647699995,21.65422578500005],[-99.01234873799993,21.654421385000035],[-99.01290096899999,21.65433241500006],[-99.01309458499998,21.65482092300005],[-99.012980385,21.655461200000047],[-99.012675431,21.65624269200003],[-99.01242827699996,21.65697296900004],[-99.01286632299995,21.657719908000047],[-99.01357096899994,21.65832453800004],[-99.01391378499996,21.65871576900003],[-99.01399,21.65907146200005],[-99.01447481499996,21.659460138000046],[-99.01469467699997,21.65992509200004],[-99.01444716899992,21.660405308000065],[-99.01448529199996,21.660761],[-99.01535698499998,21.660305354000062],[-99.01569090799994,21.660374692000065],[-99.01609007699993,21.660879846000057],[-99.01609015399995,21.66144898500005],[-99.01607118499997,21.662124800000072],[-99.01633783099994,21.662427123000043],[-99.01662346200001,21.66232038500004],[-99.01685198499995,21.662302569000076],[-99.01730518499991,21.662454938000053],[-99.01740992299995,21.662775200000056],[-99.01758695399995,21.66296330800003],[-99.017352,21.663169154000062],[-99.01741075399997,21.663457369000074],[-99.01792479999996,21.663594538000037],[-99.01854163099995,21.663745462000065],[-99.01942915399995,21.664447231000047],[-99.01953376899996,21.66474056900006],[-99.01937686199993,21.664948385000063],[-99.01904993799995,21.66520510800007],[-99.01910132299996,21.665653646000063],[-99.01911539999998,21.66595064600006],[-99.01906933799995,21.666329231000073],[-99.01919673799995,21.667129785000043],[-99.01957770799996,21.66768253800006],[-99.01942441499995,21.66825581500007],[-99.01890856899995,21.668633723000028],[-99.01873953799995,21.669096831000044],[-99.01783347699995,21.669601338000064],[-99.01743206199995,21.669560015000062],[-99.01722563099999,21.669791523000075],[-99.017313292,21.670159738000056],[-99.01677703099992,21.67035626200004],[-99.01641635399992,21.670472646000064],[-99.01619712299996,21.670737800000037],[-99.01626000000002,21.671191123000035],[-99.01583116899994,21.67170575400008],[-99.01524210799992,21.67196795400003],[-99.01478386199994,21.67274940000004],[-99.01509183099994,21.67321041500003],[-99.01530713799993,21.673627462000074],[-99.01535864599998,21.673800554000028],[-99.01533812299998,21.67419480000007],[-99.01518821499994,21.674556538000047],[-99.01486335399994,21.675148600000057],[-99.01500423099998,21.675870646000078],[-99.01497239999995,21.676278785000026],[-99.01507350799993,21.676562138000065],[-99.01571496899999,21.67667067700006],[-99.01611141499995,21.677005754000056],[-99.01639535399993,21.677471415000078],[-99.01682953799997,21.67775356900006],[-99.01732033799998,21.677912262000067],[-99.017565769,21.67819444600008],[-99.01741484599997,21.67886469200005],[-99.01699510799993,21.679524308000055],[-99.01678178499998,21.679761062000072],[-99.01656844599997,21.679910585000076],[-99.01654183099997,21.680309292000057],[-99.01640852299992,21.680658154000074],[-99.01650192299995,21.681144062000044],[-99.01674196899995,21.681343385000044],[-99.01702201499995,21.681542708000052],[-99.01707539999995,21.68195386200006],[-99.01708879999995,21.682526985000028],[-99.01708886199995,21.68306272300003],[-99.01724893799995,21.683486323000068],[-99.01736000000001,21.68382527700004],[-99.01772113799994,21.684028815000033],[-99.01828395399997,21.68382518500005],[-99.01877415399993,21.683876015000067],[-99.01901024599992,21.684334015000047],[-99.018901385,21.68492775400006],[-99.01862909199998,21.685233138000054],[-99.01839313799994,21.68580993800003],[-99.017975585,21.68616621500007],[-99.01797566199998,21.686726031000028],[-99.01784869199997,21.687692969000064],[-99.01792138499997,21.688354554000057],[-99.01763558499994,21.68903313800007],[-99.01705459999995,21.68925366200006],[-99.01626115399995,21.689190846000027],[-99.01573367699994,21.689316846000047],[-99.01506403099995,21.689849662000032],[-99.01428038499996,21.690004569000056],[-99.01361727699998,21.689948323000067],[-99.01322546199998,21.690089108000056],[-99.01304769199999,21.690684154000056],[-99.01343179999998,21.691925615000066],[-99.01263430799996,21.692463646000075],[-99.01252364599998,21.69316326200004],[-99.0122616,21.693451985000028],[-99.01162778499999,21.693618231000073],[-99.01162049199998,21.69371764600004],[-99.01206659999997,21.694278338000064],[-99.01146638499996,21.694679062000034],[-99.01038213799993,21.69487746200003],[-99.01018361499995,21.696345692000026],[-99.01050981499998,21.696593723000035],[-99.01090243099996,21.696563600000047],[-99.01168012299995,21.696224369000053],[-99.01174407699993,21.696543062000046],[-99.00857430799991,21.69724364600006],[-99.00844498499998,21.69831649200006],[-99.00945430799999,21.698052369000038],[-99.01009878499997,21.69902524600008],[-99.01001641499994,21.699194308000077],[-99.00958218499993,21.700217292000044],[-99.00890996899994,21.701075138000082],[-99.00824273799996,21.701868000000005],[-99.00792013799996,21.70209892300005],[-99.00782190799998,21.702323231000026],[-99.00796383099998,21.702465954000047],[-99.00837999999999,21.702519785000046],[-99.00864232299992,21.702592231000033],[-99.00870396899995,21.702865585000037],[-99.00851141499997,21.703160538000077],[-99.00797481499994,21.70360783100005],[-99.00733073799994,21.70400547700007],[-99.00650747699994,21.70425958500004],[-99.00618053799994,21.704378400000056],[-99.00586541499995,21.704438999999997],[-99.00574493799994,21.704664062000067],[-99.00581375399996,21.705032538000065],[-99.00565553799997,21.70543038500005],[-99.00525390799999,21.705816862000063],[-99.0045826,21.706123800000054],[-99.00439596899997,21.706396185000074],[-99.00384126199998,21.706530338000046],[-99.00257896899994,21.705331415000046],[-99.00240581499995,21.70591487700005],[-99.0020158149999,21.70628313800006],[-99.00156953799996,21.706288569000037],[-99.00141793799996,21.707074600000055],[-99.00163761499992,21.707457677000036],[-99.00147341499995,21.70755338500004],[-99.000666246,21.708026892000074],[-98.99977733799992,21.70825095400005],[-98.99954858499996,21.707593215000028],[-98.99919724599994,21.70790581500006],[-98.99886513799997,21.70819855400003],[-98.99802553799998,21.708352138000066],[-98.99764490799998,21.70760043100006],[-98.99732758499994,21.707782923000025],[-98.99741870799994,21.708741246000038],[-98.99716606199998,21.708970200000067],[-98.99655455399994,21.708951369000037],[-98.99611667699997,21.70825456900008],[-98.99594544599996,21.708453662000068],[-98.99612483099997,21.709076708000055],[-98.99602647699999,21.709548708000057],[-98.99547019999991,21.710113231000033],[-98.99468849199997,21.70998838500003],[-98.99411650800002,21.710894708000076],[-98.994583662,21.711130015000037],[-98.99513927699995,21.711280692000063],[-98.99470046199998,21.712453908000043],[-98.99534996899996,21.71272767700003],[-98.995216569,21.713053892000065],[-98.99525472299996,21.71323164600005],[-98.99519419999994,21.71341252300004],[-98.99483987699992,21.71347718500004],[-98.99450150799998,21.713530831000067],[-98.993959385,21.713536831000052],[-98.99371724599996,21.71380813800005],[-98.99380196899995,21.714079462000036],[-98.99402404599995,21.714131108000064],[-98.99430787699995,21.714438169000065],[-98.994406815,21.714777],[-98.99414292299997,21.714910462000038],[-98.99383506199995,21.714930985000027],[-98.99350521499997,21.714889908000035],[-98.99307964599997,21.71495530800008],[-98.99272344599997,21.715020323000033],[-98.99319850799998,21.716336138000027],[-98.99333807699995,21.717391723000052],[-98.993554938,21.71826255400003],[-98.99355836899997,21.719325215000026],[-98.99352106199997,21.719560846000036],[-98.99342219999994,21.719906708000057],[-98.99323684599993,21.720765508000056],[-98.99296193799992,21.72107261500003],[-98.99244430799995,21.721593],[-98.99188389199998,21.722356569000056],[-98.99135956899995,21.72297003100004],[-98.99055413799992,21.72295356900003],[-98.99011441499994,21.723909431000035],[-98.99032944599999,21.724120508000052],[-98.99030595399995,21.72432329200006],[-98.99016538499997,21.724400062000033],[-98.98987878499996,21.724346092000076],[-98.98948146199997,21.72412753800006],[-98.98926704599997,21.724248477000057],[-98.98910198499998,21.72451938500006],[-98.98849375399998,21.72520680000002],[-98.98807366199998,21.72550993800007],[-98.98750607699995,21.72557204600002],[-98.986919292,21.725349754000028],[-98.98648304599998,21.725117508000036],[-98.98611436899996,21.72513687700006],[-98.98568753799997,21.725455662000062],[-98.98504310799994,21.725833046000044],[-98.98470272299993,21.726094785000043],[-98.98409467699997,21.726425769000063],[-98.98362938499999,21.726739999999996],[-98.98342146199997,21.727091231000028],[-98.98348524599999,21.727593292000044],[-98.98345939999997,21.728014938000054],[-98.98329156899996,21.728870277000052],[-98.98302056899996,21.72938827700005],[-98.98278279999992,21.729610123000043],[-98.98228209199999,21.72959809200006],[-98.98205290799994,21.729424323000046],[-98.98232392299995,21.728773800000052],[-98.98228109199992,21.72831907700003],[-98.98212044599997,21.728150308000068],[-98.98178201499994,21.728473415000053],[-98.98197026199993,21.727730446000066],[-98.98187392299995,21.727305692000076],[-98.981512308,21.726621092000073],[-98.98090986199996,21.72619512300003],[-98.97780821499995,21.72320293800004],[-98.96768439999995,21.712163600000054],[-98.96726135399997,21.71194496900006],[-98.966800262,21.711709769000038],[-98.96410767699997,21.710382292000077],[-98.96238021499992,21.70942058500003],[-98.96281912299996,21.70628547700005],[-98.96351967699997,21.702910754000076],[-98.96073,21.70261584600007],[-98.95931875399997,21.702610723000078],[-98.95189652299996,21.702080338000027],[-98.95166961499999,21.70009816900006],[-98.95051096899994,21.697238692000045],[-98.94995524599996,21.69468263100003],[-98.94917839999992,21.692766985000045],[-98.94775743099996,21.692924985000047],[-98.94666339999998,21.69095606200006],[-98.94392807699994,21.687792785000056],[-98.94272275399999,21.686319477000037],[-98.94182415399996,21.68540440000004],[-98.94164036899998,21.68412001500008],[-98.94273664599997,21.684318108000074],[-98.94428056899996,21.68400298500006],[-98.94488926199996,21.683636692000047],[-98.94553290799995,21.68334621500003],[-98.94100090799999,21.670621938000068],[-98.94008678499993,21.66805509200003],[-98.93393901499995,21.670225277000043],[-98.93240478499996,21.66622712300006],[-98.93190004599997,21.665321246000072],[-98.929810923,21.661950077000036],[-98.92868238499993,21.661307400000055],[-98.929509092,21.65916636900005],[-98.93000683099993,21.65853943100006],[-98.93037910799994,21.658249954000038],[-98.93030350799994,21.657902000000004],[-98.92989655399997,21.657526631000053],[-98.92942986199996,21.65646836900004],[-98.93064352299997,21.655723077000058],[-98.93091350799993,21.655068846000066],[-98.93067601499995,21.65430367700003],[-98.929912431,21.65333164600003],[-98.93022770799996,21.65243855400007],[-98.93079673799996,21.651905323000058],[-98.92980632299994,21.65045530800007],[-98.92954176899997,21.648620800000057],[-98.92832669199997,21.647734938000042],[-98.92746306199996,21.646970462000077],[-98.92735258499992,21.646792046000026],[-98.92704110799995,21.646027446000065],[-98.92682098499996,21.645139785000026],[-98.92637946199994,21.644388692000067],[-98.92532863099994,21.64403326200005],[-98.92406898499996,21.64294761500003],[-98.92372012299992,21.642282062000046],[-98.92340203099994,21.641939646000026],[-98.92202378499996,21.641103677000046],[-98.92098841499994,21.64091827700003],[-98.91875819999994,21.640159338000046]]]}},{"type":"Feature","properties":{"code":"24013","cve_ent":"24","cve_mun":"013","municipio":"Ciudad Valles","estado":"San Luis Potosí","region":"Huasteca Potosina","fuente":"Marco Geoestadístico / INEGI (consolidado GeoJSON para el visor)"},"geometry":{"type":"Polygon","coordinates":[[[-99.31717490799997,22.285570538000055],[-99.31776035399996,22.286961892000026],[-99.31873923099992,22.288351246000044],[-99.31897578499995,22.290212338000053],[-99.31912721499998,22.291176831000026],[-99.31930329199997,22.292298354000025],[-99.31966733799999,22.29402778500003],[-99.32070413799991,22.29895286200008],[-99.3212014,22.301314908000055],[-99.32450793799994,22.306875600000076],[-99.33333564599995,22.321718846000067],[-99.33729709199997,22.327644],[-99.33333564599995,22.325204631000076],[-99.31417498499997,22.31032778500003],[-99.317010785,22.322069431000042],[-99.31791449199996,22.32580889200005],[-99.29191563099995,22.331708385000073],[-99.29035893799993,22.32684273800004],[-99.28881130799999,22.324156062000046],[-99.28682103099999,22.320301800000035],[-99.28645715399992,22.31902983100002],[-99.28565381499999,22.316379246000054],[-99.28213589199997,22.31123815400003],[-99.28069993799994,22.299266400000082],[-99.27975150799992,22.297192246000066],[-99.27711787699994,22.28452258500004],[-99.27495027699996,22.285033769000044],[-99.26515170799995,22.287454354000033],[-99.25359226199997,22.290303969000036],[-99.24809247699993,22.29165944600004],[-99.24621364599997,22.292332538000032],[-99.22412480000001,22.29992483100005],[-99.22367786199999,22.299194],[-99.22318181499995,22.298766985000036],[-99.22291621499993,22.29853832300006],[-99.22204623099994,22.298084862000053],[-99.22248509199993,22.29718736900003],[-99.22283512299995,22.296721262000062],[-99.22274553799994,22.295507354000048],[-99.22263744599995,22.294042677000046],[-99.22083719999993,22.29143881500005],[-99.20608587699994,22.292104615000028],[-99.20673923099996,22.297230985000056],[-99.20728215399997,22.301490646000044],[-99.20754524599995,22.30355476900008],[-99.20788112299991,22.306189723000045],[-99.21710520000002,22.30675901500007],[-99.21725013799991,22.311867631000045],[-99.21298324599996,22.312171923000054],[-99.21378419999995,22.314142969000045],[-99.21662633799997,22.323670785000047],[-99.21363195399991,22.323890431000056],[-99.213568738,22.324844677000044],[-99.21339090799995,22.32936336900008],[-99.21326916899996,22.33061047700005],[-99.21304356899996,22.335369154000034],[-99.20804043099996,22.34381352300005],[-99.20711138499996,22.34498149200005],[-99.20763933799998,22.349312400000027],[-99.21110909199999,22.365962277000047],[-99.211243477,22.36660706200007],[-99.21533372299996,22.37805721500007],[-99.23226989199998,22.41262572300008],[-99.22102407699995,22.412043585000045],[-99.20194613799997,22.41103367700003],[-99.17392635399992,22.409478],[-99.15019909199998,22.408151600000053],[-99.13922706199996,22.40763338500005],[-99.13717319999992,22.407536292000025],[-99.13695870799992,22.407526154000035],[-99.13458844599995,22.407414077000052],[-99.12056704599995,22.40663647700006],[-99.11797046199996,22.406677138000074],[-99.11462912299997,22.40672949200006],[-99.11256727699997,22.406761646000064],[-99.09206116899996,22.410080092000044],[-99.06476941499994,22.41461066200003],[-99.06070730799993,22.415286246000047],[-99.06057146199998,22.415261631000078],[-99.06043844599995,22.415237523000027],[-99.06039944599996,22.41526852300007],[-99.05912929199997,22.415047908000076],[-99.05906627699993,22.415034262000063],[-99.05902529199994,22.41503032300005],[-99.05852863099993,22.41494189200006],[-99.05722832299993,22.41470329200007],[-99.05699069199994,22.41465412300005],[-99.05668610799991,22.41458707700008],[-99.05598889199995,22.41448030800007],[-99.05559216899994,22.414409015000047],[-99.05545346199993,22.414407077000078],[-99.05498878499998,22.414310600000075],[-99.05489870799993,22.414292938000074],[-99.05436346199998,22.41420909200008],[-99.05146919999999,22.413666308000074],[-99.04909186199995,22.41322043100007],[-99.04532139999998,22.412513169000082],[-99.03599330799993,22.410759600000063],[-99.03383510799993,22.410344062000032],[-99.03374158499996,22.410326046000023],[-99.02981990799998,22.409612615000068],[-99.02849632299993,22.40937290800002],[-99.02403729199993,22.408566923000024],[-99.0224653079999,22.408280754000028],[-99.01927990799999,22.407712999999998],[-99.01704367699995,22.407338569000046],[-99.01601349199997,22.40712890800006],[-99.01410375399995,22.40680092300005],[-99.01314444599996,22.406634831000073],[-99.01128227699995,22.406301062000068],[-99.00546,22.40527075400007],[-99.00095710799994,22.404505999999998],[-98.93197272299993,22.392775138000047],[-98.93007159999995,22.382558677000077],[-98.92554486199998,22.371746785000028],[-98.91941289199997,22.371106738000037],[-98.91938076899997,22.371222985000028],[-98.91882038499995,22.371421077000036],[-98.91505238499995,22.35043978500005],[-98.91353792299998,22.334624831000042],[-98.90886510799997,22.334808308000056],[-98.90767967699998,22.31906844600008],[-98.90759353799997,22.317924477000084],[-98.90742124599997,22.315636523000023],[-98.90328573799995,22.315538462000067],[-98.90143126199995,22.29401043100006],[-98.90130693799995,22.290572077000032],[-98.90128993800002,22.29010181500007],[-98.90159923099998,22.286219462000076],[-98.90219323099994,22.278204969000058],[-98.90222590800002,22.277678631000075],[-98.89702975399997,22.252601815000045],[-98.89698772299992,22.24870063100007],[-98.89843783099992,22.235398815000053],[-98.89668689199999,22.225983185000075],[-98.89623367699994,22.20284124600004],[-98.89620756899996,22.201507985000028],[-98.89618146199994,22.20017470800008],[-98.89406856899994,22.18878743100003],[-98.89412609199996,22.186948477000044],[-98.89415486199994,22.186028985000064],[-98.89343698499991,22.182767354000074],[-98.89342761499995,22.18262680000003],[-98.89337552299995,22.181845954000043],[-98.89288379999991,22.174474723000067],[-98.89269941499998,22.17171053800007],[-98.89144203099993,22.16663250800007],[-98.89122973799994,22.153595508000027],[-98.89106296899996,22.143352185000026],[-98.88808116899995,22.143848108000043],[-98.88674812299992,22.123545138000054],[-98.8867083229999,22.122938908000037],[-98.88595295399992,22.117218646000033],[-98.88582903099994,22.11628013800004],[-98.88554749199992,22.11414792300008],[-98.88540672299993,22.113081815000047],[-98.88483298499993,22.10873640000005],[-98.88348347699994,22.102972969000067],[-98.88074227699994,22.071038862000027],[-98.88096276899995,22.06253076900003],[-98.88103913799993,22.059819538000056],[-98.88138630799992,22.056092969000076],[-98.88179093799992,22.053864215000036],[-98.88220833799991,22.05293012300007],[-98.88227610799996,22.052154538000025],[-98.88253959999996,22.051506923000034],[-98.87754092299996,22.05120969200004],[-98.87868999999999,22.048650538000057],[-98.87947633799992,22.04584421500004],[-98.87949736899996,22.04504753800006],[-98.88594710799995,22.02930864600006],[-98.88342712299996,22.00111524600004],[-98.88351019999999,21.998918446000065],[-98.8848653379999,21.990454954000032],[-98.88491729199995,21.990130477000033],[-98.88572941499994,21.990521046000026],[-98.88598846199993,21.98704509200007],[-98.88605164599991,21.986197123000064],[-98.88639761499994,21.981554323000072],[-98.88602650799997,21.981481385000052],[-98.886594985,21.978728646000032],[-98.88819,21.97020772300004],[-98.88857852299995,21.967170508000034],[-98.88927646199994,21.96543233800002],[-98.89655979999998,21.965109138000052],[-98.89504083099993,21.954051108000048],[-98.89169059999995,21.949850800000036],[-98.89220739999995,21.932564323000065],[-98.89231204599996,21.92634127700006],[-98.89387078499996,21.926359138000066],[-98.89460390799997,21.92349698500004],[-98.89607003099994,21.917772692000028],[-98.89631436899998,21.916818646000028],[-98.89651844599994,21.915901615000056],[-98.902231369,21.890224569000054],[-98.90224538499997,21.889960692000045],[-98.90237813799992,21.887338200000038],[-98.90184259999995,21.88731595400003],[-98.90184426199995,21.886439831000068],[-98.90205759999998,21.885107046000027],[-98.90235638499995,21.883676231000027],[-98.90245652299994,21.883453969000076],[-98.90259501499995,21.88310658500006],[-98.90265952299995,21.88216635400005],[-98.90155666199998,21.881999692000022],[-98.89604235399993,21.881166185000037],[-98.86748669199994,21.88101043100005],[-98.86743115399995,21.875960723000052],[-98.86564727699991,21.876124877000045],[-98.86402644599997,21.875909523000075],[-98.86285056899996,21.875125338000032],[-98.86252147699996,21.874928785000073],[-98.85956315399993,21.873000862000026],[-98.85923409199992,21.87289107700008],[-98.85873443099995,21.872851400000066],[-98.85769296899997,21.87318083100007],[-98.85690781499991,21.872448385000038],[-98.85604278499991,21.872497492000036],[-98.85532287699998,21.87180406200003],[-98.85466487699995,21.871135046000067],[-98.85365218499997,21.869688138000075],[-98.85336466199998,21.869643477000064],[-98.85251393799996,21.86943929200003],[-98.85238604599996,21.868890969000066],[-98.85252376899997,21.868439569000024],[-98.85274073799992,21.868273892000044],[-98.85267927699991,21.868071385000064],[-98.85260021499992,21.86801253800007],[-98.84749859999994,21.865523646000035],[-98.84610078499998,21.864680431000064],[-98.84584384599998,21.864519508000054],[-98.84468889199995,21.86403387700005],[-98.84403539999994,21.863682123000046],[-98.84329000000001,21.86309563100008],[-98.84259096899994,21.862740431000073],[-98.83690406199997,21.860206846000036],[-98.83248878499994,21.857520708000035],[-98.83229764599997,21.857474323000083],[-98.82521339999994,21.85745478500008],[-98.82481893799994,21.857229262000033],[-98.82489549199991,21.856973385000064],[-98.82557987699991,21.85643804600005],[-98.82597338499993,21.855988846000063],[-98.82587189199992,21.855408492000034],[-98.82562143099993,21.85523149200003],[-98.82466798499996,21.855172323000033],[-98.82401193799994,21.856233585000034],[-98.82392999999999,21.85670116900008],[-98.82368953799993,21.85686126200006],[-98.8227387379999,21.85811009200006],[-98.82238590799992,21.85869416900005],[-98.82193318499998,21.85873723100007],[-98.82126232299997,21.858690154000044],[-98.82049069199995,21.858484262000047],[-98.81976973799996,21.85808715400003],[-98.81919296899996,21.857586123000036],[-98.81874507699993,21.856917308000053],[-98.81841209199995,21.85628118500006],[-98.81816043099995,21.854924123000053],[-98.81800030799994,21.853598569000038],[-98.81787755399994,21.852239538000045],[-98.81819932299999,21.85148786200006],[-98.81852981499996,21.850964862000076],[-98.81922036899994,21.849902277000066],[-98.81874924599998,21.849674092000043],[-98.81801910799997,21.84905427700005],[-98.81728258499999,21.846159169000035],[-98.81837721499991,21.845034308000034],[-98.81903481499994,21.84431681500007],[-98.820124508,21.843976862000034],[-98.82109436899998,21.844234692000043],[-98.82145226199998,21.844179431000043],[-98.82177076899994,21.843827308000073],[-98.82214604599993,21.841522092000044],[-98.82222752299997,21.84006387700003],[-98.82256106199996,21.839297969000036],[-98.82383796899992,21.83881840000004],[-98.82512019999996,21.837880708000064],[-98.82745390799994,21.83586801500008],[-98.82830695399994,21.83548266200006],[-98.82905424599994,21.835190292000046],[-98.83057958499995,21.834748477000065],[-98.83129626199997,21.835018985000033],[-98.83247146199993,21.834902462000066],[-98.83329316899993,21.83436790800005],[-98.83396730799994,21.83314087700006],[-98.833809692,21.83254995400005],[-98.83314763099996,21.831921585000035],[-98.83222167699995,21.831365231000067],[-98.83209526199994,21.830628938000075],[-98.83224827699993,21.830367877000075],[-98.83257741499992,21.82999740000003],[-98.83298050799999,21.829758923000046],[-98.8334303079999,21.82926681500004],[-98.83365801499995,21.828843015000075],[-98.83372667699996,21.82849335400004],[-98.83328733799995,21.827363923000068],[-98.83263506199995,21.82607004600004],[-98.83253430799996,21.825167554000075],[-98.83243379999999,21.824051338000064],[-98.83258827699993,21.82252458500005],[-98.83280724599996,21.821736938000072],[-98.83333684599994,21.821421354000048],[-98.8343461379999,21.82110756900005],[-98.83510192299995,21.820756031000027],[-98.83648729199996,21.820287692000026],[-98.83752572299994,21.82046486200005],[-98.83897278499992,21.821112138000046],[-98.83966443099996,21.821817400000047],[-98.83969544599996,21.822228446000054],[-98.83985238499996,21.822610246000064],[-98.83997795399993,21.822903938000024],[-98.84029236899994,21.823197831000073],[-98.84095535399996,21.82286036900007],[-98.84186976899998,21.822394923000047],[-98.84271218499995,21.821760908000044],[-98.84352166199996,21.821404046000055],[-98.84413601499993,21.82101698500003],[-98.844852985,21.820429092000037],[-98.84548706199993,21.81990164600007],[-98.84644221499995,21.81953709200008],[-98.8471578,21.81952835400006],[-98.84768846199997,21.81931284600006],[-98.84878053799994,21.81844789200005],[-98.85064973799996,21.81809269200005],[-98.85055724599992,21.81645609200007],[-98.85056193799993,21.81476307700007],[-98.85107916899993,21.814191677000053],[-98.85189041499994,21.814950062000044],[-98.85237167699992,21.815035108000078],[-98.85307523099999,21.814482308000038],[-98.85329978499999,21.813525323000086],[-98.85326270799999,21.813034446000078],[-98.85309330799997,21.812355938000056],[-98.85271083099992,21.81160223100005],[-98.85188236899994,21.81124515400007],[-98.85077393799995,21.81112489200007],[-98.85012423099994,21.81090352300004],[-98.84911141499998,21.810503169000075],[-98.84865055399995,21.810003785000053],[-98.84820824599994,21.808646723000034],[-98.84775944599996,21.80853213800003],[-98.84699406199996,21.80898103100003],[-98.84599552299993,21.810211723000073],[-98.84534263099991,21.81003998500006],[-98.84486970799998,21.809720831000046],[-98.84463544599998,21.80892063100003],[-98.84468998499995,21.808104969000055],[-98.84475587699994,21.807633815000028],[-98.84496981499996,21.807139954000036],[-98.845324969,21.806709415000054],[-98.84573169199996,21.806383415000028],[-98.84644232299993,21.80638],[-98.84723109199994,21.806367323000078],[-98.84790595399994,21.80624553800004],[-98.84900906199994,21.80607426200004],[-98.85024893799991,21.80603786200004],[-98.85169189199995,21.806214015000027],[-98.85307826199993,21.806757292000043],[-98.85361603099993,21.805880108000057],[-98.85317355399994,21.80496687700003],[-98.85158386199998,21.804568538000073],[-98.85014510799999,21.804161954000055],[-98.85004538499997,21.80351983100007],[-98.85047672299996,21.80325793800006],[-98.85168656899998,21.80327967700003],[-98.85224075399996,21.80301935400007],[-98.85197652299993,21.801864185000063],[-98.8514714,21.80098947700003],[-98.85090212299994,21.80070018500004],[-98.84998224599997,21.800416846000076],[-98.84969196900002,21.800026185000036],[-98.84967367699991,21.799589046000047],[-98.85098584599993,21.79932795400003],[-98.85173578499993,21.799048862000063],[-98.85182989199994,21.798646800000018],[-98.85237266199991,21.79856316900003],[-98.85347118499998,21.798764908000066],[-98.85396669199997,21.799362200000076],[-98.85396829199996,21.80061407700003],[-98.85415675399996,21.800960954000065],[-98.85445078499997,21.801308231000064],[-98.85477190799995,21.801381277000075],[-98.85523464599999,21.801284400000046],[-98.85568956899998,21.800774431000036],[-98.85541509199997,21.798748154000066],[-98.85631224599996,21.797925738000064],[-98.856665723,21.79830252300007],[-98.8566753539999,21.79954687700006],[-98.85663024599994,21.800177615000056],[-98.85686949199999,21.800532277000055],[-98.85739095399997,21.800549200000027],[-98.85781538499998,21.800426723000044],[-98.8578,21.80001429200007],[-98.85746879999999,21.79939807700003],[-98.85797941499999,21.798860600000072],[-98.85908538499996,21.797583569000036],[-98.85931878499994,21.79713169200005],[-98.85932404599997,21.79649144600006],[-98.85911826199998,21.79612407700005],[-98.85853818499996,21.795214369000064],[-98.85825695399994,21.794684354000026],[-98.85840781499992,21.79437496900005],[-98.85988829199991,21.79441120000007],[-98.86003873799991,21.793869308000072],[-98.86013310799994,21.793187446000047],[-98.86043349199997,21.792645662000034],[-98.86107079999992,21.792506323000048],[-98.86135679999995,21.792820062000033],[-98.86116363099997,21.793398138000043],[-98.86088629199996,21.794059754000045],[-98.86097547699993,21.79418481500005],[-98.86172543099997,21.79383573800004],[-98.86236946199995,21.793743569000068],[-98.86347452299997,21.794408923000052],[-98.86420530799995,21.79451443100003],[-98.86449206199995,21.79450952300004],[-98.86468443099993,21.79434493800005],[-98.86472195399993,21.793997231000045],[-98.86427546199997,21.793841046000068],[-98.86379387699996,21.79360487700006],[-98.86386373799995,21.793185662000038],[-98.86409855399994,21.79294224600005],[-98.86441,21.79242535400004],[-98.86438898499995,21.792112508000056],[-98.86444395399995,21.79180455400007],[-98.86468624599996,21.79162064600007],[-98.86551686199992,21.79193538500004],[-98.86598059999993,21.791944846000032],[-98.86630133799993,21.791618554000024],[-98.86685083099994,21.79105113800006],[-98.86733960000001,21.790823554000042],[-98.86785789199993,21.790798923000068],[-98.86822178499993,21.791012400000056],[-98.86836841499994,21.79158030800005],[-98.86814338499994,21.79214133800008],[-98.86767,21.792698800000036],[-98.86758175399993,21.793149154000044],[-98.86820703099993,21.793479246000057],[-98.86875632299993,21.793536554000067],[-98.86931349199995,21.793346369000062],[-98.86987619999994,21.79280478500004],[-98.87068209199997,21.792752954000033],[-98.87113224599993,21.79298395400008],[-98.87148750799994,21.793225677000066],[-98.87187852299992,21.792793092000064],[-98.87201241499994,21.79210393800002],[-98.87197624599996,21.791547492000063],[-98.87147553799994,21.790866246000064],[-98.87171989199997,21.790227477000027],[-98.87276963099997,21.789896077000034],[-98.87391767699991,21.790397477000056],[-98.87452204599998,21.790174615000073],[-98.87522466199992,21.789793031000038],[-98.87539350799992,21.78929544600004],[-98.87538896899994,21.788564185000038],[-98.87578849199994,21.787905062000053],[-98.87603761499994,21.787119769000068],[-98.87606015399994,21.787014462000062],[-98.87610350799996,21.78644741500005],[-98.87610370799993,21.78621015400006],[-98.87621572299996,21.78602990800004],[-98.8763073379999,21.78590660000003],[-98.87636844599996,21.785792754000052],[-98.87652763099996,21.78568884600002],[-98.87670406199999,21.78569809200007],[-98.87689475399993,21.78585043100003],[-98.87702567699995,21.785980769000048],[-98.87716115399994,21.786210938000064],[-98.87727281499994,21.78643880000003],[-98.87746366199998,21.786663754000074],[-98.87769552299993,21.78684969200003],[-98.87794350799996,21.786866369000055],[-98.87821659999996,21.78675798500006],[-98.87849279999992,21.78660103100003],[-98.87863601499994,21.78637292300004],[-98.87859190799995,21.786132138000024],[-98.87848238499996,21.785891354000054],[-98.87837346199994,21.785512985000018],[-98.87815844599997,21.785186677000066],[-98.87815873799994,21.78484501500003],[-98.8781385999999,21.78460773800003],[-98.87823018499994,21.784512908000064],[-98.87844373799996,21.784484585000026],[-98.87868769199996,21.78456069200007],[-98.8788705379999,21.78476012300007],[-98.87914484599996,21.785007092000054],[-98.87930733799995,21.785234985000038],[-98.87962229199995,21.785548400000035],[-98.87983569199996,21.785662446000057],[-98.88004918499995,21.78570055400007],[-98.88023223099997,21.78566273800004],[-98.88036063099996,21.785405938000046],[-98.88025,21.785159738000054],[-98.88013115399994,21.784969846000024],[-98.87996570799997,21.78476638500007],[-98.87979239999996,21.78460436900008],[-98.87971956899996,21.784357200000038],[-98.8797745689999,21.78408455400006],[-98.87989349199995,21.783803446000036],[-98.88003055399994,21.783641662000033],[-98.880213262,21.783462846000074],[-98.88035955399992,21.783198800000033],[-98.88039721499995,21.782981569000068],[-98.88040563099996,21.78279655400007],[-98.88034790799995,21.782688585000066],[-98.88015795399996,21.782673015000054],[-98.87988539999996,21.782695954000076],[-98.87964579999999,21.782780585000065],[-98.8793896769999,21.782880615000067],[-98.87919144599992,21.782895892000056],[-98.87898501499993,21.78285720000002],[-98.8788364769999,21.782695185000023],[-98.87875413799993,21.782402169000022],[-98.87876107699995,21.782213446000064],[-98.87907756899992,21.781926231000053],[-98.87936901499994,21.781739999999996],[-98.87973536899992,21.781561585000077],[-98.87993629199995,21.781265092000073],[-98.87998944599997,21.781061800000032],[-98.88000723099996,21.78089695400007],[-98.87987778499993,21.780814446000026],[-98.87965716899997,21.780853215000036],[-98.87941552299995,21.780967308000076],[-98.87921824599992,21.78107223100005],[-98.87902355399994,21.781097862000024],[-98.87891218499996,21.78100607700003],[-98.87891238499996,21.78077527700003],[-98.87895387699994,21.78042361500007],[-98.87901303099993,21.78009944600006],[-98.87912203099994,21.779724985000026],[-98.87919341499996,21.779486938000044],[-98.87922918499997,21.77928207700006],[-98.87922344599997,21.779043969000043],[-98.87921183099994,21.778761554000024],[-98.87926535399995,21.778589938000028],[-98.87937218499992,21.778523569000072],[-98.87952283099995,21.778511662000028],[-98.87968530799996,21.778502862000035],[-98.87993376899998,21.778538723000054],[-98.88025866199996,21.77862818500006],[-98.88053279999995,21.778699615000047],[-98.88061778499997,21.778694015000042],[-98.88086666199996,21.77867152300007],[-98.88114590799995,21.778620738000026],[-98.88130984599995,21.778558538000027],[-98.88146169199997,21.778439662000036],[-98.88163783099996,21.778292462000024],[-98.88201647699996,21.777932431000067],[-98.88223372299994,21.777755415000062],[-98.88236684599995,21.777693754000037],[-98.882514631,21.77767332300004],[-98.88266507699994,21.777673477000064],[-98.88279583099992,21.77781061500008],[-98.88283267699993,21.77797747700004],[-98.88283249199995,21.778207615000042],[-98.88277664599994,21.778371569000058],[-98.88268952299993,21.77858021500003],[-98.88255275399993,21.77873664600002],[-98.88249627699994,21.778922138000038],[-98.88246487699993,21.779056492000056],[-98.88254610799996,21.779214277000047],[-98.88269950799996,21.779290338000067],[-98.88287038499995,21.779360108000052],[-98.88312243099993,21.779416754000067],[-98.88345652299994,21.779454154000067],[-98.88367535399995,21.779472338000062],[-98.88392418499996,21.77946130800007],[-98.88427079999995,21.779425400000033],[-98.88464696899997,21.77942433800007],[-98.88484166199999,21.779471815000026],[-98.88501736899995,21.779506323000078],[-98.88511053799999,21.77965775400003],[-98.88509206199994,21.779858538000045],[-98.88499489199995,21.78010673800003],[-98.88485729199998,21.780365999999997],[-98.88474512299995,21.78061863100003],[-98.88449778499992,21.78119886200005],[-98.88431659999996,21.78143564600003],[-98.88424446199998,21.78150287700003],[-98.88401056899994,21.781650200000055],[-98.88398516899996,21.781690492000052],[-98.88395767699994,21.781765908000068],[-98.8839387849999,21.78188835400005],[-98.88395441499992,21.78227883100004],[-98.88397673799992,21.78234146200003],[-98.88398890799999,21.782389646000066],[-98.88402161499994,21.782459938000038],[-98.88410723099996,21.782535631000023],[-98.88420127699999,21.782601308000036],[-98.88430301499993,21.78269006200002],[-98.88440801499993,21.782736031000063],[-98.88454759999995,21.782757154000024],[-98.88471021499997,21.78275481500003],[-98.88480463099995,21.782754877000055],[-98.88498298499995,21.782774600000035],[-98.88518150799993,21.782989892000042],[-98.88530826199994,21.783160462000072],[-98.88544239999997,21.78336323100006],[-98.88570824599996,21.783604662000073],[-98.88582501499994,21.783646492000056],[-98.88594664599998,21.783672908000025],[-98.88620423099995,21.78355838500005],[-98.88645923099993,21.78338913800007],[-98.88674341499994,21.78324409200007],[-98.88703472299991,21.78320935400006],[-98.88743193799993,21.783246708000032],[-98.88769692299995,21.783448585000023],[-98.88802739999991,21.783810769000073],[-98.88827232299992,21.78417292300003],[-98.88838615399996,21.784476400000074],[-98.88852295399992,21.78482203100003],[-98.88862999999999,21.78502918500003],[-98.88881864599993,21.785401692000047],[-98.88894072299993,21.78557786200002],[-98.88913435399994,21.785786769000023],[-98.88951558499997,21.786124185000062],[-98.88988993799994,21.786521708000066],[-98.89024407699996,21.78680527700004],[-98.89061496899997,21.786827892000076],[-98.89085898499995,21.78675243100002],[-98.89106203099998,21.786548215000035],[-98.891134046,21.78628593800005],[-98.89114575399995,21.786140015000054],[-98.89104164599996,21.785956154000075],[-98.89086379999996,21.785778554000043],[-98.89078903099993,21.78569467700003],[-98.89066313799998,21.785600431000027],[-98.89043833799992,21.78546649200007],[-98.89018949199998,21.785429662000066],[-98.8899865079999,21.785398954000073],[-98.88984249199994,21.78531327700005],[-98.88976479999995,21.785182169000045],[-98.88978390799996,21.78493473800006],[-98.890193077,21.784470923000075],[-98.89051247699996,21.78420420000003],[-98.89093172299991,21.78383824600007],[-98.89128147699995,21.78356503100002],[-98.89147123099995,21.783361615000047],[-98.89151690799996,21.783139338000062],[-98.89144232299996,21.783005431000046],[-98.89131939999999,21.78285580000005],[-98.89104032299996,21.782747785000023],[-98.89071146199996,21.78268136900004],[-98.89035470799993,21.78269560000006],[-98.88999019999993,21.782738800000054],[-98.88970324599995,21.782789277000056],[-98.88959476899998,21.78269404600007],[-98.88947079999998,21.78252852300005],[-98.88945549199997,21.78223795400003],[-98.88940924599994,21.781898723000044],[-98.88921552299995,21.78171038500005],[-98.88896427699994,21.781580446000074],[-98.88872632299994,21.78140712300006],[-98.8884701379999,21.781226508000028],[-98.88817686199994,21.781087169000045],[-98.88800556899996,21.780855231000032],[-98.88802919999995,21.780526862000038],[-98.88807630799991,21.780249708000035],[-98.88810498499998,21.779848062000045],[-98.88828776899997,21.779622554000067],[-98.88848650799993,21.77962530800005],[-98.88873163099996,21.779626015000076],[-98.88901838499997,21.779653754000037],[-98.88923864599995,21.779677892000052],[-98.88937595399992,21.779657200000027],[-98.88944933799993,21.779549738000068],[-98.88940583099993,21.77932893800005],[-98.88921756899998,21.77911120000004],[-98.88888149199992,21.778498969000054],[-98.88866510799993,21.77778924600005],[-98.88862356899995,21.777365185000065],[-98.88883898499991,21.776998738000035],[-98.88902270799996,21.776907908000055],[-98.88934549199993,21.77685233800003],[-98.8898025079999,21.776870415000083],[-98.89029069199997,21.776811508000037],[-98.89057032299993,21.776713585000028],[-98.89078024599995,21.776551108000035],[-98.89089473799997,21.776254908000055],[-98.89094109199999,21.775924923000048],[-98.89099083099994,21.775472308000076],[-98.89110975399996,21.775005662000073],[-98.89129066199997,21.774645446000022],[-98.89154058499997,21.774412477000052],[-98.89172555399992,21.774174446000075],[-98.89180470799994,21.774005877000036],[-98.89179123099993,21.77381504600004],[-98.89173269199995,21.773703923000028],[-98.89148972299992,21.77365346200003],[-98.89124701499995,21.773650646000075],[-98.89107938499994,21.773597708000068],[-98.89096473799998,21.773475677000082],[-98.89058496899996,21.77258572300008],[-98.89053478499993,21.772148662000063],[-98.89053095399996,21.77183455400007],[-98.89062947699996,21.771677185000044],[-98.89077176899995,21.77158052300007],[-98.89091967699993,21.771572138000067],[-98.89103272299994,21.77160469200004],[-98.89128000000001,21.771775262000066],[-98.89149289199996,21.771908615000036],[-98.89168603099995,21.77203107700006],[-98.89187644599997,21.772121677000026],[-98.89198916899994,21.77221980000007],[-98.89217193799996,21.772354246000074],[-98.89235966199999,21.772505015000036],[-98.89249987699993,21.772628292000032],[-98.89269744599994,21.772720062000076],[-98.89285549199995,21.772779492000037],[-98.89305079999997,21.77276029200004],[-98.89321506199997,21.772685999999997],[-98.89329343099996,21.77256424600006],[-98.89331969199998,21.77235316900004],[-98.89331990799995,21.772060862000043],[-98.89327592299996,21.77173438500006],[-98.89318361499994,21.77151595400005],[-98.89304323099998,21.771289015000036],[-98.89273786199996,21.771078938000077],[-98.89253663099997,21.77102803100007],[-98.89223955399993,21.77095635400008],[-98.89195333799995,21.770875108000045],[-98.89165559999999,21.770722754000076],[-98.89151607699992,21.77041578500007],[-98.89150949199995,21.77019109200006],[-98.89158687699994,21.77008220000004],[-98.89178912299994,21.770022708000056],[-98.89211543099998,21.77018043100003],[-98.89240853799996,21.77027184600007],[-98.89253395399997,21.77028544600006],[-98.89295984599994,21.770384092000032],[-98.89347,21.770345062000047],[-98.89376147699993,21.770030385000037],[-98.89374072299994,21.769577754000068],[-98.89349852299993,21.769008169000074],[-98.89347552299994,21.768517892000027],[-98.89366623099991,21.768119446000068],[-98.89391375399997,21.76775084600007],[-98.89443124599995,21.767242385000024],[-98.89477619999994,21.766827538000026],[-98.89515026199994,21.76646830800007],[-98.89562567699994,21.76597596900007],[-98.89591712299992,21.76559987700005],[-98.89639879999997,21.76528790800006],[-98.89696603099996,21.765021431000033],[-98.89758073799999,21.764967169000048],[-98.89810735399996,21.76529533800004],[-98.89857524599995,21.765782031000068],[-98.89865918499999,21.76641209200005],[-98.89849001499991,21.766982923000057],[-98.89873644599997,21.767923123000063],[-98.89909439999995,21.768761292000022],[-98.89930633799995,21.770128538000048],[-98.8995302769999,21.771010462000053],[-98.90072956899996,21.772185999999998],[-98.901683092,21.773082877000032],[-98.90213959999994,21.773221785000032],[-98.90248315399997,21.773483569000064],[-98.90255781499994,21.77397663100004],[-98.90264927699995,21.7744],[-98.90294289199993,21.77473080000004],[-98.90326359999996,21.77499761500008],[-98.9036048,21.77503046200007],[-98.90368943099996,21.77465644600005],[-98.90361509199995,21.774254215000045],[-98.90375738499995,21.773992585000027],[-98.90409084599997,21.773849492000068],[-98.90461835399995,21.773771046000036],[-98.90497716899995,21.77355467700005],[-98.90528172299996,21.77323970800006],[-98.90571301499993,21.773032846000028],[-98.90617989199995,21.773017646000024],[-98.90677083099993,21.77306350800006],[-98.90744618499996,21.77272920000006],[-98.90767852299996,21.772315892000048],[-98.90767129199997,21.771779708000054],[-98.90746824599997,21.771232954000027],[-98.90711601499999,21.77091178500007],[-98.90685986199998,21.771046938000037],[-98.90669823099995,21.771311985000068],[-98.90653972299995,21.77156712300007],[-98.90623146199994,21.77178080000004],[-98.90583703099995,21.771764062000045],[-98.90544930799996,21.77165975400004],[-98.90478443099994,21.771563231000073],[-98.90426696899999,21.771390692000068],[-98.90412072299996,21.77126487700008],[-98.90406587699992,21.771021692000033],[-98.90414781499996,21.770899031000056],[-98.90433390799996,21.770802908000064],[-98.90457515399997,21.77077978500006],[-98.90500009199995,21.770778738000047],[-98.90534846199995,21.770607462000044],[-98.90538026199991,21.77014895400003],[-98.90534903099993,21.769897738000054],[-98.905416431,21.769639677000036],[-98.90559164599996,21.769538769000064],[-98.90584490799995,21.769381400000043],[-98.90618256899995,21.76922409200006],[-98.90634661499995,21.769068738000044],[-98.90657535399997,21.768809446000027],[-98.90655483099992,21.768437292000037],[-98.90624670799997,21.768331200000027],[-98.90569172299993,21.768405999999995],[-98.90527006199994,21.768281708000075],[-98.90507924599996,21.76800766200006],[-98.90506427699995,21.767640723000056],[-98.90499195399997,21.767217954000046],[-98.90481078499995,21.766950354000077],[-98.90453119999995,21.766741323000076],[-98.90411192299997,21.766262385000058],[-98.90399578499994,21.76563130800002],[-98.90404284599995,21.764978569000053],[-98.904688692,21.764618215000038],[-98.905216323,21.76425741500003],[-98.90563869199997,21.76386375400006],[-98.90583,21.76333204600007],[-98.90606147699998,21.76285946200005],[-98.90627287699999,21.76232778500002],[-98.90644195399993,21.761993046000043],[-98.90661106199998,21.761579523000023],[-98.906421262,21.761343062000034],[-98.90600403099994,21.761310415000025],[-98.90570893799995,21.76124127700006],[-98.905513908,21.761149846000016],[-98.90540473799996,21.760988692000073],[-98.90534532299993,21.76065307700003],[-98.90515570799994,21.760140862000068],[-98.90488529199996,21.76001801500007],[-98.90460566199997,21.759887308000035],[-98.90385975399994,21.759886877000042],[-98.90336183099997,21.760001954000074],[-98.90293978499994,21.759922908000078],[-98.90272999999999,21.759509169000072],[-98.90310906199996,21.759273031000077],[-98.90351023099997,21.759017215000032],[-98.90359490799995,21.758643031000073],[-98.90326989199998,21.75804863100006],[-98.90271070799996,21.75727818500008],[-98.90234876899994,21.756559615000075],[-98.90233921499997,21.755784015000074],[-98.90253363099998,21.75547536900007],[-98.90279636899997,21.755374015000033],[-98.90313784599992,21.75563275400003],[-98.90344587699994,21.756139462000075],[-98.90361830799996,21.756486446000054],[-98.90392967699997,21.756634138000035],[-98.90433829199996,21.756571354000073],[-98.90471241499995,21.75627821500007],[-98.90509435399996,21.75590893800006],[-98.90545336899999,21.75555461500005],[-98.90571938499994,21.755089831000074],[-98.90600281499994,21.754451938000045],[-98.90610872299999,21.75384141500007],[-98.90619279999999,21.75337158500002],[-98.90619386199997,21.752738462000025],[-98.90572707699992,21.75267503100002],[-98.90484000000001,21.753109200000036],[-98.90430175399995,21.753390954000054],[-98.90392396899998,21.753411415000077],[-98.90361032299995,21.753176523000036],[-98.90336332299992,21.752772800000056],[-98.90357736899993,21.75204761500003],[-98.90394323099997,21.751225062000064],[-98.90419678499997,21.75077220000002],[-98.90449312299995,21.750563708000076],[-98.90541972299995,21.750187615000076],[-98.90675149199996,21.75048415400005],[-98.90732753799993,21.750320462000047],[-98.90815330799995,21.748403323000044],[-98.90879789199992,21.748473662000034],[-98.90902241499998,21.749033677000053],[-98.90912792299997,21.749302646000043],[-98.909324831,21.749706769000056],[-98.90960319999999,21.749886246000074],[-98.90992493799996,21.74992589200008],[-98.91036324599999,21.749837400000047],[-98.91077350799996,21.749793846000042],[-98.911230646,21.749881646000066],[-98.911652615,21.749925646000065],[-98.91187544599997,21.749739708000046],[-98.91195269199996,21.749493123000036],[-98.91191621499996,21.74920561500005],[-98.91160107699994,21.749020646000076],[-98.91115332299994,21.74876658500005],[-98.91083696899994,21.748503138000043],[-98.91075513799994,21.748251123000045],[-98.91130733799996,21.748088185000032],[-98.9117398,21.747936585000044],[-98.91222224599996,21.747651169000054],[-98.91237883099993,21.747374769000036],[-98.91233606199995,21.746857600000055],[-98.91247863099991,21.746415846000044],[-98.91305000000001,21.746152862000027],[-98.91408261499998,21.746200015000056],[-98.91463596899996,21.74666555400006],[-98.91486004599996,21.747404200000062],[-98.91485598499997,21.748504999999998],[-98.91517835399993,21.74901716900007],[-98.91579049199999,21.748781123000075],[-98.91690739999996,21.747823200000028],[-98.91723992299997,21.747102385000062],[-98.91709943099995,21.746289585000053],[-98.91715613799994,21.746002662000024],[-98.91757741499998,21.74588223100005],[-98.91789484599997,21.745845462000034],[-98.91819029199996,21.745845600000052],[-98.91865459999998,21.745806446000074],[-98.91924169199997,21.745750631000075],[-98.91994795399995,21.746024646000023],[-98.92065533799995,21.74628713800007],[-98.921207785,21.74639856900006],[-98.92221892299993,21.746699954000057],[-98.92320412299992,21.746403615000077],[-98.92386710799995,21.745887708000055],[-98.92424698499998,21.74584849200005],[-98.92488389199997,21.74613952300006],[-98.92551456899997,21.74664563100003],[-98.92577130799995,21.746550200000055],[-98.92589784599993,21.746145323000064],[-98.92658758499991,21.745597477000043],[-98.92730707699994,21.745245708000027],[-98.92773398499997,21.745195262000035],[-98.92805973799993,21.745579246000027],[-98.92809492299993,21.745944769000058],[-98.92798669199999,21.746421062000024],[-98.92778218499994,21.746680969000067],[-98.92750601499995,21.747242338000028],[-98.92839967699996,21.747409554000054],[-98.92832989199995,21.748043723000023],[-98.92901952299995,21.748229154000054],[-98.92965850799999,21.748498769000033],[-98.93028361499996,21.748455169000067],[-98.92989064599999,21.747419262000047],[-98.92975366199995,21.746146999999997],[-98.92977955399999,21.745432031000053],[-98.93049038499998,21.74463364600006],[-98.93041844599998,21.74433601500004],[-98.92926936899995,21.74435935400004],[-98.92926258499995,21.744090708000044],[-98.92986479999996,21.743831400000033],[-98.93048295399994,21.74333758500006],[-98.93049570799995,21.742977585000062],[-98.93100639999994,21.742977800000062],[-98.93212975399997,21.74333575400004],[-98.93315392299996,21.743503969000074],[-98.93458110799996,21.74328907700004],[-98.93954975399998,21.742342185000034],[-98.940625862,21.742275169000038],[-98.94126656899995,21.74221967700003],[-98.94199270799999,21.74242652300006],[-98.94228618499994,21.743358708000073],[-98.94173756899994,21.743668538000062],[-98.94102747699998,21.744167692000076],[-98.94051392299998,21.744589908000023],[-98.93949047699992,21.745413492000065],[-98.93842160000001,21.74655076900007],[-98.93752316899999,21.74756306200004],[-98.93758269199999,21.748261308000053],[-98.93738796899999,21.748931523000067],[-98.93722409199995,21.74903672300007],[-98.93767487699995,21.749467369000058],[-98.93846226199997,21.749113569000027],[-98.93923887699994,21.748500754000077],[-98.93971698499996,21.748276323000027],[-98.94010452299993,21.748126538000058],[-98.94070850799993,21.747866585000054],[-98.94141135399997,21.747573923000058],[-98.94206395400002,21.747421846000066],[-98.94264119999995,21.74739861500007],[-98.94360698499999,21.748594015000034],[-98.94437987699995,21.748151554000057],[-98.944944385,21.74804196900004],[-98.94566472299994,21.749152169000073],[-98.94612726199998,21.749176108000025],[-98.94678990799997,21.749000185000057],[-98.94724781499997,21.748784492000027],[-98.94781170799996,21.74878190800007],[-98.94804209199995,21.74928161500003],[-98.94794727699997,21.749660692000077],[-98.94757053799995,21.750593246000047],[-98.94843143099995,21.75044253800007],[-98.94877378499997,21.750700185000028],[-98.94928792299999,21.751006262000033],[-98.95036052299996,21.749856108000074],[-98.95013670799993,21.749243446000033],[-98.94974852299997,21.748724554000027],[-98.94951893799998,21.74845886200006],[-98.94930676899997,21.74817006200004],[-98.94914143099999,21.747883631000036],[-98.94901386199999,21.747549938000073],[-98.94875859999995,21.747287708000044],[-98.94843330799995,21.746922354000045],[-98.94812013799998,21.74612178500007],[-98.94793186199996,21.74552544600004],[-98.94792418499999,21.74466063100004],[-98.94829895399994,21.744318600000042],[-98.94877938499995,21.74407669200008],[-98.94924050799993,21.74393050800006],[-98.95034376899997,21.744214785000054],[-98.95151612299995,21.74427795400004],[-98.95237010799994,21.744142708000027],[-98.95385884599993,21.743680862000076],[-98.95468349199996,21.742759046000057],[-98.95466530799996,21.742346046000016],[-98.95428336899995,21.741956569000028],[-98.95449964600002,21.74170163100007],[-98.95479579999994,21.741849246000072],[-98.95545744599997,21.742264108000025],[-98.9560111229999,21.74266893800006],[-98.95644381499993,21.743588738000028],[-98.95616623099994,21.744341292000055],[-98.95606552299995,21.744748123000026],[-98.95592438499995,21.745166923000056],[-98.955784785,21.745519492000025],[-98.95599,21.746063692000064],[-98.956154369,21.746670754000036],[-98.956228862,21.747637092000044],[-98.95639970799998,21.748366077000068],[-98.95647781499994,21.74859601500003],[-98.95718023099991,21.749721123000025],[-98.95768670799998,21.75033555400006],[-98.95872979999997,21.75142056900006],[-98.96010033799995,21.750401785000065],[-98.96185247699995,21.748724723000066],[-98.96262552299999,21.751159338000036],[-98.96291480000001,21.751489677000052],[-98.96326801499998,21.751957508000036],[-98.96344055399999,21.75227127700003],[-98.96318235399995,21.752521846000032],[-98.96281061499995,21.752589231000055],[-98.96202583099992,21.752675815000032],[-98.961532692,21.753042999999998],[-98.96124133799998,21.753346954000047],[-98.96111006199999,21.753625585000066],[-98.96114772299994,21.754333538000026],[-98.96147803099994,21.754738462000034],[-98.96191164599999,21.75537552300005],[-98.96189709199997,21.755724831000062],[-98.96166950799996,21.75615473800008],[-98.96115955399996,21.75694087700003],[-98.96092223099998,21.75727238500008],[-98.96063852299991,21.75804904600005],[-98.96051601499994,21.758869554000057],[-98.96065903099998,21.760078400000054],[-98.96078559999995,21.761033785000052],[-98.96112218499997,21.762268908000067],[-98.96162773799995,21.763314523000076],[-98.96310893799992,21.763921923000055],[-98.96433967699994,21.764377092000075],[-98.96724584599998,21.76635607700007],[-98.96751009199996,21.76648907700007],[-98.96777435399996,21.76662207700002],[-98.96825963099997,21.76690527700003],[-98.96898763099995,21.766990338000028],[-98.96983693799996,21.76710373800006],[-98.97104175399993,21.76764484600005],[-98.97171747699996,21.76786843100007],[-98.97268816899997,21.76784027700006],[-98.97492092299994,21.768047923000037],[-98.97593073799997,21.768336446000028],[-98.97657484599995,21.768964],[-98.97694579999995,21.769405169000038],[-98.97697492299993,21.76946289200003],[-98.97737078499995,21.770232215000075],[-98.97766589199996,21.770806477000065],[-98.97815656899995,21.771761338000033],[-98.97857995399993,21.772585262000064],[-98.97860336899997,21.772630815000067],[-98.981263462,21.772911554000075],[-98.98148841499993,21.77326301500005],[-98.97992221499999,21.773863892000065],[-98.98040726199997,21.774558908000078],[-98.981407446,21.776008477000065],[-98.98143878499995,21.77605526200006],[-98.98318875399995,21.778226800000024],[-98.98322918499997,21.778069108000068],[-98.98367772299994,21.777266169000036],[-98.98393476899997,21.77687167700003],[-98.99891319999995,21.776879415000057],[-98.99949676899996,21.777664554000072],[-98.99852944599998,21.777746631000067],[-98.99865721499998,21.77869926200003],[-98.99879039999993,21.77923760000004],[-98.99936000000001,21.779688985000064],[-98.99975779999994,21.780058308000033],[-99.00008886199997,21.780098999999996],[-99.00159704599997,21.780093308000062],[-99.00385929199994,21.78005807700003],[-99.00483587699993,21.77986546200004],[-99.00514641499994,21.781628015000024],[-99.004628262,21.78302660000002],[-99.004403246,21.782967862000078],[-99.00424290799995,21.783172677000035],[-99.00414838499995,21.783316723000038],[-99.0041068,21.783426723000044],[-99.00410878499996,21.78356167700002],[-99.00414839999995,21.783729892000046],[-99.00421313799994,21.784109077000036],[-99.00422327699994,21.78436670800005],[-99.00424063099997,21.784666862000044],[-99.00423416899997,21.785071815000034],[-99.00432159999995,21.785253123000075],[-99.00457018499996,21.785438538000044],[-99.00517379999995,21.78587090800005],[-99.00540333799994,21.786033554000024],[-99.00556912299997,21.786267600000027],[-99.00567709199997,21.786455662000037],[-99.00586635399995,21.786789246000065],[-99.00585933799991,21.78693641500007],[-99.00582079999998,21.78703780000006],[-99.00563723099994,21.78749460000006],[-99.00554173799993,21.78765543100008],[-99.00535467699994,21.787822415000047],[-99.00509712299996,21.787974246000033],[-99.00491006199996,21.788100754000023],[-99.00468310799994,21.788338369000027],[-99.00451338499992,21.78848318500007],[-99.00434852299995,21.788587277000026],[-99.00421758500002,21.788646108000016],[-99.00402847699995,21.788895015000033],[-99.00382966199999,21.78912581500003],[-99.00371904599997,21.78937641500005],[-99.00362169199997,21.789786985000028],[-99.00357483099997,21.79011680000007],[-99.00353426199995,21.79023535400006],[-99.00339749199996,21.790460092000043],[-99.00322804599995,21.790779169000075],[-99.00311601499999,21.791011338000033],[-99.00307526199998,21.791252246000056],[-99.00303712299993,21.79156849200007],[-99.00293401499991,21.791907969000086],[-99.00277956899997,21.792242138000056],[-99.00269167699996,21.792361769000028],[-99.00249756899993,21.79250530800004],[-99.00231446199997,21.792689862000028],[-99.00215256899996,21.792916846000026],[-99.00193241499993,21.793170631000066],[-99.00154730799993,21.793626615000047],[-99.00127916899999,21.793986431000064],[-99.00089233799994,21.794468092000045],[-99.00064815399995,21.794778],[-99.00043733799994,21.79500080000002],[-99.00014507699994,21.79523607700002],[-98.99985298499996,21.795495123000023],[-98.99974716899999,21.79562787700007],[-98.99960316899997,21.79587096900008],[-98.99953710799996,21.795993769000066],[-98.99948219999999,21.796166723000056],[-98.99945909199995,21.796404538000044],[-98.99939769199995,21.796715046000028],[-98.99930344599996,21.79694336900008],[-98.99923184599999,21.797103477000064],[-98.99908030799995,21.79734187700006],[-98.99901667699999,21.797519631000053],[-98.99895798499995,21.797811000000003],[-98.99888713799996,21.79810620000006],[-98.99883641499996,21.798323938000063],[-98.99879313799993,21.798600262000033],[-98.99875550799999,21.798830492000036],[-98.99857410799994,21.799238477000074],[-98.99882393799997,21.799227231000028],[-98.99895107699996,21.799257846000042],[-98.99901324599996,21.799338385000052],[-98.99902946199998,21.799503123000022],[-98.99906763099993,21.799561646000033],[-98.99919870799991,21.79964120000005],[-98.99947056899998,21.799730292000042],[-98.99969641499995,21.799773477000027],[-98.99978892299997,21.799838554000075],[-98.99990000000001,21.799921815000065],[-99.00022276899995,21.800315631000043],[-99.00038161499994,21.80048109200004],[-99.00045970799991,21.800674908000076],[-99.00039307699993,21.800965092000077],[-99.00044490799995,21.801165446000034],[-99.00056833799991,21.801329385000027],[-99.00070418499995,21.801638677000028],[-99.00075038499992,21.801877000000005],[-99.00080806199995,21.802027031000023],[-99.000925662,21.802103031000055],[-99.00107032299994,21.802175938000065],[-99.00161919999994,21.802416508000075],[-99.00277143099996,21.802942277000053],[-99.00345516899992,21.80320341500004],[-99.004584246,21.803675231000057],[-99.00681167699996,21.804620277000026],[-99.00804633799996,21.805073508000078],[-99.00899764599994,21.805394523000075],[-99.01017204599998,21.805754123000046],[-99.01094833799995,21.80250689200005],[-99.01970449199995,21.799575385000026],[-99.02368961499995,21.79824098500006],[-99.02477570799991,21.801437723000053],[-99.0297429079999,21.816055846000044],[-99.02993975399993,21.817851708000042],[-99.031533246,21.816592892000074],[-99.03288155399994,21.815391308000077],[-99.03386192299995,21.813846554000065],[-99.03507118499999,21.81251887700006],[-99.03654218499996,21.812032323000036],[-99.03789056899994,21.81145993800004],[-99.03926187699993,21.810920708000033],[-99.03963729199994,21.810773092000034],[-99.04040335399996,21.81028660000004],[-99.04100547699994,21.80999463100005],[-99.04199681499992,21.809513938000066],[-99.04295967699994,21.80833507700003],[-99.04337546199997,21.80782601500005],[-99.04433832299995,21.80661387700007],[-99.04614583099998,21.804668431000042],[-99.04730552299995,21.803626262000023],[-99.04776961499994,21.80320918500007],[-99.05003669199999,21.801063308000042],[-99.05328424599998,21.79865966200003],[-99.05527543099997,21.796799785000076],[-99.05598015399991,21.79651350800003],[-99.06157644599995,21.79839695400005],[-99.0635688149999,21.79948310800006],[-99.06409635399996,21.80080852300006],[-99.06434219999993,21.802381569000033],[-99.06400603099995,21.804584123000044],[-99.06397596899996,21.805407846000033],[-99.06394547699993,21.80624312300006],[-99.06511070799995,21.807587031000025],[-99.06710300000002,21.808186877000026],[-99.069064369,21.80798581500006],[-99.07015756899993,21.80802180000006],[-99.07078063099999,21.808042308000037],[-99.07283359999994,21.807383554000072],[-99.07504332299997,21.807357262000043],[-99.07741384599996,21.806971415000085],[-99.07902813799993,21.806136908000035],[-99.08091679999995,21.80440446200004],[-99.08201036899999,21.80269723100002],[-99.08368804599995,21.801540600000067],[-99.08521113799995,21.801044446000052],[-99.08673616899993,21.800883262000074],[-99.08828006199995,21.800801323000034],[-99.09062501499994,21.799022046000058],[-99.09442830799996,21.79721504600008],[-99.09674412299994,21.794969400000074],[-99.09857530799994,21.794203477000053],[-99.10093738499994,21.79447196900003],[-99.10291427699995,21.79541558500005],[-99.10542206199993,21.797168615000036],[-99.10778498499995,21.79847183100003],[-99.11048473799995,21.798919969000053],[-99.112220585,21.79959364600006],[-99.11474363099994,21.803803385000037],[-99.11704106199994,21.806344215000024],[-99.11696955399998,21.80837480000002],[-99.11683310799994,21.812249138000027],[-99.116699446,21.81604420000008],[-99.11592490799995,21.83803195400003],[-99.11576092299997,21.842686385000032],[-99.11566490799997,21.845411677000072],[-99.11735043099996,21.847891092000058],[-99.11931516899992,21.84764620000004],[-99.12502990799999,21.847285523000043],[-99.12815183099994,21.84708840000008],[-99.12985767699993,21.84698066200008],[-99.1323478149999,21.846823354000037],[-99.13239418499992,21.846820446000038],[-99.13469387699993,21.84667512300007],[-99.13524713799993,21.846640154000056],[-99.13528544599994,21.846637754000028],[-99.13583052299995,21.846603308000056],[-99.13603281499992,21.846590523000028],[-99.13765467699994,21.846488],[-99.13923409199998,21.84638816900003],[-99.14094396899996,21.846280062000066],[-99.14282,21.851603846000046],[-99.14365852299993,21.85356398500005],[-99.14475650799993,21.855093431000057],[-99.14777241499993,21.867217031000052],[-99.14628104599994,21.867341415000055],[-99.14591596899999,21.86737186200003],[-99.14362850799995,21.867562585000027],[-99.14150216899998,21.867739846000056],[-99.14126330799996,21.86775976900003],[-99.14044333799994,21.867828108000033],[-99.13994539999999,21.867869615000075],[-99.13987976899993,21.86850026200005],[-99.13982653799994,21.86901172300003],[-99.13977823099995,21.869476],[-99.13974046199995,21.86983884600005],[-99.13966079999994,21.870604446000076],[-99.13961312299992,21.871062446000053],[-99.14186710799997,21.870834000000002],[-99.14285843099996,21.870733508000054],[-99.14567075399994,21.870448415000055],[-99.15190495399996,21.893738985000024],[-99.15261410799994,21.89723533800003],[-99.15456416899997,21.906878123000077],[-99.15118970799993,21.908825431000025],[-99.15179124599993,21.91042972300005],[-99.15226673799997,21.911697846000035],[-99.15266856899994,21.912769477000037],[-99.15294649199994,21.91351066200008],[-99.15328672299994,21.914418015000027],[-99.15353163099994,21.91507112300008],[-99.16076893799996,21.934368615000043],[-99.1579352,21.93491446200005],[-99.15901153799994,21.936666200000044],[-99.15621041499996,21.937875815000044],[-99.15927826199997,21.944063492000055],[-99.15989763099996,21.94587735400006],[-99.16306061499995,21.95513498500003],[-99.16464789199995,21.96573641500003],[-99.16399967699998,21.967809462000048],[-99.16265339999995,21.96708656900006],[-99.16158281499995,21.96778566200004],[-99.16112000000001,21.967663215000073],[-99.16098646199998,21.968495138000034],[-99.16064069199994,21.969774492000056],[-99.16077915399993,21.97146944600007],[-99.16051430799995,21.973520508000032],[-99.15858007699993,21.973523431000043],[-99.15745667699996,21.973852492000052],[-99.15751055399993,21.974032077000054],[-99.15731092299994,21.97420558500005],[-99.15730718499996,21.97431589200005],[-99.15773663099995,21.974401215000057],[-99.15880618499992,21.974579246000076],[-99.15909343099996,21.97460056900007],[-99.16214332299994,21.974182662000032],[-99.15359258499994,22.000973692000063],[-99.15211764599995,22.00573084600006],[-99.1527688149999,22.005717600000022],[-99.15295233799993,22.005157846000028],[-99.15426613799995,22.005243062000027],[-99.15531466199995,22.005125785000075],[-99.1556721379999,22.00460676900008],[-99.15617536899997,22.004569846000035],[-99.15716853799994,22.00475706200007],[-99.15805409199997,22.00474883100003],[-99.15922389199994,22.004168123000063],[-99.16082006199997,22.003842892000023],[-99.16218989199996,22.00366021500002],[-99.16250012299994,22.00451376900003],[-99.16326223099996,22.005946615000028],[-99.16381379999994,22.008829723000076],[-99.16418958499997,22.010610108000034],[-99.16478598499998,22.012394815000047],[-99.16977269199997,22.011038569000053],[-99.16954593799993,22.010396600000036],[-99.17274263099992,22.009947908000076],[-99.17818903099995,22.00925],[-99.17640556899993,22.00384258500003],[-99.17473416899995,21.998712708000024],[-99.17471372299995,21.99866083100005],[-99.17754490799993,21.997672785000077],[-99.18347889199995,21.995465615000057],[-99.18562829199998,21.993737369000026],[-99.18619183099995,21.99541409200003],[-99.18730549199995,21.998712646000047],[-99.18848490799994,22.002368354000055],[-99.18905666199998,22.004071292000052],[-99.18950786199996,22.00527166200004],[-99.18986915399994,22.00647213800005],[-99.18897055399995,22.006947954000054],[-99.18849104599994,22.007004354000063],[-99.18792146199996,22.00694915400004],[-99.18744150799994,22.006670431000032],[-99.18657261499997,22.006950692000036],[-99.18708361499995,22.008039292000028],[-99.18723395399995,22.008402185000023],[-99.18753392299999,22.008569400000056],[-99.18768507699995,22.00912784600007],[-99.18809818499992,22.010070138000064],[-99.18808698499996,22.010207569000045],[-99.18812953799993,22.010397385000033],[-99.18832155399994,22.01090192300007],[-99.18870633799993,22.011137415000068],[-99.18948579999993,22.01122030800008],[-99.18990544599995,22.01121981500006],[-99.1907452309999,22.011873631000075],[-99.19235064599995,22.014733846000066],[-99.19324787699993,22.01410621500003],[-99.19446079999994,22.01333184600003],[-99.19535050799996,22.01335181500008],[-99.19595195399994,22.012272769000052],[-99.19646998499996,22.01150381500003],[-99.19715926199996,22.01139127700003],[-99.19826872299993,22.01166921500004],[-99.19922819999992,22.01186353800006],[-99.20039798499994,22.012392754000075],[-99.20141753799997,22.01267076900007],[-99.20166627699994,22.012723431000037],[-99.20235216899991,22.01023701500003],[-99.20297863099994,22.008113723000065],[-99.20357516899996,22.006031769000064],[-99.20258561499996,22.004523477000077],[-99.20243315399993,22.003910677000082],[-99.20242976900002,22.003730477000026],[-99.203210169,22.003617385000037],[-99.20277078499997,22.001667585000064],[-99.20554430799996,21.999864138000078],[-99.20526333799995,22.000379246000023],[-99.20627110799992,22.002037462000033],[-99.20666241499998,22.003182],[-99.20696401499998,22.00446630800008],[-99.20738436899995,22.004968477000038],[-99.20796686199999,22.004941031000044],[-99.20842684599995,22.004761769000034],[-99.20887621499995,22.004607600000043],[-99.20920555399991,22.004355831000055],[-99.20945979999998,22.00399244600004],[-99.209564292,22.00371303100007],[-99.20986161499995,22.002064908000026],[-99.21010123099995,22.00195289200008],[-99.21040044599994,22.001603415000034],[-99.21062481499996,22.00130989200005],[-99.21081950799999,22.001225862000073],[-99.211134062,22.001113738000075],[-99.21138883099994,22.00111341500008],[-99.21131096899997,22.000436369000052],[-99.212502369,21.998712646000047],[-99.21248266199996,21.998213092000068],[-99.21148252299996,21.996972523000068],[-99.21069915399994,21.994843292000038],[-99.21021721499994,21.988856446000057],[-99.21407693799995,21.988643569000025],[-99.21654167699995,21.988688308000057],[-99.21751347699997,21.988789200000035],[-99.222253246,21.988344492000063],[-99.22197853799995,21.99160780000005],[-99.22354312299994,21.990990446000072],[-99.22437621499994,21.99389310800007],[-99.22568441499999,21.997565646000055],[-99.22618669199994,21.99750455400004],[-99.22648353799995,21.998085569000068],[-99.22680226199998,21.99870941500006],[-99.22631643099996,22.00106638500006],[-99.231980723,22.00096918500003],[-99.23169864599998,21.999367969000048],[-99.23167067699995,21.99923444600006],[-99.23127076900002,21.997425692000032],[-99.23105047699994,21.997097969000038],[-99.23068858499994,21.996140600000043],[-99.23051958499997,21.995136508000023],[-99.23077249199994,21.994446831000058],[-99.230888785,21.99385109200006],[-99.23083115399994,21.993086508000026],[-99.23074692299996,21.99246584600007],[-99.22943623099994,21.99067690800007],[-99.22888321499993,21.989933338000068],[-99.22825555399997,21.987711092000037],[-99.22804084599991,21.98736435400008],[-99.22795196899995,21.987133815000046],[-99.22762446199995,21.98651827700007],[-99.22742849199994,21.985774138000064],[-99.22700566199997,21.98456086200002],[-99.22666000000001,21.98366692300004],[-99.22529667699995,21.973215062000065],[-99.22490258499994,21.96939672300004],[-99.22403926199996,21.962625938000023],[-99.22208624599993,21.958196738000026],[-99.23438978499996,21.952977662000023],[-99.23886649199994,21.951030877000047],[-99.24257863099996,21.949713800000033],[-99.24291103099995,21.949593815000068],[-99.24339061499995,21.949627154000037],[-99.24358829199997,21.950129862000033],[-99.24386567699997,21.950400292000037],[-99.24445384599996,21.950923123000052],[-99.24512978499996,21.951255031000077],[-99.24576819999996,21.951455277000033],[-99.24658092299994,21.951489569000046],[-99.24757826199999,21.95186761500003],[-99.25019703099996,21.95207067700005],[-99.25161335399997,21.952352569000027],[-99.25254016899997,21.951719231000023],[-99.25333269199996,21.950376446000064],[-99.25390349199996,21.950035292000052],[-99.25455390800002,21.95000333800004],[-99.25557295399992,21.950037262000023],[-99.25707567699999,21.949769108000048],[-99.25865335399999,21.95013515400007],[-99.26006101499995,21.95089630800004],[-99.26041036899994,21.95098155400007],[-99.26086346199999,21.95085727700007],[-99.26144000000001,21.950740969000034],[-99.262073908,21.951390892000063],[-99.26265535399993,21.95101856900004],[-99.26418473799998,21.949682369000072],[-99.26548639999997,21.948315815000054],[-99.26667161499992,21.94848807700003],[-99.26717773799997,21.948744569000034],[-99.26751000000002,21.948855000000002],[-99.26831078499998,21.949108954000053],[-99.26913167699995,21.949368277000076],[-99.2704205539999,21.949574415000033],[-99.27044510799996,21.94958358500002],[-99.27059236899997,21.94958661500004],[-99.27078872299991,21.949586292000042],[-99.27095698499991,21.94957293800007],[-99.27116252299996,21.949559508000046],[-99.27155084599997,21.949642015000048],[-99.27193469199995,21.949712062000057],[-99.27213103099992,21.949720062000036],[-99.27233189199991,21.949757154000054],[-99.27259984599996,21.949893908000032],[-99.2727116309999,21.950018462000063],[-99.27275632299992,21.95010295400004],[-99.27284556899995,21.950261031000025],[-99.27284772299996,21.950478],[-99.27284818499996,21.95071770800007],[-99.27282815399992,21.951005369000036],[-99.27249218499993,21.95152456900007],[-99.27222813799992,21.951880000000003],[-99.27206710799996,21.95207881500005],[-99.27184230799995,21.952321585000046],[-99.27172869199994,21.952419338000023],[-99.27164707699994,21.95259340000007],[-99.27162007699995,21.952763123000068],[-99.27156570799997,21.95289895400003],[-99.27146578499998,21.953009415000054],[-99.27132941499997,21.953119923000028],[-99.27126139999994,21.95326003100007],[-99.27124353799995,21.95344246200005],[-99.27116195399998,21.95362924600004],[-99.27106213799999,21.95369338500006],[-99.27103339999995,21.95377418500004],[-99.27104323099995,21.953875846000077],[-99.27108187699994,21.953944569000043],[-99.27115572299992,21.953965385000064],[-99.27129373799994,21.953965154000063],[-99.27145615399994,21.953959846000032],[-99.271615985,21.95389860000006],[-99.27177955399995,21.95389493800008],[-99.27208483099994,21.953853785000035],[-99.27224827699993,21.953778999999997],[-99.27230263099992,21.95369423100004],[-99.2723642,21.953568785000076],[-99.27244381499995,21.953382354000038],[-99.27250896899993,21.953233200000053],[-99.27258507699995,21.953114508000056],[-99.27284658499994,21.95299890800004],[-99.27297004599994,21.952924185000033],[-99.27316503099995,21.95280667700007],[-99.27325359999998,21.952868354000035],[-99.27348232299988,21.952971015000063],[-99.27359309199994,21.953067],[-99.27379256899994,21.95330021500007],[-99.27386652299997,21.953423738000026],[-99.27391098499999,21.95354044600003],[-99.2739926149999,21.953821954000034],[-99.2739343539999,21.954199862000053],[-99.27373473799994,21.95453249200005],[-99.27369792299997,21.954631708000026],[-99.27366586199997,21.954799862000073],[-99.27366613799994,21.954946431000053],[-99.27363416899998,21.955157692000057],[-99.27352843099999,21.95550703100002],[-99.27338109199994,21.955865046000046],[-99.27329975399992,21.955993154000055],[-99.27323175399991,21.956245508000052],[-99.27322875399993,21.956385323000067],[-99.27324524599997,21.956485585000053],[-99.27327744599995,21.956576415000033],[-99.27414253799996,21.95767690800005],[-99.27617964599995,21.959768600000075],[-99.27647484599997,21.960454169000062],[-99.27678673799991,21.960018185000024],[-99.27771184599996,21.959554338000032],[-99.27819401499993,21.95941789200003],[-99.27865684599998,21.959446923000026],[-99.27908929199998,21.95961689200004],[-99.27996,21.960133123000045],[-99.28063729199994,21.96060827700006],[-99.28160743099994,21.961135477000028],[-99.28257772299995,21.96131253800007],[-99.28305373799998,21.962683354000028],[-99.28303147699992,21.96272227700006],[-99.28295186199995,21.96276344600005],[-99.28286595399999,21.962806585000063],[-99.28274439999993,21.962797785000074],[-99.28253415399992,21.962788108000037],[-99.28221621499995,21.962848923000024],[-99.28210301499995,21.96284912300007],[-99.28184963099994,21.962839508000055],[-99.28168253799996,21.962854862000032],[-99.28153172299993,21.962915400000043],[-99.28146718499994,21.962995877000026],[-99.28147826199995,21.96314152300004],[-99.28152710799996,21.963312215000023],[-99.28162000000002,21.963437631000026],[-99.28173970799996,21.963566754000052],[-99.28185598499994,21.963703092000053],[-99.28207001499995,21.96386770800007],[-99.28213121499991,21.96394724600003],[-99.28214356899997,21.964015492000044],[-99.28224770799993,21.964191677000027],[-99.28236,21.96433369200002],[-99.28245606199992,21.964578169000053],[-99.28250549199998,21.964873908000076],[-99.28255464599994,21.965027431000063],[-99.28265256899992,21.96514672300003],[-99.28265,21.965362908000024],[-99.28263503099997,21.965495231000027],[-99.28263521499996,21.965586738000066],[-99.28258078499992,21.965657999999998],[-99.28248804599995,21.965663246000073],[-99.28247732299992,21.965754769000053],[-99.28252661499994,21.96585636900005],[-99.28264693799994,21.965998508000038],[-99.28275093799999,21.966171169000066],[-99.28287126199996,21.96631330800005],[-99.28302419999994,21.96639438500005],[-99.28323703099991,21.96641943100007],[-99.28440055399993,21.96655921500007],[-99.28457030799994,21.966831769000066],[-99.28458604599997,21.966858846000036],[-99.28479170799993,21.96828593800006],[-99.28514872299993,21.96882287700003],[-99.28547658499996,21.969307462000074],[-99.28572999999999,21.96994847700006],[-99.28580683099992,21.970351277000077],[-99.28603426199999,21.970741169000064],[-99.28601124599999,21.97085143100003],[-99.28592730799993,21.971258138000056],[-99.28568721499992,21.97170847700005],[-99.28560309199997,21.971880277000025],[-99.28522059999993,21.972659708000034],[-99.28533913799996,21.972746246000035],[-99.28575683099994,21.973047262000023],[-99.28578621499994,21.973068],[-99.28600689199999,21.973227523000045],[-99.28671526199997,21.974015],[-99.28732246199996,21.974191923000035],[-99.28738307699996,21.97418096900003],[-99.28759212299995,21.974142662000077],[-99.28824221499995,21.973790985000047],[-99.288294754,21.973763785000074],[-99.28840969199995,21.973700338000064],[-99.28843089199994,21.973689462000035],[-99.28961372299995,21.973049538000048],[-99.29026072299996,21.972701477000037],[-99.29097795399994,21.97231352300002],[-99.29136207699996,21.97220895400005],[-99.29176721499992,21.972099815000032],[-99.29211629199995,21.97200433800003],[-99.29264361499996,21.972766815000053],[-99.29307519999996,21.973181631000042],[-99.29341606199996,21.973194123000045],[-99.29327115399994,21.97351555400007],[-99.29186350799996,21.974354431000055],[-99.29176329199998,21.97445867700003],[-99.28979098499997,21.976631369000074],[-99.28868579999991,21.977848785000052],[-99.288627062,21.97791349200003],[-99.28359149199996,21.983460092000026],[-99.28349709199995,21.983575],[-99.27929866199997,21.98921681500007],[-99.27840070799999,21.990719985000048],[-99.27719981499993,21.992637308000038],[-99.27676438499998,21.993325031000037],[-99.27673424599998,21.993462308000062],[-99.27689078499998,21.994103477000067],[-99.27681552299997,21.994213046000027],[-99.27646398499996,21.994317338000027],[-99.27624287699994,21.99440352300007],[-99.27609649199995,21.994656538000072],[-99.2761721539999,21.99496920000007],[-99.276113292,21.99509883100006],[-99.27548987699996,21.995635400000026],[-99.27520515399995,21.995871092000076],[-99.27450833799995,21.996400815000072],[-99.27435407699993,21.99665806200005],[-99.27425581499992,21.997004938000032],[-99.27351601499997,21.99737956900003],[-99.27398398499997,21.99797641500004],[-99.27408649199995,21.998393308000058],[-99.27415089199995,21.998866969000066],[-99.27440106199998,21.99986687700004],[-99.27458656899995,22.000237831000046],[-99.27565641499996,22.001365277000048],[-99.27684269199992,22.00191892300007],[-99.27694281499996,22.002064508000046],[-99.27684158499993,22.00291281500006],[-99.27677379999993,22.002907985000036],[-99.27672523099993,22.00292206200003],[-99.27570252299992,22.00308056900008],[-99.27559449199998,22.00309732300008],[-99.27495413799993,22.003196569000067],[-99.273924062,22.00335620000004],[-99.27299686199994,22.003499908000034],[-99.27257513799995,22.00356524600005],[-99.2725088769999,22.003575523000055],[-99.27204484599994,22.003647415000042],[-99.27150147699993,22.003731631000047],[-99.27145081499997,22.003739477000064],[-99.27105927699995,22.003800154000036],[-99.27014349199997,22.00394206200008],[-99.27008906199995,22.00395049200006],[-99.27003553799992,22.003958785000073],[-99.26943216899996,22.004052292000036],[-99.26915670799997,22.00409495400004],[-99.26911516899997,22.004101400000028],[-99.26868467699995,22.004168108000044],[-99.26823492299995,22.004237769000042],[-99.26810086199997,22.00425855400005],[-99.26806476899996,22.004264154000058],[-99.26768169199995,22.004323492000026],[-99.26719223099995,22.00439933800004],[-99.26692633799995,22.004440523000028],[-99.26687007699994,22.00444924600003],[-99.26635101499993,22.004529677000047],[-99.26607858499993,22.004571862000034],[-99.26532815399995,22.004688138000066],[-99.26422484599999,22.00485906200004],[-99.26418449199998,22.00486530800004],[-99.26336589199997,22.00499210800007],[-99.26331332299996,22.005000246000066],[-99.26236095399996,22.005147785000077],[-99.26234369199994,22.005150477000033],[-99.26194721499995,22.005211877000022],[-99.261890985,22.005220585000068],[-99.26050755399996,22.005434862000072],[-99.25924967699994,22.005629692000067],[-99.25922763099999,22.005633108000037],[-99.25900470799995,22.005667631000044],[-99.26286050799995,22.014052369000073],[-99.26268898499995,22.01421050800008],[-99.26244519999993,22.014378000000004],[-99.26227190799993,22.014419154000056],[-99.26215843099999,22.01458769200008],[-99.262121015,22.01473418500007],[-99.26179364599996,22.015036015000078],[-99.26095572299994,22.015831462000055],[-99.26081490799999,22.01595295400006],[-99.26017073799993,22.01672598500005],[-99.25255,22.023843462000062],[-99.25729515399995,22.04185006200004],[-99.25744598499995,22.042422308000024],[-99.25989693799993,22.051721],[-99.26155695399996,22.05519130800008],[-99.26449712299994,22.061337323000032],[-99.26535876899999,22.07261713800005],[-99.26584393799999,22.078967738000078],[-99.26661133799995,22.082514938000024],[-99.26690032299996,22.08385067700004],[-99.26744490799997,22.08636778500005],[-99.26714315399994,22.08823210800005],[-99.26713244599996,22.08839984600007],[-99.26711081499995,22.088816985000047],[-99.26706675399997,22.090029708000028],[-99.26706324599998,22.09012589200006],[-99.26705784599994,22.091290277000038],[-99.26705223099998,22.092499938000056],[-99.26708013799997,22.092950677000033],[-99.267082169,22.092983292000042],[-99.26716929199998,22.09439032300003],[-99.26755750799998,22.09696770800003],[-99.27234083099992,22.10587466200008],[-99.27249203099993,22.10653452300005],[-99.27287679999993,22.108959200000076],[-99.27292129199998,22.109239615000032],[-99.27320678499996,22.110593292000033],[-99.27333116899993,22.11165292300007],[-99.27326049199996,22.112014169000084],[-99.27454863099996,22.11405680000007],[-99.27452301499993,22.114281785000067],[-99.27426483099998,22.11654867700003],[-99.27367713799994,22.121708431000055],[-99.277454246,22.135110462000057],[-99.2789141539999,22.140289815000074],[-99.28124369199999,22.148553554000046],[-99.28236238499991,22.15211058500006],[-99.282690985,22.153974785000067],[-99.2829980769999,22.15545224600003],[-99.28327801499994,22.156486338000036],[-99.28335193799994,22.15822481500004],[-99.28398049199996,22.160364754000057],[-99.28433015399995,22.162976092000065],[-99.28495089199998,22.16510566200003],[-99.28558816899991,22.167800877000047],[-99.28598239999994,22.168954969000033],[-99.28678472299997,22.17290403100003],[-99.28790529199996,22.177298985000053],[-99.28842739999999,22.17928361500003],[-99.29254129199995,22.196886185000043],[-99.29290346199998,22.200661415000074],[-99.29338669199994,22.20260720000004],[-99.29402346200001,22.205171123000074],[-99.29699244599998,22.217207477000045],[-99.29761236899996,22.21967526200007],[-99.29799563100002,22.22186755400003],[-99.29878689199994,22.225005431000056],[-99.30045515399993,22.230826646000025],[-99.30346010799994,22.240794723000082],[-99.30471986199996,22.24871441500005],[-99.30526496899996,22.25037710800007],[-99.30709024599997,22.255873477000026],[-99.30846455399994,22.259913338000047],[-99.31074215399994,22.266607923000034],[-99.31116966199997,22.267881554000038],[-99.31684418499998,22.28478453800005],[-99.31717490799997,22.285570538000055]]]}},{"type":"Feature","properties":{"code":"24014","cve_ent":"24","cve_mun":"014","municipio":"Coxcatlán","estado":"San Luis Potosí","region":"Huasteca Potosina","fuente":"Marco Geoestadístico / INEGI (consolidado GeoJSON para el visor)"},"geometry":{"type":"Polygon","coordinates":[[[-98.89332055399993,21.562417738000022],[-98.89323404599998,21.562433846000026],[-98.892100369,21.56262760000003],[-98.89189890799996,21.56269638500003],[-98.89084909199994,21.562564385000027],[-98.89030438499998,21.562707062000072],[-98.89007666199996,21.56212256900005],[-98.88978472299999,21.561562569000046],[-98.88952195399996,21.56116987700005],[-98.88885792299997,21.559836985000057],[-98.88856201499999,21.55945203100003],[-98.88778915399993,21.558030185000064],[-98.88743684599994,21.557397985000026],[-98.88671853799994,21.556213985000056],[-98.88618349199999,21.555641892000036],[-98.88565126199995,21.555131723000045],[-98.88551738499994,21.554943508000065],[-98.88510538499996,21.554212031000073],[-98.88421432299998,21.553339262000062],[-98.88325856899995,21.55249961500004],[-98.88182992299991,21.551495338000056],[-98.88016795399993,21.550350538000032],[-98.87932912299999,21.54977946200006],[-98.87880641499994,21.549476231000025],[-98.87758853799988,21.548642662000073],[-98.87640107699994,21.547585815000048],[-98.87635532299996,21.547545092000064],[-98.87625369199998,21.54744841500008],[-98.87534239999992,21.546820938000053],[-98.87480084599996,21.546312323000052],[-98.87375961499997,21.544210477000032],[-98.87332118499994,21.543678969000037],[-98.87273347699991,21.543057985000075],[-98.87227490799994,21.542547354000074],[-98.87207016899995,21.542453246000033],[-98.87091753799994,21.541552523000064],[-98.87011721499991,21.541364415000036],[-98.86950223099994,21.541163246000053],[-98.8684,21.54072323100007],[-98.86808193799997,21.54066860000006],[-98.86683233799991,21.540773600000023],[-98.86657367699995,21.540831415000074],[-98.86641569199996,21.540874985000073],[-98.86517996899991,21.54097964600004],[-98.86445033799997,21.54125273800003],[-98.86425344599998,21.54128509200007],[-98.863693615,21.541097969000077],[-98.86273116899993,21.540944938000052],[-98.86187906199994,21.541551923000046],[-98.85949283099993,21.541402723000033],[-98.85855489199996,21.54110801500008],[-98.85778267699997,21.541201554000054],[-98.85721226199996,21.54026090800005],[-98.85703283099993,21.540015108000034],[-98.85649850799994,21.53963967700002],[-98.85615643099996,21.539455015000048],[-98.85576556899996,21.539322246000037],[-98.85565633799993,21.539299154000048],[-98.85538439999999,21.539289],[-98.85429492299994,21.538557123000036],[-98.85382646199997,21.538541708000025],[-98.85341438499995,21.538594769000046],[-98.85280464599998,21.538761708000038],[-98.85181073799997,21.538137262000077],[-98.85145036899995,21.537952723000053],[-98.85008415399992,21.53788618500005],[-98.84902726199992,21.53755355400006],[-98.84896112299994,21.537552538000057],[-98.848154062,21.536164462000045],[-98.84611767699991,21.534721692000065],[-98.84554950799995,21.533370615000027],[-98.84529916899997,21.53260173800004],[-98.84302192299998,21.530088831000057],[-98.84259118499993,21.529828046000034],[-98.84212456899996,21.529618154000048],[-98.84149950799997,21.52943033800005],[-98.83833875399992,21.528409492000034],[-98.83706430799998,21.527769400000068],[-98.8360819229999,21.527330954000032],[-98.83413856899993,21.525979708000026],[-98.83351995399994,21.52517346200005],[-98.82680426199994,21.516792215000066],[-98.83718435399997,21.511323415000053],[-98.836664338,21.51058616900008],[-98.83308224599993,21.50677701500007],[-98.83183081499998,21.50532209200003],[-98.83160703099995,21.50527690800004],[-98.83147369199997,21.50524970800006],[-98.83112952299994,21.505304477000035],[-98.83108973799993,21.50503913800003],[-98.83119193799995,21.50485947700003],[-98.83141813799992,21.504842323000048],[-98.83013586199995,21.50335149200004],[-98.82975506199993,21.502684754000033],[-98.82960659999996,21.50246998500006],[-98.82993789199995,21.502153631000052],[-98.83523659999996,21.498744477000052],[-98.83520576899997,21.49664780000006],[-98.83960223099996,21.501408938000054],[-98.84125147699997,21.500475677000054],[-98.84261464599999,21.50020858500005],[-98.84473438499998,21.499651400000065],[-98.84624207699993,21.49904461500006],[-98.84628595399994,21.49928980000004],[-98.84630427699993,21.499431923000028],[-98.84653412299996,21.499424523000073],[-98.84701293799998,21.499333123000042],[-98.84950876899995,21.498783646000046],[-98.84999092299992,21.498983431000056],[-98.85154476899997,21.49905918500008],[-98.85981581499996,21.50019620000006],[-98.85798084599996,21.50176841500008],[-98.85805452299994,21.502191692000054],[-98.86657779999996,21.511472585000032],[-98.86676609199995,21.51072644600003],[-98.87026349199999,21.50506512300007],[-98.87532778499995,21.501920354000053],[-98.87575847699993,21.50164766200004],[-98.87609538499997,21.50128853800004],[-98.87634276899992,21.50109466200007],[-98.87650906199995,21.500848600000037],[-98.87676446199998,21.50018375400003],[-98.87706609199995,21.498897815000074],[-98.87711327699995,21.498784692000065],[-98.87752543099995,21.498199938000024],[-98.87771292299996,21.497820231000045],[-98.87775549199995,21.497634400000035],[-98.87780063099993,21.49724226200004],[-98.8778206,21.49691806200008],[-98.87819315399994,21.49552572300007],[-98.87994159999992,21.491711369000033],[-98.880157,21.491375892000065],[-98.88071569199995,21.490198985000063],[-98.88111207699993,21.48958333800004],[-98.88084606199999,21.489236999999996],[-98.880656446,21.48894546200006],[-98.87902039999993,21.48844312300002],[-98.87872669199997,21.488399846000043],[-98.87833315399992,21.488448462000058],[-98.87763292299994,21.488603815000026],[-98.87751730799992,21.488610138000066],[-98.87734476899998,21.488587923000065],[-98.87723210799996,21.48854890800003],[-98.87635587699995,21.48806273800005],[-98.87585241499991,21.487812277000042],[-98.87524689199994,21.487718154000046],[-98.87497636899994,21.487642538000035],[-98.87465395399991,21.48751270800005],[-98.87426056899994,21.487271462000027],[-98.87403355399991,21.48715841500007],[-98.87382413799995,21.487117877000056],[-98.87365839999994,21.487100446000053],[-98.87262787699993,21.48705440000003],[-98.87171958499992,21.486686338000023],[-98.87117978499998,21.48631256900006],[-98.87053061499994,21.48559741500003],[-98.87034098499997,21.485439846000066],[-98.87006961499995,21.485342308000032],[-98.86971416899995,21.485321062000022],[-98.87057995399991,21.484126754000037],[-98.87074858499992,21.484188169000053],[-98.87092012299993,21.484170477000077],[-98.87124804599995,21.484066723000073],[-98.87131307699995,21.483634323000043],[-98.87179564599995,21.48348124600005],[-98.87207430799995,21.483323369000058],[-98.87226193799991,21.482934369000073],[-98.87224312299995,21.481863477000047],[-98.87292478499995,21.481672538000048],[-98.87337172299998,21.481545077000074],[-98.8726210309999,21.480455215000063],[-98.87369776899999,21.480205031000022],[-98.87523329199995,21.479774877000064],[-98.87559490799997,21.480077046000076],[-98.87583426199994,21.48028250800007],[-98.87600501499993,21.480500185000036],[-98.87646384599998,21.48085055400003],[-98.8766558,21.480930923000074],[-98.87685152299994,21.481077077000066],[-98.87734116899995,21.481438385000043],[-98.87757124599993,21.48158130800004],[-98.87812087699994,21.481734508000038],[-98.87822759999993,21.481805677000068],[-98.87839999999998,21.48200204600004],[-98.87861395399993,21.482133569000034],[-98.87875450799996,21.482181123000032],[-98.87890964599995,21.482222785000026],[-98.87952830799995,21.482503862000037],[-98.87995459999995,21.48253832300002],[-98.88005823099994,21.482560985000074],[-98.88042344599997,21.482693892000036],[-98.88054592299993,21.482692077000017],[-98.88091592299996,21.482605062000058],[-98.88153044599994,21.482693400000066],[-98.88247332299991,21.48238255400002],[-98.88275576899996,21.482407677000023],[-98.88344370799996,21.482591215000063],[-98.88380793799993,21.482590108000064],[-98.88420721499992,21.482594999999996],[-98.88469815399995,21.48271143100003],[-98.88505707699991,21.482599200000028],[-98.88548007699993,21.482275846000046],[-98.88565659999995,21.482245800000037],[-98.88587016899996,21.482271877000066],[-98.88612704599996,21.48235470800006],[-98.88654681499995,21.482609877000066],[-98.88685209199996,21.482692123000046],[-98.88715076899997,21.482804815000062],[-98.88753176899995,21.482836523000056],[-98.88760059999998,21.48277449200003],[-98.88781110799991,21.48245063100006],[-98.88802810799994,21.48231073800002],[-98.88817252299992,21.48226086200003],[-98.88884278499994,21.482292015000034],[-98.88899861499999,21.482287154000062],[-98.88917790799994,21.482240523000023],[-98.889909677,21.48182681500003],[-98.89013927699992,21.481754],[-98.89054852299994,21.481808508000032],[-98.89137559999993,21.48161581500005],[-98.89174032299994,21.48144493800003],[-98.89207893799991,21.481425999999995],[-98.89254221499996,21.481585262000067],[-98.89337613799992,21.481504369000046],[-98.89404359999997,21.48150032300003],[-98.89424767699995,21.481434631000063],[-98.89468686199997,21.481607492000023],[-98.89486535399996,21.48161973800006],[-98.89516887699992,21.48131821500004],[-98.89535484599996,21.481218785000067],[-98.89594359999994,21.480782092000023],[-98.89646715399991,21.480679200000047],[-98.89695246199994,21.480713538000025],[-98.89989535399994,21.48042761500005],[-98.90172981499995,21.479790908000037],[-98.90585284599996,21.47798112300007],[-98.90864072299995,21.482886785000062],[-98.91218636899998,21.48041378500005],[-98.91519421499999,21.478315800000072],[-98.91280615399994,21.474022138000066],[-98.91500298499993,21.472832892000035],[-98.91696175399994,21.47181178500006],[-98.91774000000001,21.471414354000046],[-98.91794170799994,21.471300569000046],[-98.91893543099995,21.47068775400004],[-98.91996033799995,21.470183862000056],[-98.92082264599998,21.469798215000022],[-98.9208357379999,21.469731708000037],[-98.92150075399995,21.469459200000067],[-98.92246858499998,21.46900101500006],[-98.92309,21.46862093800007],[-98.92374732299996,21.46820861500003],[-98.9238472769999,21.468120999999996],[-98.92434443099995,21.46786136900005],[-98.924699031,21.46756098500003],[-98.92518535399994,21.467319662000023],[-98.92578201499992,21.467624323000052],[-98.92659255399994,21.46864118500002],[-98.92709789199995,21.469984200000056],[-98.92748655399997,21.47008413800006],[-98.92839347699997,21.47026269200006],[-98.92891178499997,21.470262923000064],[-98.93005535399998,21.469736031000018],[-98.93036539999996,21.469256108000025],[-98.93043290799991,21.468138415000052],[-98.93032892299998,21.467470677000044],[-98.93000900000001,21.46714335400003],[-98.92984987699997,21.466950662000045],[-98.92986733799994,21.46665915400007],[-98.92994438499994,21.46666044600005],[-98.93052453799999,21.466839415000035],[-98.93202258499997,21.467712031000072],[-98.93523772299993,21.46987195400004],[-98.93631170799995,21.47074483100004],[-98.93726649200002,21.47131055400007],[-98.93764767699997,21.47180189200003],[-98.93803215399996,21.47207629200005],[-98.9387181229999,21.472386877000073],[-98.93903298499998,21.472643477000073],[-98.94014119999997,21.473745308000044],[-98.94057878499996,21.474504815000046],[-98.94090756899999,21.474874738000043],[-98.94132321499997,21.475169446000052],[-98.94157212299993,21.475446569000038],[-98.94226610799996,21.475925338000025],[-98.94293266199998,21.476635738000027],[-98.94302860000002,21.47685240000004],[-98.94322261499998,21.47711903100003],[-98.94339309199997,21.47729315400005],[-98.94415629199996,21.47784595400003],[-98.94430270799995,21.47793292300003],[-98.95276738499996,21.470268862000072],[-98.95363249199994,21.469245354000066],[-98.95412792299999,21.46898263100007],[-98.95430779999998,21.46911592300006],[-98.95473866199995,21.469116046000064],[-98.95524723099997,21.469099677000024],[-98.95681081499997,21.468660092000047],[-98.95771387699993,21.46825516900003],[-98.95815472299995,21.46814409200004],[-98.95883315399996,21.468225600000032],[-98.959004662,21.468358062000046],[-98.95909449199996,21.46851086200007],[-98.95914889199996,21.468729862000025],[-98.95892706199999,21.469118954000063],[-98.95866323099995,21.46927906200005],[-98.95828292299994,21.46944235400002],[-98.95793341499996,21.469749800000034],[-98.9577124,21.470098262000082],[-98.95747943099995,21.470694769000033],[-98.95737238499997,21.471124846000066],[-98.95739355399995,21.47171870800003],[-98.95746641499994,21.472047708000044],[-98.95763724599999,21.47249083100007],[-98.95780167699995,21.472860338000032],[-98.95793463099994,21.473125138000057],[-98.95809273799993,21.47343875400003],[-98.95855256899995,21.473836215000063],[-98.95883744599995,21.47403460000004],[-98.95907290799992,21.474269985000028],[-98.95923993799994,21.474439015000026],[-98.95924215399994,21.47471732300005],[-98.95879524599995,21.475074631000037],[-98.95849427699993,21.47531363100006],[-98.95590421499996,21.477417477000074],[-98.95192263099995,21.48064367700004],[-98.953495923,21.48226113800007],[-98.95461086199997,21.483345277000065],[-98.95571275399996,21.48429109200003],[-98.957604631,21.486139999999995],[-98.96649023099995,21.494708092000053],[-98.96576432299996,21.496418508000026],[-98.96207141499995,21.50649983100004],[-98.96308133799992,21.506898846000073],[-98.96333964599997,21.50812061500005],[-98.96547693799992,21.510281985000066],[-98.96412964599998,21.511278923000084],[-98.96429000000002,21.51257683100004],[-98.96439570799998,21.51326893800007],[-98.96534627699997,21.513561846000076],[-98.96574721499994,21.51596416900004],[-98.967034615,21.516203231000077],[-98.96792855399997,21.517545308000024],[-98.96844544599998,21.51903432300003],[-98.96787855399997,21.52098390800006],[-98.96722338499998,21.521831738000063],[-98.96620133799995,21.52219944600006],[-98.96504104599995,21.52212327700004],[-98.96360787699996,21.522648554000053],[-98.96305586199998,21.52322763100005],[-98.96232623099995,21.52237355400007],[-98.96012521499996,21.521572569000053],[-98.95998893799997,21.521606877000064],[-98.95921766199996,21.521363815000033],[-98.95880415399994,21.520960631000037],[-98.95609396899994,21.53168761500007],[-98.95550481499997,21.532514200000033],[-98.95489813799995,21.53303],[-98.95461107699995,21.533511908000037],[-98.95427986199996,21.533973754000048],[-98.95380906199993,21.53400587700003],[-98.95323738499995,21.53407598500008],[-98.95266093799995,21.534102431000065],[-98.95247867699997,21.53406507700004],[-98.95206,21.53381596900005],[-98.95112476900002,21.53476593800008],[-98.95105023099995,21.53488712300004],[-98.95112729199997,21.53538889200007],[-98.95047349199997,21.53546958500004],[-98.95031832299995,21.535261385000073],[-98.95021139999994,21.53520073800007],[-98.94983147699996,21.535217831000065],[-98.94961403099997,21.535168308000035],[-98.949528769,21.53519529200003],[-98.94902724599996,21.535454738000055],[-98.94872756899997,21.535234708000075],[-98.94824463099997,21.534653769000048],[-98.94749255399995,21.53480023100008],[-98.94717812299996,21.53459160000006],[-98.94700324599998,21.534531738000055],[-98.94659310799993,21.534524138000055],[-98.94665026200002,21.53482192300004],[-98.94660007699997,21.535121262000075],[-98.94650496900002,21.53528841500003],[-98.94648264599992,21.535383785000082],[-98.94671963099997,21.53549378500003],[-98.94656479999999,21.53594310800003],[-98.94503056899998,21.537935246000078],[-98.94517006199997,21.53811053800007],[-98.94542513799995,21.53954701500004],[-98.94584489199997,21.540024631000048],[-98.94594207699997,21.540277246000073],[-98.94605007699994,21.54047935400007],[-98.94590847699996,21.54072518500004],[-98.94562501499996,21.541261446000078],[-98.94530884599999,21.541982908000023],[-98.94526347699997,21.542687354000066],[-98.94581069199997,21.54396484600005],[-98.94568946199998,21.544628554000035],[-98.94466286199999,21.547751892000065],[-98.94408832299995,21.549340062000056],[-98.94365955399996,21.550436138000066],[-98.943117154,21.552321477000078],[-98.94247690799992,21.552231877000047],[-98.94192264599998,21.55207432300006],[-98.94008884599995,21.552043600000044],[-98.93949318499995,21.552173154000062],[-98.93822738499993,21.552339999999997],[-98.93400049199995,21.553052538000028],[-98.93166521499997,21.553659323000034],[-98.92961587699993,21.55346515400004],[-98.92814983099997,21.552410123000076],[-98.92734170799996,21.551671692000074],[-98.92558127699999,21.551492015000065],[-98.92443706199998,21.551594385000044],[-98.92285619999994,21.551735308000048],[-98.92194489199994,21.552049492000034],[-98.92121530799994,21.55249086200007],[-98.92011233799994,21.552778277000073],[-98.91943238499992,21.555462908000035],[-98.91718206199995,21.554428431000076],[-98.91513269199999,21.555696692000026],[-98.91454281499992,21.55581575400004],[-98.91288447699996,21.55572963100007],[-98.90980250799997,21.55549181500004],[-98.90494581499995,21.55536558500006],[-98.90474964599997,21.55607926200003],[-98.90088644599997,21.55793764600003],[-98.90025315399998,21.55829683100006],[-98.90006178500002,21.558347600000044],[-98.89972146199995,21.558853231000057],[-98.89923073799996,21.559385508000048],[-98.89869867699996,21.560104677000027],[-98.89782706199996,21.561077615000045],[-98.89683530799991,21.561678938000057],[-98.89611343099995,21.562164600000074],[-98.89585044599994,21.56249021500002],[-98.89565349199997,21.562799031000047],[-98.89501029199994,21.562564769000065],[-98.89463161499998,21.562400985000064],[-98.89409506199996,21.562162600000022],[-98.89374476899995,21.562013846000067],[-98.89353826199992,21.56220284600004],[-98.89332055399993,21.562417738000022]]]}},{"type":"Feature","properties":{"code":"24016","cve_ent":"24","cve_mun":"016","municipio":"Ebano","estado":"San Luis Potosí","region":"Huasteca Potosina","fuente":"Marco Geoestadístico / INEGI (consolidado GeoJSON para el visor)"},"geometry":{"type":"Polygon","coordinates":[[[-98.57915119999993,22.373012015000032],[-98.57905873799994,22.370950369000077],[-98.57883390799994,22.365936892000033],[-98.57954406199997,22.365594508000072],[-98.57961232299999,22.365281892000038],[-98.57966861499993,22.365024108000057],[-98.57970092299993,22.364876169000077],[-98.57970178499993,22.364588662000074],[-98.57965090799995,22.36434886200004],[-98.57954923099997,22.36386950800005],[-98.57954979999991,22.36368123100004],[-98.57955075399995,22.363366385000063],[-98.57958233799992,22.363108754000056],[-98.57959039999996,22.363043062000028],[-98.57978495399996,22.362648246000045],[-98.58025033799997,22.36221820000003],[-98.58050803099994,22.36203024600007],[-98.580986769,22.361681046000058],[-98.58135235399997,22.36142772300008],[-98.58176186199995,22.36114398500007],[-98.58193726199994,22.360944523000057],[-98.58226635399994,22.360570277000022],[-98.58228841499991,22.360312969000063],[-98.58230641499993,22.36010318500007],[-98.58219189199995,22.35959976900006],[-98.58195567699994,22.35924636900006],[-98.58180687699993,22.359023769000036],[-98.58112229199996,22.358214062000062],[-98.58077779999994,22.357824400000034],[-98.58057333799994,22.357503708000028],[-98.58049624599994,22.357192431000044],[-98.58059661499998,22.356871923000035],[-98.58064739999996,22.356717985000046],[-98.58074593799994,22.35641929200005],[-98.58099907699993,22.35600755400003],[-98.58119472299995,22.355527446000053],[-98.58114081499996,22.354932185000056],[-98.58103044599994,22.35459552300006],[-98.58083630799995,22.35433626200006],[-98.58033589199991,22.35407621500008],[-98.57936196899998,22.353866692000057],[-98.579195385,22.353711],[-98.57897370799994,22.353348169000075],[-98.57894633799995,22.353011123000048],[-98.57900055399992,22.352679200000065],[-98.57900056899993,22.35267904600004],[-98.57909473799997,22.352102431000045],[-98.57946686199993,22.351944000000003],[-98.58018166199997,22.351919277000036],[-98.58046793799996,22.351787169000037],[-98.58058309199998,22.351521800000057],[-98.58055561499998,22.351149785000075],[-98.58027256899997,22.35078164600003],[-98.58028632299992,22.35070110800007],[-98.57928961499992,22.35070101500003],[-98.57928884599993,22.35002292300004],[-98.57928878499995,22.349980185000053],[-98.57928906199997,22.349345585000034],[-98.57928829199993,22.349068846000026],[-98.57928723099994,22.34869383100004],[-98.57928715399996,22.34866850800006],[-98.57929064599995,22.34862810800007],[-98.57833401499991,22.348622708000047],[-98.57633650799991,22.348608662000057],[-98.57591918499996,22.34861470800007],[-98.57452101499996,22.348618754000032],[-98.57412360000002,22.34713898500007],[-98.57358732299994,22.34661116900003],[-98.57307923099994,22.346440615000063],[-98.57260415399995,22.34642327700004],[-98.57211026199995,22.346583938000034],[-98.57101193799996,22.347210969000063],[-98.56846956899994,22.347326],[-98.56737513799997,22.347375523000043],[-98.56446464599999,22.347507169000043],[-98.56448,22.346120354000046],[-98.56449535399996,22.344731554000077],[-98.56451064599997,22.34334950800007],[-98.56451409199998,22.343042185000055],[-98.56451913799998,22.34257243100006],[-98.56386366199997,22.342571338000024],[-98.56309290799997,22.342570046000045],[-98.56241803099991,22.342568908000032],[-98.56174204599995,22.34256776900003],[-98.56104776899997,22.34256660000005],[-98.56042938499996,22.342565538000027],[-98.55982735399999,22.34256452300008],[-98.55956029199994,22.34256406200006],[-98.55913519999993,22.342563369000057],[-98.5588089079999,22.34256284600007],[-98.55842003099995,22.34256221500004],[-98.55784266199998,22.34256127700007],[-98.55714530799995,22.342560138000067],[-98.55651249199997,22.342559108000046],[-98.55478618499994,22.34255626200007],[-98.55478649199995,22.342520431000022],[-98.55479541499993,22.341485154000058],[-98.55480175399997,22.34074970800003],[-98.55480435399993,22.340448769000034],[-98.55480518499995,22.34035138500008],[-98.55481547699996,22.33915867700006],[-98.55482536899994,22.338010569000065],[-98.55454201499997,22.33800752300004],[-98.553693492,22.338003385000036],[-98.55342101499996,22.33800083100004],[-98.55247907699994,22.337992815000067],[-98.55120638499994,22.33798567700007],[-98.55107553799994,22.337984692000084],[-98.55007139999994,22.337977108000082],[-98.54893524599998,22.337967631000033],[-98.54798359999997,22.33796226200008],[-98.54721586199999,22.33795650800005],[-98.54714367699997,22.33795598500007],[-98.54659253799996,22.337952062000063],[-98.54639647699996,22.337951508000067],[-98.54532,22.337943969000037],[-98.54501849199994,22.33794158500007],[-98.5440021379999,22.33793347700004],[-98.54257456899995,22.337923262000064],[-98.54136390799994,22.33791475400006],[-98.54046383099995,22.337907692000048],[-98.54022041499996,22.33790686200007],[-98.53988913799996,22.337906062000066],[-98.53925783099997,22.33755193800005],[-98.53909489199998,22.33745843100008],[-98.53812806199991,22.337467415000056],[-98.53772303099998,22.337472185000028],[-98.53709361499993,22.33788906200005],[-98.53633987699997,22.337884200000083],[-98.53521452299998,22.33787830800004],[-98.53525118499992,22.332541877000036],[-98.53528967699995,22.328848754000035],[-98.53529604599998,22.32799752300008],[-98.53408473799998,22.327997446000044],[-98.53310196899997,22.32799443100004],[-98.53285018499996,22.32799370800007],[-98.53231853799994,22.327994877000037],[-98.53220503099998,22.327994554000043],[-98.53163287699991,22.32799264600004],[-98.53041463099997,22.327993815000074],[-98.52920132299992,22.327990785000058],[-98.52799567699998,22.327988246000075],[-98.52679353799991,22.327987969000052],[-98.52559678499995,22.327985077000054],[-98.52555069199997,22.32798509200007],[-98.52553346199994,22.327596338000028],[-98.52552364599997,22.326415508000025],[-98.52552461499994,22.325204108000037],[-98.52550356899995,22.32427173800005],[-98.52553198499996,22.323289554000038],[-98.52553795399992,22.322332415000062],[-98.52554146199998,22.320888523000068],[-98.52554169199998,22.320794738000075],[-98.52555067699993,22.319796277000023],[-98.52555101499993,22.318834846000076],[-98.51578410799999,22.318809800000054],[-98.51573512299991,22.31915521500003],[-98.51477429199997,22.318837385000055],[-98.51376598499996,22.318503846000056],[-98.51267272299997,22.318142215000023],[-98.51153215399994,22.317764892000074],[-98.51096000000001,22.317576277000057],[-98.51033792299994,22.317369831000065],[-98.50968727699994,22.317154585000033],[-98.50905081499994,22.316944015000047],[-98.50773003099991,22.31650704600003],[-98.506120077,22.31597440000008],[-98.50608350799995,22.313325569000032],[-98.50605821499992,22.31149220000003],[-98.50604281499992,22.310376138000038],[-98.50572459999992,22.310378738000058],[-98.50568896899995,22.309336123000037],[-98.50572583099994,22.30900572300004],[-98.50378369199996,22.30970138500004],[-98.50284806199993,22.309187262000027],[-98.50206873799995,22.308759015000078],[-98.50165289199998,22.308525462000034],[-98.5013412769999,22.30835044600008],[-98.49899587699996,22.307033123000057],[-98.49851318499996,22.306762],[-98.49681563099995,22.307697477000033],[-98.49599135399994,22.303681677000043],[-98.495131631,22.30396024600003],[-98.49356144599996,22.30445006200006],[-98.4922438,22.304861092000074],[-98.49183656899999,22.30358738500007],[-98.48795246199995,22.303505523000073],[-98.48742712299996,22.30259624600006],[-98.487243892,22.301360200000033],[-98.48717698499996,22.30096269200004],[-98.48689483099996,22.30023360000007],[-98.48689206199995,22.298920292000044],[-98.48199000000001,22.299437631000043],[-98.48199898499996,22.298516969000044],[-98.48194009199995,22.29672850800005],[-98.48068955399998,22.296959800000025],[-98.48056076899996,22.296983615000045],[-98.47953392299995,22.296259969000065],[-98.47783053799996,22.296213908000027],[-98.47769932299997,22.293671354000026],[-98.47757039999996,22.29124716900003],[-98.47647818499993,22.291236831000045],[-98.47638852299994,22.28928810800005],[-98.47590838499995,22.288639800000045],[-98.47379507699995,22.290139585000073],[-98.47045436899998,22.292495185000064],[-98.46985550799995,22.292946538000017],[-98.46955698499993,22.293231154000065],[-98.46893218499996,22.293980908000037],[-98.46728664599999,22.295536769000023],[-98.46696378499998,22.295758523000075],[-98.46456267699993,22.29655366200006],[-98.46437575399993,22.29668893800004],[-98.46503193799997,22.297290846000067],[-98.46461179999996,22.297679754000054],[-98.46429009199996,22.297980277000025],[-98.46590461499994,22.29997727700004],[-98.46511995399997,22.30079544600005],[-98.464516631,22.30346573800006],[-98.461485462,22.30488606200004],[-98.45920893799995,22.302691954000068],[-98.45895727699994,22.302921492000056],[-98.45755870799995,22.30132441500007],[-98.45684721499997,22.30196243100005],[-98.45614270799996,22.302554692000058],[-98.45541126199998,22.303168015000043],[-98.45452001499994,22.30392026200008],[-98.45439575399995,22.303931169000073],[-98.44665903099997,22.305621277000053],[-98.44626661499997,22.304960123000065],[-98.44282079999994,22.29915446200005],[-98.44213409199995,22.297997400000046],[-98.43972158499997,22.29411953800007],[-98.43855423099996,22.29262880000004],[-98.43774763099995,22.291715569000075],[-98.43643387699994,22.290656],[-98.43546119999995,22.289880862000075],[-98.43513909199999,22.289693662000044],[-98.43485426199999,22.289598308000052],[-98.43424190799999,22.289481938000044],[-98.43318347699994,22.28930123100002],[-98.43275241499995,22.289189385000036],[-98.43276887699992,22.28880352300007],[-98.43270667699993,22.288484400000073],[-98.43255549199996,22.288156569000023],[-98.42953433799993,22.28529104600005],[-98.42794719999995,22.283847585000043],[-98.42770023099995,22.283455231000055],[-98.42768159999996,22.283262908000037],[-98.42770650799996,22.282994615000064],[-98.42819444599996,22.282054954000046],[-98.4287902,22.280907631000044],[-98.42908901499999,22.28050778500005],[-98.42943979999995,22.280306431000035],[-98.42970509199995,22.280218769000044],[-98.43058323099996,22.28018353800007],[-98.43115430799998,22.280160615000057],[-98.43253927699999,22.280116154000037],[-98.43296339999996,22.27996849200003],[-98.43328307699993,22.279718846000033],[-98.43350460000002,22.27924396900005],[-98.43364476899997,22.27882430800003],[-98.43383855399995,22.27824415400005],[-98.43400470799997,22.277533600000027],[-98.43397319999997,22.27718346200004],[-98.43379364599998,22.27684406200007],[-98.433451,22.27656984600003],[-98.43268579999993,22.276323231000045],[-98.43137172299996,22.276022800000074],[-98.43066607699996,22.275796246000024],[-98.43040683099996,22.275472323000027],[-98.43035936899997,22.27505709200005],[-98.43037152299993,22.27460292300003],[-98.42987524599994,22.274555508000052],[-98.42864838499996,22.274456077000025],[-98.42585995399996,22.27425696900008],[-98.42475559999997,22.27426775400005],[-98.42410684599997,22.274619400000063],[-98.42239533799992,22.275658431000068],[-98.42166718499999,22.276100477000057],[-98.41293041499992,22.281292738000044],[-98.41260000000001,22.28149146200008],[-98.40867187699993,22.28374306200004],[-98.40803621499997,22.284115446000044],[-98.40755789199994,22.284209523000072],[-98.40696163099994,22.284131569000067],[-98.40553139999996,22.28343515400007],[-98.403699385,22.282543077000064],[-98.40317367699998,22.282218508000025],[-98.40292798499996,22.281834185000037],[-98.40283963099992,22.281404923000025],[-98.40274110799996,22.279844277000052],[-98.402687631,22.278997246000074],[-98.40266989199996,22.27871638500005],[-98.40243158499999,22.278248231000074],[-98.40198990799996,22.277933108000074],[-98.40160984599999,22.27773367700007],[-98.401096662,22.27746438500003],[-98.40083079999992,22.277461862000056],[-98.39961004599996,22.278087354000036],[-98.39935618499999,22.27817492300005],[-98.39911892299993,22.278082554000033],[-98.39870373799992,22.277802677000068],[-98.39789027699996,22.277262092000054],[-98.39682795399993,22.276556123000034],[-98.39637810799992,22.276261908000038],[-98.39665481499996,22.275971169000066],[-98.39680172299994,22.27564361500003],[-98.39685096899996,22.275321723000047],[-98.39693103099994,22.275044123000043],[-98.39741318499993,22.274899400000034],[-98.39786803099996,22.274770169000078],[-98.39862764599997,22.27407161500003],[-98.39926467699996,22.273256615000037],[-98.39989732299993,22.272756185000045],[-98.400556969,22.27264872300003],[-98.40093852299997,22.272474508000073],[-98.40112686199996,22.27216041500003],[-98.40102290799997,22.271568800000068],[-98.40095021499995,22.271092615000043],[-98.40095193799996,22.270712062000026],[-98.40107172299996,22.270381846000078],[-98.40132304599999,22.270025385000054],[-98.401763046,22.269675431000053],[-98.40419864599995,22.269646969000057],[-98.40581059999994,22.26956598500004],[-98.40630153799997,22.269459169000076],[-98.40641878499997,22.269350985000074],[-98.406349446,22.26917693800004],[-98.40616387699998,22.26887213800006],[-98.40614196899998,22.268524477000025],[-98.40623706199995,22.268133800000037],[-98.40628421499996,22.268025369000043],[-98.40607593799996,22.267568400000076],[-98.40591346199996,22.26732884600005],[-98.40577396899991,22.26717629200004],[-98.40561055399995,22.267153954000037],[-98.40542383099995,22.26713155400006],[-98.40519015399995,22.267152415000055],[-98.40500284599993,22.26726035400003],[-98.40479,22.267411631000073],[-98.40462796900002,22.267541385000072],[-98.40441758499996,22.26758406200003],[-98.40425416899997,22.26756173800004],[-98.40397453799991,22.267408646000032],[-98.40376507699993,22.26723407700007],[-98.40346330799997,22.266798508000022],[-98.40320813799995,22.266384831000035],[-98.40317916899994,22.26596132300006],[-98.40329989199996,22.265459892000017],[-98.40394206199994,22.26433198500007],[-98.40428441499996,22.26382463100003],[-98.40496130799994,22.26322369200005],[-98.40533593799994,22.263001046000056],[-98.40559621499993,22.262812092000043],[-98.40569181499993,22.262605077000043],[-98.40566007699992,22.26248344600003],[-98.40548556899995,22.262332231000066],[-98.40524746199998,22.26207810800003],[-98.40499833799997,22.26173112300006],[-98.40471539999999,22.261196046000066],[-98.40436803099996,22.26016887700007],[-98.40419466199997,22.259165800000066],[-98.40435118499991,22.258281800000077],[-98.40481013799996,22.25715066200008],[-98.40504847699994,22.25652953800005],[-98.4051,22.256256077000042],[-98.40509330799992,22.256076292000046],[-98.40297530799994,22.256090615000065],[-98.39863335399994,22.256119892000072],[-98.39645487699993,22.256092554000077],[-98.39364224599996,22.256057200000043],[-98.38891633799992,22.25599767700004],[-98.38628216899995,22.255964446000068],[-98.38310863099996,22.255890554000075],[-98.38310859999993,22.255890554000075],[-98.38254701499991,22.25588213800006],[-98.38183292299996,22.253334785000046],[-98.37826029199992,22.25343035400004],[-98.37787296899994,22.253027969000076],[-98.37633643099994,22.25082907700005],[-98.37543239999992,22.25396689200005],[-98.37211567699994,22.254614908000065],[-98.37141561499999,22.254748308000046],[-98.37112344599996,22.254804000000004],[-98.37093606199993,22.25483970800008],[-98.36813667699992,22.255373108000075],[-98.36785724599997,22.254130631000066],[-98.36771235399999,22.25348633800007],[-98.36751687699994,22.252617031000053],[-98.367226046,22.25132375400005],[-98.36743835399992,22.250883692000063],[-98.36786764599997,22.249993862000053],[-98.36830127699992,22.249095015000023],[-98.36863096899998,22.248411615000062],[-98.36965736899998,22.246284031000073],[-98.36966838499995,22.246261185000034],[-98.36973404599995,22.24612507700004],[-98.36976673799994,22.246057323000063],[-98.36982567699994,22.24593513800005],[-98.37080819999991,22.243765631000027],[-98.37199775399993,22.24131084600003],[-98.37455584599995,22.23607940000005],[-98.37243256899991,22.236063431000048],[-98.37190366199997,22.236085785000057],[-98.36950344599997,22.236061138000025],[-98.369627585,22.23809747700005],[-98.36784649199996,22.238187046000064],[-98.36785039999995,22.23821623100002],[-98.36532898499995,22.238344215000037],[-98.36528164599997,22.238314077000037],[-98.36544983099996,22.23758261500006],[-98.36433601499999,22.237297615000045],[-98.364259185,22.237286308000026],[-98.36423515399996,22.238033292000065],[-98.36377793799991,22.237930585000075],[-98.36322776899998,22.23889930800004],[-98.36288958499995,22.23874784600002],[-98.36111356899995,22.239066446000038],[-98.35993583099994,22.239274246000036],[-98.35988224599997,22.239313492000065],[-98.35985186199996,22.238788215000056],[-98.35607992299997,22.23953098500004],[-98.35607333799996,22.239499],[-98.35275963099996,22.24015958500007],[-98.35291490799993,22.241069908000043],[-98.35241484599999,22.241157646000033],[-98.35194673799997,22.23858284600004],[-98.35187406199998,22.238589754000028],[-98.34851058499999,22.239232692000027],[-98.34572667699996,22.239795985000057],[-98.34526078499992,22.239640600000026],[-98.34497610799995,22.239646077000028],[-98.33287658499994,22.241771908000032],[-98.32807493799996,22.24265886200004],[-98.32596704599995,22.243052800000036],[-98.32613796899992,22.242810554000073],[-98.32907321499991,22.239509415000043],[-98.33444707699991,22.23357543100008],[-98.33536544599997,22.232606569000037],[-98.34373655399995,22.223115],[-98.34461513799994,22.22208873800002],[-98.34491321499996,22.222143292000048],[-98.34561133799996,22.222289092000036],[-98.34652924600002,22.222480785000073],[-98.34762149199999,22.222739523000023],[-98.34825829199997,22.222746862000058],[-98.34973996899998,22.222763938000067],[-98.35039809199996,22.222771508000047],[-98.35226121499993,22.222798785000066],[-98.35211618499993,22.22072658500002],[-98.34988912299994,22.219448662000044],[-98.34794204599996,22.218331354000043],[-98.34612270799994,22.217032354000025],[-98.34562559999996,22.217314323000043],[-98.34449613799994,22.21669481500004],[-98.34306156899999,22.21589324600006],[-98.344958954,22.213961646000033],[-98.34250681499996,22.21294515400007],[-98.34126624599999,22.21247580000005],[-98.33909955399996,22.211656015000077],[-98.3359067379999,22.210304677000067],[-98.33522001499995,22.210011754000053],[-98.33475836899997,22.20247936900006],[-98.33426415399998,22.20224938500007],[-98.33369156899994,22.202024815000073],[-98.33299283099993,22.201906815000033],[-98.33199649199997,22.201735600000063],[-98.33120738499997,22.201596954000024],[-98.33041318499994,22.201344446000064],[-98.33061861499996,22.200946415000033],[-98.33253092299996,22.197716631000045],[-98.33263015399994,22.197555723000058],[-98.33310446199994,22.197430800000063],[-98.33432712299997,22.19710872300005],[-98.33482941499994,22.190240600000035],[-98.33654501499993,22.187693246000034],[-98.33766476899997,22.187473754000056],[-98.33883289199994,22.187244754000066],[-98.33985636899995,22.18704410800007],[-98.34095953799992,22.186827831000073],[-98.34188058499996,22.18664724600006],[-98.34294458499994,22.18643863100004],[-98.34382964599997,22.18646023100007],[-98.34440132299991,22.186474169000068],[-98.34767004599996,22.184158754000073],[-98.34945709199995,22.182892846000072],[-98.35057463099996,22.182366846000033],[-98.35261967699995,22.18146467700006],[-98.35334632299994,22.181144108000073],[-98.35494601499992,22.180454708000074],[-98.35528007699995,22.18028844600008],[-98.41108444599998,22.143381969000078],[-98.41333446199997,22.14221121500003],[-98.41356581499996,22.142053600000054],[-98.413713708,22.141952800000073],[-98.41409267699999,22.14188264600006],[-98.41502736899997,22.14181312300008],[-98.41596229199996,22.14155535400005],[-98.4167458,22.141203262000033],[-98.41727684599992,22.140733215000065],[-98.41798466200001,22.140310446000058],[-98.41831352299994,22.13993430800003],[-98.41874364599995,22.139370015000058],[-98.41912304600001,22.13897040000007],[-98.41960327699996,22.13873561500003],[-98.42020956899997,22.138665692000078],[-98.42063941499998,22.138313185000076],[-98.42052646199996,22.13747823100005],[-98.42063526199996,22.136860215000077],[-98.42088206199996,22.13653043100004],[-98.42148909199994,22.135941692000078],[-98.42184998499992,22.135306354000026],[-98.42206867699996,22.134923523000058],[-98.42243269199996,22.134594554000046],[-98.42280230799994,22.134186846000034],[-98.42309467699994,22.133774769000077],[-98.42313164599994,22.13343990800007],[-98.42301966199996,22.13305547700003],[-98.42303901499996,22.13275853800008],[-98.42331567699995,22.132446692000027],[-98.42366209199997,22.132169062000063],[-98.42405969199999,22.132088200000055],[-98.42457469199996,22.13222840000003],[-98.42481915399996,22.132482985000024],[-98.42501067699996,22.132824723000063],[-98.4254103379999,22.13321360000003],[-98.42630576899995,22.13314836900003],[-98.42655058499997,22.13282904600004],[-98.42664472299995,22.13238196900005],[-98.42672007699994,22.131831185000074],[-98.42662000000001,22.131464046000083],[-98.42641815399995,22.131175569000057],[-98.42624072299998,22.13102280000004],[-98.42604133799993,22.130876292000043],[-98.42583406199998,22.130680738000027],[-98.42581089199996,22.130471400000037],[-98.42591164599997,22.130251800000053],[-98.42607127699993,22.130104308000057],[-98.42642147699995,22.130016708000028],[-98.42693035399996,22.130018492000037],[-98.42740693799998,22.13013860000007],[-98.42816749199994,22.130378615000044],[-98.42876909199998,22.130340985000032],[-98.42938544599997,22.13009733800004],[-98.43012236899995,22.129542692000026],[-98.43077706199993,22.12914380000006],[-98.43156607699996,22.128720246000054],[-98.43201672299993,22.12826538500008],[-98.43221013799993,22.127614646000037],[-98.43205384599997,22.126933046000033],[-98.43161086199997,22.126368908000078],[-98.43135786199997,22.12601270800008],[-98.43123289199997,22.125449677000056],[-98.43152626199999,22.123674077000032],[-98.43210915399996,22.121406723000067],[-98.43243041499991,22.119689892000054],[-98.43227884599996,22.11874236900007],[-98.43225790799991,22.117814631000048],[-98.43271566199996,22.11741273800004],[-98.43455479999996,22.11601635400007],[-98.43596927699997,22.11530906200005],[-98.43730483099995,22.114957538000063],[-98.43824846199999,22.114754862000044],[-98.438320462,22.114647708000067],[-98.43866464599998,22.11413547700005],[-98.43885723099996,22.11369196900006],[-98.43889184599998,22.11298143100004],[-98.43886226199999,22.11241873800003],[-98.43873706199996,22.111914938000044],[-98.43832164599996,22.11151509200005],[-98.437904846,22.111315523000034],[-98.43731183099999,22.11112786200005],[-98.43675543099994,22.11096889200008],[-98.43614044599998,22.110865246000067],[-98.43523916899994,22.110906431000046],[-98.43448887699996,22.110929554000055],[-98.43367010799993,22.11089484600007],[-98.43301536899997,22.11073024600006],[-98.43237195399993,22.11053589200003],[-98.43186112299996,22.110141138000078],[-98.43116018499995,22.10937704600008],[-98.43059223099996,22.108804615000057],[-98.43025696899998,22.10846378500003],[-98.42972996899994,22.108476692000067],[-98.42914615399994,22.10871473800006],[-98.42863904599994,22.108905615000033],[-98.42811847699993,22.108921677000072],[-98.427626569,22.10878176900008],[-98.42726720000002,22.108452969000037],[-98.42689575399997,22.107973969000064],[-98.42673339999999,22.10739749200008],[-98.42662761499997,22.106783231000062],[-98.42532072299996,22.105681600000025],[-98.42404559999994,22.104475354000048],[-98.42272039999993,22.103728600000064],[-98.42211083099993,22.103380138000034],[-98.42144913799994,22.10278413800006],[-98.42089441499995,22.102015354000063],[-98.41952593799992,22.10086164600006],[-98.41917950799996,22.100174415000033],[-98.41901355399995,22.098582477000033],[-98.41882506199995,22.098019215000022],[-98.41908089199995,22.097664800000075],[-98.42083106199999,22.097345292000057],[-98.42289989199995,22.096849231000075],[-98.423699969,22.095578831000065],[-98.423699985,22.095578815000067],[-98.42456316899995,22.094427046000078],[-98.42555424599999,22.093098046000023],[-98.42612884599998,22.09253747700006],[-98.42692530799995,22.092155338000055],[-98.42740258499998,22.09206816900008],[-98.427817969,22.091566262000075],[-98.42853792299994,22.091045800000074],[-98.42934450799997,22.090717554000033],[-98.43022072300002,22.090457292000053],[-98.43097207699996,22.090409477000033],[-98.43172149199997,22.090050154000043],[-98.43238675399999,22.089669999999998],[-98.43283823099993,22.08907687700002],[-98.43323406199995,22.08869276900003],[-98.43335124599997,22.085657738000066],[-98.43323629199993,22.085153569000056],[-98.43263575399999,22.084263185000054],[-98.43168727699998,22.082927415000032],[-98.43099313799995,22.081592523000037],[-98.43074281499995,22.080584908000045],[-98.43071401499998,22.07984452300008],[-98.43084320000001,22.079341600000078],[-98.43106752299995,22.07889823100004],[-98.43151367699993,22.07863329200006],[-98.43281778499991,22.078489769000043],[-98.43476664599997,22.078462985000037],[-98.43650332299994,22.07809533800003],[-98.43705156899996,22.077847231000078],[-98.437897938,22.077385246000066],[-98.43845361499997,22.076964831000055],[-98.43900396899996,22.076415431000044],[-98.43945212299994,22.07564709200005],[-98.43968387699992,22.074876769000074],[-98.43972161499994,22.07216783100005],[-98.43973026199994,22.069976677000053],[-98.44002233799995,22.068467538000046],[-98.44073079999998,22.06616032300008],[-98.44105183099998,22.065361938000024],[-98.44113115399993,22.06509804600006],[-98.441866169,22.064874138000054],[-98.44123013799998,22.06422798500006],[-98.44127766199998,22.06392572300007],[-98.44089164599997,22.063523662000023],[-98.43929870799995,22.061946292000073],[-98.43524790799995,22.05783784600004],[-98.43437524599995,22.056939123000067],[-98.43422276899999,22.056555985000045],[-98.43428759999993,22.05547626200007],[-98.43455603099993,22.052048923000033],[-98.43464921499996,22.051669015000076],[-98.43483712299994,22.051400462000064],[-98.43513953799997,22.05117772300003],[-98.43890801499997,22.050350277000064],[-98.44253023099998,22.04951603100005],[-98.44288539999995,22.049367646000064],[-98.44313449199997,22.049115492000055],[-98.44346692299996,22.04846723100007],[-98.44512983099997,22.04490404600006],[-98.44641430799999,22.042215338000062],[-98.44646652299997,22.041789262000066],[-98.44630607699995,22.04129847700005],[-98.44607024599996,22.04098386200008],[-98.444398246,22.03875406200007],[-98.44340263099997,22.037457062000048],[-98.443217846,22.03712826200007],[-98.44318758499998,22.036792754000032],[-98.44330292299996,22.035292985000066],[-98.44348652299996,22.033371292000027],[-98.44354898499994,22.03298175400005],[-98.44374603099999,22.03261647700003],[-98.44420656899999,22.032096754000065],[-98.44740547699996,22.02854730800004],[-98.44766830799996,22.028168323000045],[-98.44806375399997,22.027716415000043],[-98.44825553799996,22.027324246000028],[-98.44869519999997,22.02296070800003],[-98.44884672299996,22.021421754000077],[-98.44819293799996,22.021170200000032],[-98.45072143099996,22.017675785000055],[-98.45142501499997,22.016703385000028],[-98.4524875229999,22.015234923000037],[-98.45251043099995,22.01520327700007],[-98.45272052299997,22.01491289200004],[-98.45356807699993,22.01374144600004],[-98.45468275399996,22.01220078500006],[-98.45589895399993,22.010519754000033],[-98.45669016899996,22.00942612300003],[-98.45679492299995,22.00928130800003],[-98.4589176,22.006347169000037],[-98.45946389199997,22.005398246000027],[-98.45894179999999,22.00519120000007],[-98.45840787699993,22.004983554000034],[-98.45884696899998,22.00403649200007],[-98.45928632299996,22.00308884600003],[-98.45972549199996,22.002141600000073],[-98.46019149199999,22.001136462000034],[-98.45950513799993,22.00086215400006],[-98.45962324599998,22.00056643100003],[-98.45931218499997,22.00046346200003],[-98.45939263099994,22.000179138000078],[-98.45941387699996,21.999832292000058],[-98.45942646199997,21.999071277000038],[-98.45945184599998,21.998491231000052],[-98.45942326199999,21.997999262000064],[-98.45945943099996,21.997543231000062],[-98.45950172299995,21.996916231000053],[-98.45949940000001,21.99626841500003],[-98.45951727699996,21.995619938000054],[-98.45954447699995,21.99516906200006],[-98.46112063099999,21.995743015000066],[-98.46242939999996,21.996175785000048],[-98.46281970799998,21.994427215000027],[-98.46357609199997,21.990987138000037],[-98.46420453799999,21.99063638500007],[-98.464514492,21.990573492000067],[-98.46467000000001,21.99055578500003],[-98.46469655399994,21.990500185000027],[-98.46501413799996,21.990067769000067],[-98.46554067699998,21.98987681500006],[-98.46640518499999,21.989887985000053],[-98.46859050799996,21.99049264600006],[-98.46934472299995,21.99053023100003],[-98.46997213799992,21.990397446000028],[-98.47040341499995,21.989830646000026],[-98.47118104599997,21.988427954000024],[-98.47161698499997,21.988041908000067],[-98.47233386199996,21.987973908000075],[-98.47299847699995,21.98838196900004],[-98.47351747699996,21.98894644600005],[-98.47607381499994,21.993890200000067],[-98.47620867699999,21.994395123000064],[-98.47615295399997,21.99549049200004],[-98.47628607699993,21.99957306200002],[-98.47885,21.99509473800003],[-98.47897619999995,21.994877954000064],[-98.479025446,21.994791985000063],[-98.480420569,21.99235690800003],[-98.481423985,21.990605492000043],[-98.48147636899995,21.99051403100003],[-98.47989061499999,21.98898320000006],[-98.48001190799994,21.98874146200006],[-98.48021016899996,21.98834909200007],[-98.48141819999995,21.98595612300005],[-98.48199396899999,21.982998815000027],[-98.48190639999996,21.982888708000075],[-98.48065229199995,21.981315477000066],[-98.47950786199999,21.979879015000048],[-98.47639707699992,21.97597352300005],[-98.47606752299997,21.97556140000006],[-98.47538723099993,21.974705492000055],[-98.47315583099997,21.97190673800003],[-98.47290873799992,21.971594262000053],[-98.47282495399996,21.971490092000067],[-98.46952000000002,21.967341738000073],[-98.46941761499994,21.967213108000067],[-98.46861458499997,21.966204815000022],[-98.46866649199997,21.96616744600004],[-98.46859138499997,21.966049554000044],[-98.46808983099997,21.965481323000063],[-98.46880576899997,21.964601323000064],[-98.47034872299994,21.96377381500002],[-98.47126113799999,21.96328406200007],[-98.47184446199999,21.962910308000062],[-98.47214889199994,21.962699923000052],[-98.47278198499997,21.962444246000068],[-98.47349203099996,21.962000492000072],[-98.47407489199995,21.961697415000057],[-98.47523926199995,21.961303277000066],[-98.47607483099993,21.960978015000027],[-98.47680981499994,21.96058150800007],[-98.477645092,21.96030335400007],[-98.47999652299993,21.95991569200004],[-98.4811308,21.95984715400004],[-98.48270346199995,21.959752092000027],[-98.48471755399996,21.959624354000027],[-98.48727089199997,21.959531785000024],[-98.48767236899994,21.959579462000026],[-98.49100863099993,21.95997563100008],[-98.49168969199998,21.96012069200003],[-98.49206839999992,21.96014629200004],[-98.49267355399995,21.960314492000066],[-98.49320336899997,21.96041160000004],[-98.49426227699995,21.96072361500006],[-98.49514395399996,21.961105354000036],[-98.49569756899994,21.96143820000003],[-98.49703186199997,21.962152231000054],[-98.50030747699996,21.964043554000053],[-98.50381686199995,21.96614009200004],[-98.50464953799995,21.966637538000032],[-98.50848832299991,21.969229892000037],[-98.51254175399997,21.972191492000032],[-98.51551696899998,21.97501575400003],[-98.51655243099998,21.97602430800003],[-98.51738086199997,21.976831185000037],[-98.51885135399999,21.97800861500008],[-98.52038373799994,21.97892320000005],[-98.52200036899994,21.979430677000035],[-98.52358306199994,21.979334723000026],[-98.52484330799996,21.978869123000038],[-98.52664375399995,21.978170462000037],[-98.53168998499997,21.974665585000025],[-98.53464635399995,21.972361277000058],[-98.53731438499995,21.970223692000044],[-98.53982630799999,21.96828889200003],[-98.54373113799991,21.96528103100007],[-98.54503238499994,21.964288215000067],[-98.54618230799994,21.963410831000026],[-98.547265123,21.962715215000053],[-98.54837869199994,21.961921169000053],[-98.54941519999994,21.96121278500004],[-98.55066501499991,21.96075006200004],[-98.55204213799995,21.96086884600004],[-98.55313826199995,21.961569185000027],[-98.55451833799997,21.962450908000047],[-98.55654579999998,21.963970800000023],[-98.55878759999992,21.965646600000063],[-98.55942021499999,21.966038092000076],[-98.56095835399994,21.96698995400004],[-98.56216983099995,21.967550738000057],[-98.56020353799994,21.969549554000018],[-98.56016678499999,21.969631923000062],[-98.56144390799993,21.971261185000063],[-98.56236996899997,21.972371585000076],[-98.56269944599997,21.973169585000047],[-98.56304664599996,21.97930215400003],[-98.56285035399995,21.980068138000036],[-98.56228515399991,21.98134281500005],[-98.56163381499992,21.981747585000043],[-98.56019098499996,21.982207754000054],[-98.55832575399994,21.982753369000022],[-98.55785367699997,21.983025046000023],[-98.55626312299995,21.984626292000023],[-98.55390978499997,21.986904154000058],[-98.55347055399992,21.98740180000004],[-98.55312281499992,21.988193862000056],[-98.55177153799994,21.99184476900007],[-98.55078615399992,21.99452730800004],[-98.55074633799993,21.99501572300005],[-98.55092887699996,21.995377185000052],[-98.55318055399991,21.998578569000074],[-98.55438358499998,22.000437431000023],[-98.55763446199997,22.005207538000032],[-98.55794198499996,22.005762923000077],[-98.55702916899996,22.007277631000026],[-98.55711036899997,22.012133815000027],[-98.55712326199998,22.01290553800004],[-98.55529886199996,22.01392195400007],[-98.54717870799998,22.014098985000036],[-98.54705806199996,22.014314923000036],[-98.54268616899995,22.014530292000074],[-98.53898859999997,22.01649156900004],[-98.53711103099991,22.01881880000008],[-98.53607166199998,22.019032985000024],[-98.53439709199995,22.018552400000033],[-98.53071296899998,22.01715189200008],[-98.52838681499993,22.016557938000066],[-98.53201452299997,22.020194],[-98.53118563099997,22.02015921500003],[-98.5301816,22.024118477000062],[-98.53031719999994,22.024810015000075],[-98.53646004599995,22.03714829200004],[-98.53659406199996,22.03824889200007],[-98.53657023099997,22.038713123000036],[-98.53646758499995,22.03965712300004],[-98.53633778499993,22.04073001500006],[-98.53617072299993,22.042277138000028],[-98.53565130799994,22.047673662000026],[-98.52817576899996,22.047143462000065],[-98.520155677,22.050537215000077],[-98.51991416899993,22.050662877000033],[-98.51835944599998,22.05120716900007],[-98.513853462,22.05086661500008],[-98.50309229199995,22.043829415000065],[-98.50294424599997,22.04381033800007],[-98.49629476899997,22.054937800000065],[-98.49534423099998,22.058518677000052],[-98.49003912299996,22.06539435400003],[-98.48971173799997,22.066501723000044],[-98.48996341499998,22.067526877000027],[-98.49179555399995,22.071576138000072],[-98.49172892299998,22.07473810800008],[-98.49170672299992,22.075792108000027],[-98.49217376899996,22.07627095400005],[-98.49708843099995,22.07291607700006],[-98.50513330799997,22.073751277000042],[-98.50592116899996,22.07313178500004],[-98.50717904599998,22.07480915400004],[-98.50483084599995,22.081620677000043],[-98.50461183099996,22.08217327700003],[-98.50457056899995,22.086189246000057],[-98.50382344599997,22.088079015000062],[-98.49987455399996,22.091478262000066],[-98.49998910799995,22.09352650800002],[-98.50024490799996,22.098094185000033],[-98.50629726199996,22.09738756900003],[-98.50991810799994,22.100718554000025],[-98.50893624599995,22.100967046000054],[-98.50480803099995,22.102715877000033],[-98.50319809199999,22.105373738000026],[-98.50385787699994,22.10554486200004],[-98.50789996899994,22.10661632300003],[-98.50821639999998,22.108327015000043],[-98.50841,22.108784908000075],[-98.51002169199997,22.118076200000075],[-98.51077703099995,22.123678723000076],[-98.50759198499998,22.135621600000036],[-98.50717724599997,22.136121692000074],[-98.50539038499993,22.143192123000066],[-98.50487673799991,22.149155015000083],[-98.50464318499996,22.149507908000032],[-98.50446652299995,22.149741999999996],[-98.50413173799993,22.15000301500004],[-98.50378624599993,22.150172215000055],[-98.503580646,22.150259123000076],[-98.50356481499992,22.15036255400003],[-98.5035936,22.15051583100006],[-98.50408766199996,22.151436723000078],[-98.50485229199995,22.15274138500007],[-98.50506101499994,22.153108738000075],[-98.50546967699995,22.153827954000068],[-98.50573712299992,22.154153769000068],[-98.50595978499997,22.15432492300005],[-98.50624629199997,22.15438050800003],[-98.50650907699996,22.15441290800004],[-98.5073501379999,22.15435647700008],[-98.50912607699995,22.154253800000053],[-98.51093301499998,22.15414690800003],[-98.51119953799997,22.154178769000062],[-98.51140000000001,22.154249092000043],[-98.51190644599997,22.154575538000074],[-98.51363503099998,22.15636753800004],[-98.51472949199999,22.157808185000082],[-98.51545023099999,22.159082046000037],[-98.51558527699994,22.15952166200003],[-98.51521041499996,22.162124692000077],[-98.51499503099996,22.16501607700007],[-98.51549729199995,22.171719908000057],[-98.51553793799994,22.171726523000075],[-98.51579713799995,22.17178990800005],[-98.51618516899998,22.171858615000087],[-98.51645706199997,22.171937108000073],[-98.51668164599995,22.17205261500004],[-98.51708661499998,22.172180554000082],[-98.51763603099994,22.172323677000062],[-98.51769519999998,22.17233763100006],[-98.51707141499996,22.17342772300003],[-98.51704241499996,22.175927908000066],[-98.51671233799995,22.176654092000035],[-98.51606423099997,22.177239277000066],[-98.51600479999996,22.17889109200008],[-98.51516238499994,22.181328415000056],[-98.51499341500002,22.182473662000064],[-98.51534261499994,22.182869477000054],[-98.51565246199998,22.18290713800008],[-98.51574159999994,22.182912308000027],[-98.51631358499999,22.182945508000042],[-98.52120829199998,22.18306749200008],[-98.52214807699988,22.18331841500003],[-98.52416943099996,22.184159954000055],[-98.5260704309999,22.18495136900004],[-98.52671495399991,22.18476358500004],[-98.52749819999995,22.183933831000044],[-98.52821947699992,22.183200508000027],[-98.52831715399995,22.182569215000054],[-98.52802850799993,22.18193461500005],[-98.52883809199992,22.18194126200007],[-98.53775927699995,22.18129073800003],[-98.53721469199998,22.185857569000063],[-98.53697226199995,22.18830666200006],[-98.54341673799995,22.18887330800004],[-98.54352587699998,22.185224200000047],[-98.54859358500002,22.186294400000065],[-98.54896438499998,22.186290538000033],[-98.54936803099996,22.18606440000008],[-98.55139547699996,22.18554447700006],[-98.55211678499995,22.185630615000033],[-98.55258429199995,22.18600647700003],[-98.55322718499997,22.18680683100007],[-98.55384506199992,22.187064477000035],[-98.55423536899997,22.18700364600005],[-98.55474210799994,22.18674181500006],[-98.55501336899991,22.186210123000027],[-98.55494950799991,22.184531031000063],[-98.5550718919999,22.18367660000007],[-98.55519695399992,22.183709908000026],[-98.55753843099994,22.184352508000075],[-98.55791803099996,22.184453569000027],[-98.55934926199994,22.184874185000076],[-98.56240046199997,22.185769969000027],[-98.56245403099996,22.186138615000058],[-98.56250816899994,22.186459277000036],[-98.5628557539999,22.186452538000022],[-98.56342601499995,22.18644527700007],[-98.56400430799992,22.186447785000034],[-98.56410592299994,22.186215415000053],[-98.56522643099999,22.18654392300004],[-98.56547023099994,22.186478062000045],[-98.56569256899995,22.186484923000027],[-98.56631678499997,22.18663866200006],[-98.56680689199999,22.186794431000063],[-98.56713006199999,22.187158877000062],[-98.57278813799991,22.188780538000056],[-98.57297409199997,22.18873509200006],[-98.57388790799993,22.18916832300005],[-98.59108978499997,22.18564935400007],[-98.59106709199995,22.19422356900003],[-98.61639852299996,22.20166643100003],[-98.61825438499994,22.202214169000058],[-98.62845486199994,22.20521383100003],[-98.63743,22.207854015000073],[-98.64547946199997,22.210218569000066],[-98.64819372299995,22.211016508000057],[-98.65737609199991,22.213715538000027],[-98.66478427699994,22.215892646000043],[-98.66422435399994,22.218171862000077],[-98.66210207699996,22.226872969000055],[-98.67642866199995,22.227312692000048],[-98.67647076899999,22.228487908000027],[-98.67156169199994,22.22840918500003],[-98.67167003099993,22.23147463100003],[-98.661026662,22.23128166200007],[-98.66008787699992,22.235129708000038],[-98.65886273799995,22.24011347700002],[-98.68141,22.24004735400007],[-98.68143367699996,22.24584536900005],[-98.67947944599996,22.244505815000025],[-98.67715181499992,22.246605492000075],[-98.67654878499994,22.248674662000035],[-98.67652079999996,22.250493815000027],[-98.67652109199996,22.257240815000046],[-98.67650187699992,22.263178062000065],[-98.67651216899995,22.26487055400003],[-98.67643252299992,22.26487010800003],[-98.67639416899999,22.273890815000076],[-98.67641506199998,22.28292618500006],[-98.67625270799991,22.291905077000024],[-98.67624176899992,22.300980631000076],[-98.67634416899992,22.31008976900006],[-98.67633072299995,22.31900810800005],[-98.67625776899995,22.32237793800004],[-98.67626832299995,22.32791550800005],[-98.66199772299994,22.32796447700003],[-98.65700398499995,22.328054877000056],[-98.64727072299995,22.327983000000003],[-98.63763413799994,22.328043631000067],[-98.637634785,22.32811344600003],[-98.63763333799993,22.328293800000036],[-98.63756352299998,22.337011400000055],[-98.63759373799995,22.34603781500004],[-98.64613606199998,22.34605112300006],[-98.64728203099996,22.34605176900005],[-98.65682159999993,22.346061938000048],[-98.66649541499997,22.34605969200004],[-98.66667938499995,22.355089108000076],[-98.67620566199997,22.35511226200003],[-98.67653984599995,22.355114400000048],[-98.67650656899995,22.364097446000073],[-98.68413792299997,22.363549585000037],[-98.68157546199996,22.371485477000082],[-98.6815466,22.371574862000045],[-98.67653979999993,22.372805185000065],[-98.67614941499993,22.37319663100004],[-98.66846463099992,22.37319113800004],[-98.66758092299993,22.373190492000045],[-98.66237604599993,22.373186538000027],[-98.6588018149999,22.373138646000033],[-98.647244877,22.373100154000046],[-98.64562366199999,22.373098200000076],[-98.6398403539999,22.373091062000075],[-98.63921123099998,22.373090262000066],[-98.63787575399999,22.373088569000064],[-98.63756141499992,22.373088185000036],[-98.63756133799993,22.37313572300008],[-98.63747123099994,22.373135169000026],[-98.63640384599995,22.373136662000036],[-98.63533644599993,22.37313813800006],[-98.634269062,22.373139615000067],[-98.63320166199998,22.37314107700007],[-98.63213427699995,22.37314253800002],[-98.63106687699994,22.37314398500007],[-98.62999949199995,22.373145431000072],[-98.62893209199991,22.373146862000056],[-98.62786469199995,22.373148292000053],[-98.62666793799995,22.373165200000077],[-98.62472133799994,22.37315829200003],[-98.62427363099992,22.373152354000073],[-98.62346943099996,22.373158508000078],[-98.62290735399992,22.37315393800003],[-98.61860470799995,22.37315566200005],[-98.6185483849999,22.37315858500006],[-98.61818212299991,22.373177600000076],[-98.61560144599997,22.373171846000044],[-98.61320578500002,22.373162477000047],[-98.61082124599994,22.37316483100005],[-98.60962781499994,22.373163815000055],[-98.60842835399993,22.373162585000046],[-98.59871289199997,22.373171354000082],[-98.59865215399996,22.373172985000053],[-98.59865912299992,22.373089862000025],[-98.59773450799996,22.373087569000067],[-98.59655781499995,22.373084892000065],[-98.59547743099994,22.373081938000038],[-98.59439670799996,22.373080138000034],[-98.59331596899995,22.373077754000064],[-98.59223549199999,22.37307535400004],[-98.59115464599998,22.373072954000065],[-98.5900712769999,22.37307013800006],[-98.58899384599992,22.37306741500004],[-98.58899376899996,22.37306741500004],[-98.58897423099994,22.373067369000076],[-98.58285566199999,22.37305253800002],[-98.58071109199992,22.376322769000073],[-98.58027235399996,22.377012815000057],[-98.57969424599997,22.377537292000053],[-98.57931581499994,22.37775693800006],[-98.57930686199994,22.376482585000076],[-98.57915119999993,22.373012015000032]]]}},{"type":"Feature","properties":{"code":"24018","cve_ent":"24","cve_mun":"018","municipio":"Huehuetlán","estado":"San Luis Potosí","region":"Huasteca Potosina","fuente":"Marco Geoestadístico / INEGI (consolidado GeoJSON para el visor)"},"geometry":{"type":"Polygon","coordinates":[[[-98.94887093799996,21.46470576900003],[-98.94904536899998,21.464386862000023],[-98.94938129199994,21.463782277000057],[-98.95070121499997,21.461139185000032],[-98.95191484599997,21.45959018500002],[-98.95744843099996,21.453410662000067],[-98.95991621499995,21.45644076900004],[-98.96011093799996,21.456697077000054],[-98.96122787699993,21.45783681500006],[-98.96144000000001,21.45804718500005],[-98.96164538499995,21.45825353800006],[-98.96190530799998,21.458534615000076],[-98.962153646,21.458692092000028],[-98.96226476899996,21.45876383100005],[-98.96261287699996,21.459133662000056],[-98.96272963099995,21.459273969000037],[-98.963724169,21.460809923000056],[-98.97155653799996,21.45395656900007],[-98.97221607699997,21.454746938000024],[-98.97433692299994,21.45646472300007],[-98.97446000000001,21.45689858500003],[-98.97462623099995,21.45740789200005],[-98.97480759999995,21.457656246000056],[-98.97489786199998,21.457937785000073],[-98.97507226199996,21.458081108000044],[-98.97576444599997,21.45855412300006],[-98.97573950799992,21.458700938000042],[-98.97573779999998,21.45877681500007],[-98.97581244599995,21.458970200000067],[-98.97585084599996,21.459087538000063],[-98.97585619999994,21.459120338000044],[-98.97590124599998,21.459077154000056],[-98.97598136899994,21.458827123000045],[-98.97612436899999,21.458687785000052],[-98.97622306199999,21.458625769000037],[-98.97629487699997,21.458610123000028],[-98.97641121499997,21.458642277000017],[-98.97672126199994,21.45878060000006],[-98.97699438499994,21.45893656900006],[-98.97704149199994,21.45896970800004],[-98.97727659999998,21.458950662000067],[-98.97735110799991,21.458945800000034],[-98.97753333799993,21.459028385000067],[-98.97763789199993,21.459148292000066],[-98.97775215399994,21.459313523000045],[-98.97780456899994,21.459367200000028],[-98.97791896899997,21.459407062000025],[-98.97821629199996,21.459394446000033],[-98.97909575399993,21.45917072300006],[-98.97960138499995,21.459011908000036],[-98.97988778499995,21.45892680000003],[-98.98033824599995,21.45883866200006],[-98.98069250799992,21.458703646000057],[-98.98122000000002,21.458515062000057],[-98.981607985,21.458461231000054],[-98.98220475399995,21.458345785000063],[-98.98244690799997,21.45825213800003],[-98.98244976899997,21.45812476900005],[-98.98243656899993,21.458005338000078],[-98.98531819999992,21.457167800000036],[-98.98416859999998,21.469036292000048],[-98.98459661499999,21.474192338000023],[-98.98608072299997,21.477324815000028],[-98.98689535399993,21.47904416900008],[-98.98934184599993,21.48265280000003],[-98.99010521499997,21.482489631000067],[-98.9974775379999,21.48788821500005],[-99.00462236899995,21.497273862000043],[-99.00756879999994,21.502809462000076],[-99.01294533799994,21.508658092000076],[-99.01596027699995,21.51573241500006],[-99.01671406199996,21.51750098500003],[-99.01725196899999,21.518337446000032],[-99.02370741499996,21.52837487700003],[-99.024123585,21.528594523000034],[-99.02576376899998,21.53202884600006],[-99.02579595399997,21.53360689200002],[-99.02606532299994,21.534373185000053],[-99.02638355399993,21.535026262000027],[-99.02665958499996,21.53578513800005],[-99.02689487699993,21.53621010800003],[-99.02739881499994,21.538298108000053],[-99.02781458499999,21.539138169000076],[-99.02834853799996,21.539800523000057],[-99.02841467699993,21.54023421500005],[-99.02861139999996,21.540660508000027],[-99.02885535399994,21.541012677000026],[-99.02907670799999,21.54150181500006],[-99.02896623099996,21.542471],[-99.02976690799993,21.545395277000065],[-99.02983729199994,21.546168600000044],[-99.02982389199997,21.547991108000083],[-99.02966701499996,21.54844912300006],[-99.02962410799995,21.550610569000067],[-99.02954183099993,21.55118867700003],[-99.02304659999997,21.551545600000054],[-99.02037523099992,21.55180735400006],[-99.01858207699993,21.552707046000023],[-99.01659721499998,21.554529369000026],[-99.014117431,21.557135677000076],[-99.00867444599999,21.56246492300005],[-99.007350262,21.563998123000037],[-99.00696119999998,21.56437255400004],[-99.00519612299993,21.56607127700005],[-99.00447806199996,21.56676232300003],[-99.00390764599997,21.567439631000067],[-99.00374232299995,21.56763593800002],[-99.00311844599997,21.568376723000032],[-99.00262255399996,21.568965554000044],[-99.00244253799994,21.569179292000054],[-99.00148686199995,21.570314046000078],[-99.00139595399995,21.57042196900005],[-99.001078985,21.57079832300008],[-99.00154853799994,21.570805646000053],[-99.001620862,21.570906785000034],[-99.001678385,21.571067385000045],[-99.00168238499998,21.571286954000076],[-99.00160393799996,21.571509600000066],[-99.00147746199997,21.571649831000055],[-99.00130486199998,21.571896985000027],[-99.00115018499997,21.572120185000074],[-99.00102453799995,21.572275600000072],[-99.00094938499994,21.572461062000063],[-99.00083789199991,21.572823369000048],[-99.00077999999999,21.573042785000034],[-99.00068364599998,21.57320486200007],[-99.00042930799995,21.573520431000077],[-99.00025161499997,21.573677523000075],[-99.00004418499998,21.57384330800005],[-98.99987001499993,21.57398472300003],[-98.99974143099995,21.574118785000053],[-98.99963066199999,21.57430589200004],[-98.99954944599996,21.574478738000042],[-98.99949492299999,21.574649215000022],[-98.99940367699998,21.574811154000034],[-98.99927889199995,21.57496613800004],[-98.99911519999996,21.575054231000024],[-98.99887049199998,21.575217492000036],[-98.99854609199997,21.575336400000026],[-98.99814567699997,21.57544770800007],[-98.99775855399996,21.57557130800006],[-98.99745127699998,21.575724154000053],[-98.997163062,21.575850277000033],[-98.99705663099996,21.575954846000055],[-98.99693040000001,21.576043369000047],[-98.9967763079999,21.576027800000077],[-98.99665164599999,21.57589673800004],[-98.996606677,21.575653815000063],[-98.99676630799995,21.575426231000044],[-98.99696333799994,21.57462415400005],[-98.99708504599992,21.574132492000047],[-98.99617187699992,21.57460089200003],[-98.99379256899992,21.575918738000038],[-98.99242755399995,21.576660723000032],[-98.99134141499995,21.57733432300006],[-98.990530462,21.577793062000072],[-98.98899433799993,21.57857755400005],[-98.98916098499997,21.579143108000036],[-98.98891355399995,21.579728585000048],[-98.98746289199994,21.580150246000073],[-98.987236554,21.57996298500007],[-98.98704879999997,21.57982064600003],[-98.98657781499995,21.578756462000058],[-98.98601664599995,21.578856262000045],[-98.98305744599998,21.57898112300007],[-98.9823783849999,21.579061308000067],[-98.98088953799996,21.57908489200003],[-98.97966379999998,21.57902107700005],[-98.97879593799993,21.57923343100003],[-98.97811410799993,21.579312538000064],[-98.97743544599997,21.57925581500007],[-98.97687861499995,21.579327415000026],[-98.97597167699993,21.579400631000052],[-98.97503566199998,21.579327831000054],[-98.97402153799999,21.579164600000073],[-98.97382096899997,21.579300815000067],[-98.97321181499994,21.579569092000042],[-98.97291253799992,21.579650892000075],[-98.96808104599995,21.579660723000075],[-98.96803686199995,21.58005104600005],[-98.96788881499994,21.58038796900007],[-98.96764333799997,21.580396999999998],[-98.96605089199994,21.57987910800006],[-98.96518046199996,21.579634138000074],[-98.96402849199997,21.57939803100004],[-98.96438239999995,21.578551508000032],[-98.96419359999999,21.577927138000067],[-98.96418796899997,21.577827708000033],[-98.96431096899995,21.577482615000065],[-98.96413416899998,21.576298677000068],[-98.96378621499994,21.57520986200006],[-98.95513438499995,21.571049062000043],[-98.9547968,21.570518508000077],[-98.95436618499997,21.57053083100004],[-98.95388523099996,21.57040873800003],[-98.95170203099995,21.568575262000024],[-98.94961418499999,21.567706338000047],[-98.94989416899995,21.566506708000073],[-98.94985072299991,21.564579246000047],[-98.94948695399995,21.563053015000037],[-98.94954367699997,21.561944708000055],[-98.949365877,21.56110718500003],[-98.94913573799994,21.560584969000047],[-98.94871912299999,21.55983006200006],[-98.94797553799998,21.559021169000065],[-98.94736136899996,21.558323108000025],[-98.946693569,21.55710112300006],[-98.94649463099996,21.556642646000054],[-98.94574352299996,21.555416662000027],[-98.945534862,21.555159523000043],[-98.94486876899997,21.554357708000058],[-98.94414535399994,21.55275118500003],[-98.94389604599996,21.552583446000025],[-98.943117154,21.552321477000078],[-98.94365955399996,21.550436138000066],[-98.94408832299995,21.549340062000056],[-98.94466286199999,21.547751892000065],[-98.94568946199998,21.544628554000035],[-98.94581069199997,21.54396484600005],[-98.94526347699997,21.542687354000066],[-98.94530884599999,21.541982908000023],[-98.94562501499996,21.541261446000078],[-98.94590847699996,21.54072518500004],[-98.94605007699994,21.54047935400007],[-98.94594207699997,21.540277246000073],[-98.94584489199997,21.540024631000048],[-98.94542513799995,21.53954701500004],[-98.94517006199997,21.53811053800007],[-98.94503056899998,21.537935246000078],[-98.94656479999999,21.53594310800003],[-98.94671963099997,21.53549378500003],[-98.94648264599992,21.535383785000082],[-98.94650496900002,21.53528841500003],[-98.94660007699997,21.535121262000075],[-98.94665026200002,21.53482192300004],[-98.94659310799993,21.534524138000055],[-98.94700324599998,21.534531738000055],[-98.94717812299996,21.53459160000006],[-98.94749255399995,21.53480023100008],[-98.94824463099997,21.534653769000048],[-98.94872756899997,21.535234708000075],[-98.94902724599996,21.535454738000055],[-98.949528769,21.53519529200003],[-98.94961403099997,21.535168308000035],[-98.94983147699996,21.535217831000065],[-98.95021139999994,21.53520073800007],[-98.95031832299995,21.535261385000073],[-98.95047349199997,21.53546958500004],[-98.95112729199997,21.53538889200007],[-98.95105023099995,21.53488712300004],[-98.95112476900002,21.53476593800008],[-98.95206,21.53381596900005],[-98.95247867699997,21.53406507700004],[-98.95266093799995,21.534102431000065],[-98.95323738499995,21.53407598500008],[-98.95380906199993,21.53400587700003],[-98.95427986199996,21.533973754000048],[-98.95461107699995,21.533511908000037],[-98.95489813799995,21.53303],[-98.95550481499997,21.532514200000033],[-98.95609396899994,21.53168761500007],[-98.95880415399994,21.520960631000037],[-98.95921766199996,21.521363815000033],[-98.95998893799997,21.521606877000064],[-98.96012521499996,21.521572569000053],[-98.96232623099995,21.52237355400007],[-98.96305586199998,21.52322763100005],[-98.96360787699996,21.522648554000053],[-98.96504104599995,21.52212327700004],[-98.96620133799995,21.52219944600006],[-98.96722338499998,21.521831738000063],[-98.96787855399997,21.52098390800006],[-98.96844544599998,21.51903432300003],[-98.96792855399997,21.517545308000024],[-98.967034615,21.516203231000077],[-98.96574721499994,21.51596416900004],[-98.96534627699997,21.513561846000076],[-98.96439570799998,21.51326893800007],[-98.96429000000002,21.51257683100004],[-98.96412964599998,21.511278923000084],[-98.96547693799992,21.510281985000066],[-98.96333964599997,21.50812061500005],[-98.96308133799992,21.506898846000073],[-98.96207141499995,21.50649983100004],[-98.96576432299996,21.496418508000026],[-98.96649023099995,21.494708092000053],[-98.957604631,21.486139999999995],[-98.95571275399996,21.48429109200003],[-98.95461086199997,21.483345277000065],[-98.953495923,21.48226113800007],[-98.95192263099995,21.48064367700004],[-98.95590421499996,21.477417477000074],[-98.95849427699993,21.47531363100006],[-98.95879524599995,21.475074631000037],[-98.95924215399994,21.47471732300005],[-98.95923993799994,21.474439015000026],[-98.95907290799992,21.474269985000028],[-98.95883744599995,21.47403460000004],[-98.95855256899995,21.473836215000063],[-98.95809273799993,21.47343875400003],[-98.95793463099994,21.473125138000057],[-98.95780167699995,21.472860338000032],[-98.95763724599999,21.47249083100007],[-98.95746641499994,21.472047708000044],[-98.95739355399995,21.47171870800003],[-98.95737238499997,21.471124846000066],[-98.95747943099995,21.470694769000033],[-98.9577124,21.470098262000082],[-98.95793341499996,21.469749800000034],[-98.95828292299994,21.46944235400002],[-98.95866323099995,21.46927906200005],[-98.95892706199999,21.469118954000063],[-98.95914889199996,21.468729862000025],[-98.95909449199996,21.46851086200007],[-98.959004662,21.468358062000046],[-98.95883315399996,21.468225600000032],[-98.95815472299995,21.46814409200004],[-98.95771387699993,21.46825516900003],[-98.95681081499997,21.468660092000047],[-98.95524723099997,21.469099677000024],[-98.95473866199995,21.469116046000064],[-98.95430779999998,21.46911592300006],[-98.95412792299999,21.46898263100007],[-98.95399244599997,21.468882231000062],[-98.95382441499999,21.468773662000043],[-98.95369241499998,21.468590262000074],[-98.953584462,21.46829835400007],[-98.95363255399994,21.46807384600003],[-98.95384069199997,21.467871831000025],[-98.95420649199998,21.467727600000043],[-98.95469126199998,21.467600800000067],[-98.95494986199999,21.46743769200003],[-98.95515678499999,21.467075108000078],[-98.95527321499996,21.466778985000076],[-98.95528626199994,21.466398215000023],[-98.95537679999993,21.46623504600006],[-98.95565476899998,21.46602358500007],[-98.95575181499996,21.465739538000026],[-98.95621549199997,21.465442338000052],[-98.956506,21.465178585000043],[-98.95662227699995,21.464782877000054],[-98.95654772299994,21.46439487700007],[-98.95624912299995,21.463952492000033],[-98.95581293799994,21.46349144600003],[-98.95248781499996,21.463509692000056],[-98.95214907699993,21.46358656900003],[-98.95062673799998,21.464071800000056],[-98.949783246,21.464389092000026],[-98.94887093799996,21.46470576900003]]]}},{"type":"Feature","properties":{"code":"24026","cve_ent":"24","cve_mun":"026","municipio":"San Antonio","estado":"San Luis Potosí","region":"Huasteca Potosina","fuente":"Marco Geoestadístico / INEGI (consolidado GeoJSON para el visor)"},"geometry":{"type":"Polygon","coordinates":[[[-98.73175086199996,21.639431538000053],[-98.73854659999992,21.627347077000024],[-98.76216986199996,21.629087338000033],[-98.77249412299992,21.630400492000035],[-98.77726219999994,21.631071215000084],[-98.77762612299995,21.631198677000043],[-98.78115190799997,21.63371444600006],[-98.78964027699996,21.639615477000067],[-98.78973403099994,21.639680523000038],[-98.79709770799995,21.643238031000067],[-98.79781403099997,21.643457062000042],[-98.79866138499995,21.643586585000033],[-98.80161207699996,21.644060754000073],[-98.80234903099993,21.643783246000048],[-98.80272999999998,21.643670062000073],[-98.80855659999996,21.642493431000045],[-98.81354635399995,21.64148566200004],[-98.81462103099994,21.641301138000077],[-98.81576827699993,21.641202677000024],[-98.81920659999997,21.640907877000075],[-98.82042983099994,21.640933308000058],[-98.82153249199995,21.640889185000052],[-98.82186384599999,21.640875923000074],[-98.82355427699996,21.64070840000005],[-98.82388401499993,21.640612646000022],[-98.82365744599997,21.639322],[-98.82369539999995,21.638373338000065],[-98.82374096899996,21.63778624600008],[-98.82405410799997,21.63737761500005],[-98.82392766199996,21.63716707700008],[-98.8233700769999,21.637177646000055],[-98.82320290799997,21.636653877000075],[-98.82330155399993,21.636268000000005],[-98.82350247699995,21.63573966200004],[-98.82359869199995,21.635121277000053],[-98.82374535399995,21.634712508000064],[-98.82413349199999,21.633914369000028],[-98.82398186199997,21.633444231000052],[-98.82385739999994,21.63336989200008],[-98.82336993799996,21.633144785000074],[-98.82312515399995,21.632769185000033],[-98.82306999999999,21.63258567700007],[-98.82297267699991,21.632140046000075],[-98.82300966199995,21.63161020000007],[-98.82302924599996,21.631082908000057],[-98.82264152299992,21.630756692000034],[-98.82276883099992,21.630021046000028],[-98.82319553799991,21.62950138500003],[-98.82436624599995,21.627250769000064],[-98.82437343099996,21.627193523000077],[-98.82394224599993,21.62510996900005],[-98.82416230799997,21.624746892000072],[-98.82434126199995,21.624424369000057],[-98.82448084599996,21.624245200000075],[-98.82483923099993,21.62396086200005],[-98.82592215399993,21.623210185000065],[-98.8266736,21.622636123000063],[-98.82866209199992,21.624680369000032],[-98.82940643099992,21.622198385000047],[-98.83015864599997,21.61997206200005],[-98.83086432299994,21.61947275400007],[-98.83225950799992,21.618508954000053],[-98.83378938499996,21.617316385000038],[-98.83532410799994,21.616220169000034],[-98.83706638499996,21.61494386200008],[-98.83828063099995,21.61405558500008],[-98.84155001499994,21.612206538000063],[-98.84338,21.61142612300006],[-98.84419970799996,21.61090516900004],[-98.84511503099995,21.60926301500007],[-98.84519718499993,21.609058877000056],[-98.84871469199999,21.59613320000005],[-98.85024066199998,21.59076290800004],[-98.85061906199996,21.589420999999998],[-98.85277319999992,21.58165944600006],[-98.85363821499995,21.578144231000064],[-98.85368741499995,21.577947954000027],[-98.86002158499997,21.576115492000042],[-98.86146972299997,21.57572481500005],[-98.86329750799995,21.57509803100004],[-98.86637409199993,21.573683600000034],[-98.86859487699994,21.57313387700003],[-98.8738647229999,21.572211600000056],[-98.87513464599998,21.57199669200003],[-98.87559958499995,21.57355812300006],[-98.87613379999999,21.57542886200002],[-98.87681344599997,21.57704540000003],[-98.87762221499996,21.57870361500005],[-98.87811835399995,21.579503846000023],[-98.87930996899995,21.581388369000027],[-98.87954355399994,21.58193190800006],[-98.8804512309999,21.582622292000046],[-98.88413327699999,21.583789062000047],[-98.88475321499999,21.583702400000046],[-98.88495235399994,21.583454738000057],[-98.88541793799997,21.583469662000027],[-98.88563015399993,21.58324861500006],[-98.88574035399989,21.583180954000056],[-98.88585361499996,21.583099431000047],[-98.88596579999995,21.58302713800003],[-98.88603832299995,21.583027200000057],[-98.88611575399993,21.583071800000027],[-98.88622287699994,21.58316644600006],[-98.88629075399996,21.583107400000074],[-98.88650675399994,21.58285190800007],[-98.88669353799996,21.58285769200006],[-98.8870070309999,21.582850815000025],[-98.88715744599995,21.582891477000032],[-98.88728923099994,21.58291887700005],[-98.88764663099994,21.582808138000075],[-98.88806233799991,21.58251875400003],[-98.88864699999999,21.582204708000063],[-98.88943652299994,21.581683185000028],[-98.8896901539999,21.581505908000054],[-98.89005147699997,21.58136120000006],[-98.89025870799995,21.581388046000033],[-98.89043249199992,21.581443477000047],[-98.89057923099993,21.581586662000063],[-98.89064975399998,21.58170020000005],[-98.89068112299996,21.58182006200008],[-98.89067784599993,21.582121831000048],[-98.89062567699995,21.582645615000043],[-98.89062524599996,21.583151154000063],[-98.89059926199997,21.583787385000047],[-98.89063470799991,21.583917862000078],[-98.89071710799996,21.583998169000044],[-98.89084852299997,21.584044738000046],[-98.89096776899999,21.584033092000023],[-98.89154266199996,21.583871138000067],[-98.89193624599994,21.583742538000017],[-98.89228098499996,21.583651477000046],[-98.89304693799993,21.58349338500005],[-98.89361196899996,21.583370077000033],[-98.89381778499995,21.583368231000062],[-98.89394983099997,21.58342944600002],[-98.89407270799994,21.58352440000004],[-98.89414238499995,21.58373206200002],[-98.89419243099995,21.584102615000063],[-98.89417006199994,21.584472015000074],[-98.89417496899996,21.584839615000078],[-98.894267862,21.58518792300003],[-98.89444883099995,21.585386338000028],[-98.89475407699996,21.585492938000066],[-98.89511112299999,21.585502846000047],[-98.89552004599994,21.585348323000062],[-98.89570132299994,21.58511626200004],[-98.89600972299995,21.584920846000042],[-98.89634849199996,21.58451843100005],[-98.89642793799999,21.58424466200006],[-98.89658810799992,21.584226585000064],[-98.89670175399999,21.58427210800005],[-98.89673690799997,21.584431431000038],[-98.89685239999993,21.58466160000006],[-98.89715166199996,21.58485555400006],[-98.8974475539999,21.585019600000063],[-98.89794079999997,21.585244646000028],[-98.89825129199994,21.585395],[-98.89862609199997,21.58548032300007],[-98.89904376899995,21.58551061500003],[-98.89957883099994,21.585565338000034],[-98.89986418499996,21.585571108000067],[-98.900163692,21.585597677000063],[-98.90031041499995,21.585787892000038],[-98.90036892299996,21.58614293800002],[-98.90037647699994,21.586545538000045],[-98.90034216899993,21.58691687700007],[-98.90025418499994,21.587258554000073],[-98.90004924599997,21.587531800000015],[-98.89980039999993,21.587873385000023],[-98.89977092299993,21.588208262000023],[-98.89983661499994,21.588372338000053],[-98.90007056899998,21.588440815000066],[-98.90077992299996,21.588345554000053],[-98.90148927699991,21.588263969000025],[-98.90224252299997,21.588155062000055],[-98.90227546199998,21.58841653800004],[-98.90213055399992,21.588559846000063],[-98.902004462,21.588783862000064],[-98.90181721499992,21.589102815000043],[-98.90173976899996,21.589471185000036],[-98.90163087699993,21.589754431000074],[-98.90163076899996,21.589911108000027],[-98.90169210799995,21.59010698500003],[-98.90170041499992,21.590289723000073],[-98.90174498499994,21.59050380000008],[-98.90189107699996,21.59069661500007],[-98.90202803099997,21.591005431000045],[-98.90206358499996,21.59131955400005],[-98.90215707699996,21.591455815000078],[-98.90227886199993,21.591661292000026],[-98.90239843099992,21.59177316900008],[-98.90249635399991,21.591883077000034],[-98.90260276899991,21.59190130800005],[-98.90267270799994,21.59185026200004],[-98.90275784599997,21.591847477000044],[-98.90286410799995,21.591901462000074],[-98.90290663099995,21.591969646000052],[-98.90287924599994,21.59206904600006],[-98.90276969199994,21.59222236900007],[-98.90258481499994,21.592375999999998],[-98.90247747699999,21.592411],[-98.90239779999993,21.592531877000052],[-98.90234276899996,21.592699477000046],[-98.90233643099997,21.592764569000053],[-98.90236172299994,21.592796123000028],[-98.90244193799997,21.59283169200006],[-98.90253273799999,21.592833708000057],[-98.90256221499999,21.592833723000073],[-98.90260704599996,21.59285756900005],[-98.90271010799991,21.592803600000025],[-98.90286553799996,21.59277836900003],[-98.90293956899994,21.592827369000076],[-98.90295187699994,21.592913692000025],[-98.90288230799993,21.592955123000028],[-98.90280241499993,21.593014877000027],[-98.90283595399994,21.593130169000066],[-98.90293503099996,21.593216323000036],[-98.90312130799995,21.59339496900003],[-98.90342116899996,21.593637800000064],[-98.90368827699993,21.59386889200005],[-98.90393255399991,21.59415972300008],[-98.903985246,21.594287431000055],[-98.90400647699991,21.59438323100005],[-98.903992169,21.594486954000047],[-98.90395378499996,21.59464216900005],[-98.90384083099995,21.594787646000043],[-98.903707662,21.594858554000044],[-98.90352900000002,21.59493226200004],[-98.90338827699995,21.59499861500007],[-98.90336306199998,21.595036999999998],[-98.90338819999992,21.59511821500007],[-98.90341663099997,21.595161077000057],[-98.90353433799997,21.595253754000055],[-98.90367912299995,21.59533796900007],[-98.90383072299993,21.59540753800007],[-98.90390664599995,21.59545313800004],[-98.90399123099995,21.595531446000052],[-98.90403613799997,21.59562021500005],[-98.90405361499995,21.59567229200007],[-98.90403179999998,21.59589510800004],[-98.90400670799994,21.596134800000073],[-98.90401430799994,21.596256477000054],[-98.90403721499993,21.596280831000055],[-98.90411076899996,21.596288077000054],[-98.90432838499999,21.596329723000053],[-98.90442346199997,21.59635123100003],[-98.90447709199998,21.59639566200008],[-98.90447615399994,21.596493400000043],[-98.90440479999997,21.59657560000005],[-98.90426366199999,21.59668461500007],[-98.90418161499997,21.596768246000064],[-98.90412098499998,21.59683198500005],[-98.904016862,21.596962938000047],[-98.90404250799996,21.597042938000072],[-98.90393555399997,21.59728829200003],[-98.90377616899995,21.597533215000052],[-98.90378529199994,21.598015246000042],[-98.90379423099992,21.59828083100006],[-98.903806246,21.598406523000047],[-98.9038622,21.598527446000045],[-98.90404418499998,21.598871138000053],[-98.90435261499992,21.599542954000064],[-98.90448541499995,21.59982512300008],[-98.90484206199994,21.600430062000044],[-98.90497484599997,21.600640215000052],[-98.90511263099995,21.600767],[-98.90529256899998,21.600854400000067],[-98.90546693799995,21.60091330800003],[-98.90572023099996,21.601009908000037],[-98.90597986199998,21.601189369000057],[-98.90621312299999,21.60139676900008],[-98.90643192299993,21.60163630800002],[-98.90662490799998,21.601851262000032],[-98.90694213799993,21.602225723000064],[-98.90720272299995,21.602132400000073],[-98.90730595399995,21.602223692000052],[-98.90734878499995,21.602394754000045],[-98.90721123099996,21.60252163100006],[-98.90737775399997,21.602665431000048],[-98.90761223099997,21.60285843100008],[-98.907750723,21.60296538500006],[-98.90813813799994,21.60318975400003],[-98.90864443099997,21.603430985000042],[-98.90935773799995,21.60379227700002],[-98.909599846,21.60393443100003],[-98.90972379999995,21.603915123000043],[-98.91012752299997,21.603895800000036],[-98.91057026199996,21.60390041500006],[-98.91090706199996,21.603924877000054],[-98.91106976899995,21.603978708000064],[-98.91134435399992,21.604187954000057],[-98.91147261499998,21.60434452300007],[-98.911572246,21.60456849200006],[-98.91170709199997,21.60487198500005],[-98.91183146199997,21.60498824600007],[-98.911992092,21.60516553800005],[-98.91203381499996,21.605324723000024],[-98.91192826199996,21.60550878500004],[-98.91185478499996,21.605576046000067],[-98.91200915399996,21.605732046000064],[-98.91220658499996,21.60586293800003],[-98.91244409199999,21.60603506200005],[-98.912593046,21.606126723000045],[-98.912724246,21.60620650800007],[-98.91297638499998,21.606299677000035],[-98.91330616899994,21.60623976900007],[-98.91353783099997,21.606291092000053],[-98.91372301499996,21.606375369000034],[-98.91388756899994,21.606396138000036],[-98.914178646,21.60636666200003],[-98.91441379999999,21.60632038500006],[-98.91471381499997,21.606229862000077],[-98.91487983099995,21.606203108000045],[-98.91509249199999,21.606211277000057],[-98.91535149199996,21.606262123000086],[-98.91555739999995,21.606293831000073],[-98.91569709199997,21.60629186200003],[-98.91582904599996,21.606271108000048],[-98.91623972299998,21.606194338000023],[-98.91673139999993,21.60610007700006],[-98.91715509199999,21.606056200000072],[-98.917571308,21.60593161500003],[-98.91770913799995,21.605945738000063],[-98.91772378499998,21.60565966200005],[-98.91844549199998,21.60551707700005],[-98.91893730799994,21.605424523000067],[-98.91917056899997,21.605449092000065],[-98.91925701499997,21.60560760000004],[-98.91928926199995,21.605832769000077],[-98.91942926199995,21.605861492000034],[-98.91964173799994,21.60592780000007],[-98.91971253799993,21.60598976900008],[-98.91985876899997,21.60598038500007],[-98.91998832299997,21.60600969200004],[-98.92010255399997,21.60601496900006],[-98.92025096899994,21.60605355400003],[-98.92049730799992,21.60611487700004],[-98.92078535399995,21.606220385000032],[-98.92105698499996,21.606345892000036],[-98.92138224599995,21.60645892300005],[-98.92170067699998,21.60657390800003],[-98.92183415399992,21.606626262000077],[-98.92207495399994,21.60673027700005],[-98.92228798499997,21.606855785000057],[-98.92258316899995,21.60703280000007],[-98.92282932299996,21.607192277000024],[-98.92305383099993,21.60729558500003],[-98.92322376899996,21.60741972300008],[-98.92333641499991,21.60750672300003],[-98.92353347699998,21.607685123000074],[-98.92372915399993,21.607848154000074],[-98.92395092299995,21.60803250800006],[-98.92417344599995,21.60821392300005],[-98.92480679999993,21.60863172300003],[-98.92526156899999,21.608969923000075],[-98.92579383099994,21.609386631000064],[-98.92641863099998,21.609927800000037],[-98.92719855399996,21.610683246000065],[-98.92804298499998,21.61131870800006],[-98.92884296899996,21.611930415000078],[-98.92958081499994,21.61246407700003],[-98.92997546199994,21.612871154000068],[-98.93039009199998,21.613243185000044],[-98.93085639999998,21.613654323000052],[-98.93152173799997,21.614033462000073],[-98.93181136899994,21.614272692000046],[-98.93134639999994,21.61445880000003],[-98.93100421499997,21.614493846000077],[-98.93049513799996,21.614448169000077],[-98.92972716899999,21.61460518500008],[-98.92906136899994,21.614617754000054],[-98.92784996899996,21.615149923000047],[-98.92722981499998,21.615534062000055],[-98.92701089199991,21.61560113800004],[-98.92568161499996,21.61581006200004],[-98.92481763099991,21.616227615000074],[-98.92409095399992,21.616475000000005],[-98.92314821499994,21.61721207700003],[-98.92282433799993,21.617676754000062],[-98.92280926199997,21.61796312300004],[-98.92287066199998,21.61849807700003],[-98.92302587699997,21.619277462000078],[-98.92280753799994,21.61970709200006],[-98.922554215,21.620732662000023],[-98.92261619999992,21.62101029200005],[-98.92275067699993,21.62265806200003],[-98.92193859999996,21.624963692000055],[-98.92221984599996,21.626922015000048],[-98.922152585,21.627150985000075],[-98.92191130799995,21.62737601500004],[-98.91953550799995,21.629177123000037],[-98.91907483099999,21.62976104600006],[-98.91885624599996,21.63012709200007],[-98.91870536899995,21.63034615400005],[-98.91855435399998,21.630815662000035],[-98.91833632299993,21.63126949200006],[-98.91808473799995,21.63183286200007],[-98.91805019999998,21.63274480000007],[-98.91815979999996,21.633387092000078],[-98.91837932299994,21.634157877000067],[-98.91873632299993,21.634877369000044],[-98.91961552299993,21.63590538500006],[-98.92010995399994,21.636727692000026],[-98.91999626199998,21.63773321500003],[-98.91976112299993,21.638002231000026],[-98.91937196899994,21.638232662000064],[-98.91875819999994,21.640159338000046],[-98.91325410799998,21.64114621500005],[-98.91238629199995,21.641572200000038],[-98.90998293799997,21.642619600000042],[-98.90944319999994,21.64285321500006],[-98.90886692299995,21.64307776900006],[-98.907640385,21.643511862000025],[-98.90591379999996,21.643837877000067],[-98.90539429199998,21.64392344600003],[-98.904225415,21.643906215000072],[-98.90110515399992,21.64554727700004],[-98.90093390799994,21.64566372300004],[-98.90019604599996,21.646165431000046],[-98.89974984599995,21.646573492000076],[-98.89913567699992,21.646272415000055],[-98.89799939999995,21.646413246000066],[-98.89735446199995,21.646433046000027],[-98.89714036899993,21.646241262000046],[-98.89688929199997,21.646050200000047],[-98.89656003099998,21.646218215000033],[-98.89619273799995,21.64634086200004],[-98.89542418499997,21.64627012300003],[-98.89435052299993,21.646201692000034],[-98.89396139999995,21.645730108000066],[-98.89364118499998,21.645287046000078],[-98.89148733799996,21.645008492000045],[-98.89072889199996,21.64518118500007],[-98.89028216899999,21.645715385000074],[-98.88877418499997,21.646586538000058],[-98.88847279999995,21.64647090800003],[-98.88854615399995,21.64621878500003],[-98.88829053799996,21.646115846000043],[-98.88800596899995,21.64608107700008],[-98.88783644599992,21.646140462000066],[-98.8877610769999,21.64649793800004],[-98.88763010799993,21.64687060000006],[-98.88726881499996,21.64689156900005],[-98.88693001499993,21.646524446000058],[-98.88629755399994,21.646516677000022],[-98.88574239999998,21.646825954000068],[-98.88555061499991,21.647981631000054],[-98.88545435399995,21.648288785000034],[-98.88522383099995,21.648509877000027],[-98.88459776899995,21.648993554000075],[-98.88418113799995,21.64930595400006],[-98.88409087699993,21.649305892000033],[-98.8837920459999,21.649242677000068],[-98.88304689199994,21.649283415000074],[-98.8828468149999,21.64927640000008],[-98.88277327699993,21.64924475400005],[-98.88274536899993,21.649187031000054],[-98.88254492299994,21.64891741500003],[-98.88244136899999,21.648777062000025],[-98.88238003099994,21.64875726200006],[-98.88210924599997,21.64872743100005],[-98.88186806199995,21.648737138000055],[-98.88166669199997,21.648767492000044],[-98.88155738499992,21.648899200000074],[-98.88146938499993,21.64905109200004],[-98.88132466199995,21.649267677000065],[-98.88115475399995,21.64961278500004],[-98.88104481499992,21.649763508000028],[-98.88083778499995,21.649916523000062],[-98.88058796899996,21.650122338000074],[-98.88033795399994,21.650273123000037],[-98.88009006199995,21.650404985000026],[-98.87829207699994,21.65121273800003],[-98.87394401499994,21.65335860000005],[-98.87298718499991,21.653754031000066],[-98.87106901499999,21.654790477000066],[-98.86529636899995,21.657148477000078],[-98.86419269199996,21.657523231000027],[-98.86345549199996,21.657634338000037],[-98.86167046199996,21.657910477000033],[-98.85953543099997,21.658265031000045],[-98.85732189199996,21.658481215000055],[-98.85514810799995,21.65880652300007],[-98.85306783099995,21.658994800000077],[-98.85230769199993,21.658926569000077],[-98.85193895399999,21.658314262000033],[-98.85140190799994,21.658109785000025],[-98.85093083099994,21.659066569000064],[-98.85048063099997,21.659637738000075],[-98.84983741499994,21.660135723000057],[-98.84776410799998,21.660285831000067],[-98.84285716899994,21.661879338000062],[-98.8408823079999,21.661455231000048],[-98.83983407699996,21.66091318500003],[-98.84544586199995,21.659055892000033],[-98.83322175399995,21.648682892000064],[-98.82999106199996,21.650619646000052],[-98.82295664599995,21.65483630800003],[-98.82725313799993,21.661487031000036],[-98.82698081499993,21.661682492000068],[-98.82702755399997,21.661797415000027],[-98.82706235399993,21.66210380000006],[-98.82729035399994,21.662508862000035],[-98.82776704599995,21.662282477000073],[-98.82880999999999,21.66390296900005],[-98.82327861499999,21.66523378500005],[-98.81816815399995,21.665027185000042],[-98.796146277,21.664135092000038],[-98.79620810799996,21.66358241500006],[-98.79021503099993,21.663750308000033],[-98.78912455399995,21.663781062000055],[-98.77799316899994,21.66409258500005],[-98.76807379999995,21.66299898500006],[-98.75743455399996,21.662901308000077],[-98.73644953799996,21.66240206200007],[-98.72952496899995,21.64374164600002],[-98.73175086199996,21.639431538000053]]]}},{"type":"Feature","properties":{"code":"24029","cve_ent":"24","cve_mun":"029","municipio":"San Martín Chalchicuautla","estado":"San Luis Potosí","region":"Huasteca Potosina","fuente":"Marco Geoestadístico / INEGI (consolidado GeoJSON para el visor)"},"geometry":{"type":"Polygon","coordinates":[[[-98.60078264599996,21.541460554000025],[-98.60064039999996,21.54132689200003],[-98.60060518499992,21.54116015400007],[-98.60064139999996,21.54096026200006],[-98.60074872299995,21.54082720000002],[-98.60092736899996,21.54069430800007],[-98.60124829199998,21.540695077000066],[-98.60156901499994,21.540762492000056],[-98.60178289199993,21.54079633800006],[-98.60203247699992,21.540796938000025],[-98.60217519999995,21.54076393800005],[-98.60228244599993,21.54066421500005],[-98.60228281499992,21.540530892000046],[-98.60224741499994,21.54043081500003],[-98.60206958499998,21.54026373800008],[-98.60157101499995,21.540029246000067],[-98.60146424599999,21.539962323000058],[-98.60135764599994,21.53982876900006],[-98.60125119999998,21.539628508000078],[-98.60114487699994,21.53939493800004],[-98.60107401499992,21.539228123000047],[-98.6009675079999,21.539061215000064],[-98.60071853799992,21.53882730800007],[-98.60004206199993,21.538459062000076],[-98.599506492,21.538724415000047],[-98.59936307699995,21.538768723000036],[-98.59929235399991,21.53879056900007],[-98.59904295399996,21.53872329200004],[-98.598971985,21.538589815000023],[-98.59890141499993,21.538323],[-98.59872378499995,21.538089262000028],[-98.59847463099999,21.537922000000002],[-98.59818949199996,21.537887985000058],[-98.59801112299999,21.537920892000045],[-98.59779698499995,21.53798703100006],[-98.59729713799996,21.53821913800004],[-98.59640573799997,21.538216985000076],[-98.59612056899994,21.538182969000047],[-98.59583559999997,21.53808229200007],[-98.5955505379999,21.53801492300005],[-98.5950872769999,21.537913815000028],[-98.59487341499994,21.53787996900008],[-98.59419770799995,21.53724504600007],[-98.59391284599995,21.537111046000064],[-98.59341393799996,21.53700983100003],[-98.5932714,21.53697615400006],[-98.59287944599998,21.536875200000058],[-98.59259384599994,21.53700783100004],[-98.59227229199995,21.537240354000065],[-98.59184439999996,21.53723930800004],[-98.59159727699995,21.53690924600005],[-98.59161161499998,21.53624984600003],[-98.59103592299992,21.53605186200003],[-98.59068819999999,21.535932292000037],[-98.59040787699993,21.535835892000026],[-98.58988470799993,21.53538889200007],[-98.58914606199994,21.53527564600006],[-98.58833566199995,21.53525136900004],[-98.58802766199993,21.53458203100007],[-98.58752990799996,21.533577938000064],[-98.58645304599997,21.533771985000044],[-98.58617359999994,21.533884462000067],[-98.58595686199999,21.534587123000055],[-98.58587159999993,21.535033154000075],[-98.58558189199991,21.535616631000035],[-98.58507489199994,21.53577187700006],[-98.58437850799996,21.535308431000033],[-98.58409429199997,21.534661431000078],[-98.58371518499995,21.533858200000058],[-98.58316915399995,21.533076831000074],[-98.58288801499995,21.53268027700005],[-98.58278929199996,21.53254101500005],[-98.58271904599995,21.532095123000037],[-98.58264956899995,21.53138180000008],[-98.58214989199995,21.53106855400006],[-98.58174544599996,21.530800108000054],[-98.58119918499993,21.530107892000046],[-98.58123352299998,21.52947866200003],[-98.58048606199996,21.529415231000026],[-98.57986696899995,21.52919081500005],[-98.57988258499994,21.527921446000054],[-98.57963443099999,21.527162215000033],[-98.57923004599995,21.52687149200006],[-98.57839579999994,21.526869385000055],[-98.57806686199994,21.526798308000025],[-98.5774925539999,21.52667420000006],[-98.57687749199991,21.52671304600005],[-98.57642670799997,21.52705433800003],[-98.57597201499993,21.527142169000058],[-98.57589893799992,21.527156292000033],[-98.57585255399988,21.52671044600003],[-98.5761403229999,21.526109462000026],[-98.57606998499995,21.525708138000027],[-98.57556989199996,21.525550877000054],[-98.57494958499994,21.525749862000048],[-98.57440135399995,21.525748477000032],[-98.57382849199995,21.525127046000023],[-98.57378358499993,21.525078323000063],[-98.573213292,21.52447515400008],[-98.57226058499998,21.52422756900006],[-98.57180964599996,21.524514354000075],[-98.57180686199995,21.524516123000073],[-98.57116435399995,21.524157908000067],[-98.57090339999995,21.523733800000056],[-98.57133529199996,21.523356569000043],[-98.57083441499996,21.523055246000073],[-98.57040330799997,21.522866585000028],[-98.57016412299997,21.522404446000053],[-98.56966356899996,21.522090785000042],[-98.56928743099995,21.522335446000056],[-98.569020262,21.522193662000063],[-98.56885961499995,21.521678246000075],[-98.56830976899994,21.52223396900007],[-98.56776129199993,21.522321692000045],[-98.56745269199995,21.521897462000034],[-98.56647710799994,21.521337785000068],[-98.56600186199995,21.520846262000074],[-98.56505072299994,21.520086077000027],[-98.56402412299995,21.520662831000028],[-98.56321309199997,21.521052385000075],[-98.56354489199998,21.52150844600004],[-98.56342459999996,21.521886985000037],[-98.562589646,21.522129954000032],[-98.56194656899999,21.521972262000077],[-98.56132886199998,21.522100985000066],[-98.56120721499997,21.522126323000066],[-98.56110430799998,21.522074877000023],[-98.56043409199998,21.521739831000037],[-98.55981587699993,21.521789262000027],[-98.55745,21.521978277000073],[-98.55680953799997,21.52142403100003],[-98.55641719999993,21.520945277000063],[-98.55610933799993,21.52041618500004],[-98.55583490799994,21.51994453800006],[-98.55522284599999,21.518895738000033],[-98.55494075399996,21.51760241500006],[-98.55439507699994,21.51677638500007],[-98.55380367699995,21.516135785000074],[-98.55312519999995,21.51607560000003],[-98.55265946199997,21.515501169000064],[-98.55204686199993,21.515155615000033],[-98.55182632299993,21.515031215000082],[-98.55103759999996,21.514833785000068],[-98.55018192299995,21.514817292000036],[-98.54935244599994,21.514754169000078],[-98.54772939999997,21.514832123000083],[-98.5475368,21.514841385000068],[-98.54615424599996,21.514480692000067],[-98.54586047699995,21.51440404600004],[-98.54450667699997,21.514142308000032],[-98.54395273799996,21.51402746200006],[-98.54337884599992,21.51390846200008],[-98.54302806199996,21.513831000000003],[-98.54289993799995,21.512791877000037],[-98.54274143099995,21.51198776900004],[-98.54246178499994,21.510969277000076],[-98.54249743099996,21.51014513800004],[-98.54250496899999,21.509970738000053],[-98.54174530799996,21.50901036900007],[-98.5405818309999,21.50762544600008],[-98.53758723099996,21.506172369000073],[-98.53740406199996,21.50608347700006],[-98.53696009199997,21.505868046000046],[-98.53367167699996,21.50277492300006],[-98.53261332299995,21.50155243100005],[-98.53225586199994,21.501139523000063],[-98.53360858499997,21.498399462000066],[-98.53423896899994,21.497111662000066],[-98.53484579999997,21.49597047700007],[-98.53533776899994,21.495102077000066],[-98.53539749199996,21.494967815000056],[-98.53589347699993,21.49385276900006],[-98.53588372299997,21.493806754000044],[-98.53577930799995,21.493313631000028],[-98.53566963099996,21.49279563100003],[-98.53559959999995,21.492464877000028],[-98.53436181499993,21.489612892000018],[-98.53412415399998,21.489065262000054],[-98.53401475399994,21.488813169000025],[-98.53398819999994,21.48872684600007],[-98.53391778499997,21.488497831000068],[-98.53374619999992,21.487939815000058],[-98.53357606199995,21.487302708000072],[-98.53352550799995,21.487142185000035],[-98.53340504599997,21.486759769000056],[-98.53335966199997,21.486686999999996],[-98.53141000000001,21.48355656900003],[-98.53065456899999,21.482472862000062],[-98.53029407699995,21.481953631000064],[-98.52982304599999,21.481547585000037],[-98.52706316899997,21.478548046000068],[-98.52701847699994,21.47849946200006],[-98.52699853799996,21.478438354000044],[-98.52664326199994,21.47818096900005],[-98.52602663099998,21.476880923000067],[-98.52568179999996,21.476101092000082],[-98.52610953799994,21.475712215000037],[-98.526099908,21.475682708000022],[-98.52614981499993,21.47567558500003],[-98.526259446,21.475575908000053],[-98.52574044599997,21.474926615000076],[-98.52514855399991,21.474186123000038],[-98.52295544599997,21.471379108000065],[-98.52142970799997,21.469426169000027],[-98.52033972299994,21.467813185000065],[-98.52000084599996,21.46721827700003],[-98.51940130799993,21.46616569200006],[-98.51925292299994,21.465843369000027],[-98.51919589199997,21.465574446000062],[-98.51892721499995,21.464735892000075],[-98.51835549199996,21.462951492000062],[-98.51830133799994,21.462782477000072],[-98.5170322,21.460880262000046],[-98.51691306199999,21.46070170800004],[-98.51705187699994,21.45927486200003],[-98.51697950799995,21.458928092000065],[-98.51680818499993,21.458107169000076],[-98.51709878499997,21.457428954000026],[-98.51758769199994,21.45741046200004],[-98.51762361500003,21.45885486200007],[-98.51788995399994,21.45967683100002],[-98.51816903099996,21.459813123000064],[-98.51878995399991,21.459456954000075],[-98.5188116,21.45943852300007],[-98.51885686199995,21.45939973800006],[-98.519866031,21.45853503100005],[-98.51998141499995,21.45806372300007],[-98.52036579999998,21.45780486200005],[-98.52054019999996,21.45752243100003],[-98.52010332299993,21.456648215000026],[-98.51991926199999,21.456184785000058],[-98.519432769,21.45561384600006],[-98.51961524599994,21.455442492000028],[-98.52034672299997,21.45494312300008],[-98.52076527699994,21.454717923000032],[-98.52103530799994,21.454334892000077],[-98.52116515399996,21.453602046000068],[-98.52137189199998,21.453015138000072],[-98.52169270799999,21.452009308000072],[-98.52173652299994,21.451328385000064],[-98.52182,21.450551338000025],[-98.52073735399989,21.450003769000034],[-98.51993315399993,21.449584523000052],[-98.52092589199998,21.448645600000074],[-98.52133098499995,21.448272308000067],[-98.51989878499995,21.44650692300007],[-98.51991992299997,21.44627661500004],[-98.52004703099996,21.44596284600004],[-98.52029564599997,21.445279415000073],[-98.52034358499995,21.44510073800006],[-98.52034430799993,21.444821585000057],[-98.52035527699994,21.444684215000052],[-98.52045696899995,21.444500400000035],[-98.52064010799994,21.443946585000045],[-98.52074813799993,21.44350167700003],[-98.52081389199995,21.443361092000032],[-98.52094921499996,21.443176692000062],[-98.52159575399996,21.44275713800004],[-98.52156946199996,21.442596138000052],[-98.52180864599994,21.44258763100003],[-98.52220439999995,21.442188554000037],[-98.52221370799995,21.44217663100005],[-98.52307313799994,21.44133444600004],[-98.523614308,21.440851231000067],[-98.52458526199996,21.440212292000062],[-98.52460884599995,21.440191985000066],[-98.52464144599998,21.44016393800006],[-98.52435013799997,21.439947677000077],[-98.52413326199996,21.43978667700003],[-98.52404583099994,21.43971286200008],[-98.52338984599997,21.439245015000036],[-98.52336224599995,21.439225969000066],[-98.52335838499992,21.43920956900007],[-98.52299546199998,21.438484800000026],[-98.52328195399994,21.43767733800007],[-98.5231,21.437463231000034],[-98.52265450799993,21.437088385000038],[-98.52240370799993,21.436983723000033],[-98.52238803099993,21.436971723000063],[-98.52249596899996,21.436283277000026],[-98.52253801499991,21.43603183100003],[-98.52265598499997,21.435465185000055],[-98.52294859999999,21.435014215000024],[-98.52254036899994,21.434484662000045],[-98.52253259999995,21.434456538000063],[-98.52225,21.433852600000026],[-98.52223350799993,21.433751923000045],[-98.52217196899993,21.43367029200004],[-98.52191138499995,21.43308666200005],[-98.52171143099996,21.43272115400003],[-98.52171244599998,21.43267169200004],[-98.52173626199998,21.43264333800004],[-98.52168155399993,21.432463985000027],[-98.52170964599998,21.432204615000046],[-98.52156138499998,21.431813400000067],[-98.52152763099997,21.431591831000045],[-98.52150258499995,21.431405569000052],[-98.52152278499995,21.431210492000048],[-98.52156058499997,21.430965169000054],[-98.52144286199996,21.430604831000036],[-98.52145132299994,21.43047740000003],[-98.52150201499992,21.42982407700003],[-98.52129367699996,21.429046246000034],[-98.52155610799996,21.428823446000024],[-98.52164693799993,21.428494662000045],[-98.52173549199995,21.428049154000057],[-98.52172838499995,21.42785660000004],[-98.521693262,21.42779095400004],[-98.52173936899999,21.427761154000056],[-98.52180235399995,21.427615908000064],[-98.52208999999999,21.427279831000074],[-98.52205706199999,21.427276169000038],[-98.52198721499994,21.427154969000075],[-98.52211624599994,21.426945185000022],[-98.52226339999999,21.426311523000034],[-98.5223830309999,21.426218938000027],[-98.52253179999994,21.42598818500005],[-98.52264576899995,21.425727092000038],[-98.52271806199994,21.42555789200003],[-98.52274946199998,21.425571492000074],[-98.52290570799993,21.42514255400004],[-98.52289027699997,21.424950600000045],[-98.52281669199999,21.424787892000033],[-98.522413369,21.424598015000075],[-98.52237376899994,21.424272615000064],[-98.52228309199995,21.42408838500006],[-98.52236249199994,21.423864323000036],[-98.52226999999999,21.423602831000032],[-98.52193707699993,21.42315566200006],[-98.52164407699995,21.422672800000036],[-98.52026996899998,21.422447092000024],[-98.51999870799993,21.422406985000062],[-98.52021010799996,21.421528892000026],[-98.52025544599996,21.421314062000082],[-98.52014266199996,21.42006918500004],[-98.52010953799997,21.419570615000055],[-98.52008873799994,21.419466292000035],[-98.51996226199999,21.418832477000024],[-98.51962743099995,21.417154323000037],[-98.51929778500002,21.41550207700004],[-98.52079790799993,21.41589073800003],[-98.52053496899998,21.414633862000073],[-98.52085150799994,21.41401673800004],[-98.52094901499997,21.41304583100003],[-98.52088764599995,21.412574769000063],[-98.52093296899993,21.412520231000023],[-98.52142443099996,21.411928846000027],[-98.52161581499993,21.411105354000032],[-98.52105121499993,21.410632862000053],[-98.5208020919999,21.409866969000067],[-98.52074206199994,21.408983892000034],[-98.52071270799993,21.408336354000024],[-98.52071567699993,21.407424031000062],[-98.52100123099994,21.406659677000047],[-98.52131753799993,21.406101400000065],[-98.52166435399991,21.40583752300006],[-98.52179158499995,21.405396431000035],[-98.52163644599995,21.404748538000028],[-98.52094673799994,21.404069677000052],[-98.51959553799996,21.40371266200003],[-98.51887075399995,21.404152031000024],[-98.51817952299996,21.403944031000034],[-98.51792918499996,21.403560723000055],[-98.51824512299997,21.40312018500003],[-98.51811372299994,21.402801446000073],[-98.51805178499995,21.402506969000054],[-98.51830472299996,21.40209567700003],[-98.51883946199996,21.40206776900004],[-98.51902749199996,21.402274323000032],[-98.51924898499998,21.401862938000026],[-98.519187908,21.401303600000062],[-98.51893698499998,21.401096862000028],[-98.51818229199995,21.401065277000043],[-98.51742750799997,21.401063108000077],[-98.51689364599999,21.40082612300006],[-98.51620253799996,21.40058869200004],[-98.51560578499998,21.400351538000052],[-98.51522089199995,21.400159431000077],[-98.51507201499996,21.400085123000057],[-98.51425423099995,21.40011218500007],[-98.51379486199994,21.400226508000056],[-98.513647662,21.400346369000026],[-98.51336513799997,21.40049078500004],[-98.51309750799997,21.400383646000023],[-98.51271207699992,21.400460877000054],[-98.51220839999995,21.400606569000043],[-98.51242707699997,21.40104866200005],[-98.51242532299993,21.40157838500005],[-98.51201619999995,21.401665492000067],[-98.51141826199996,21.401781477000043],[-98.51091469199999,21.40189772300005],[-98.51087335399994,21.40190404600003],[-98.51078383099996,21.401963477000038],[-98.51079332299996,21.401916292000067],[-98.51053710799991,21.40195547700006],[-98.51053886199995,21.401425754000062],[-98.51076066199995,21.400926092000077],[-98.51101293799995,21.400720815000053],[-98.51089,21.400161277000052],[-98.51035376899996,21.40033630800007],[-98.51022593799996,21.39992190800007],[-98.51039444599996,21.39955720000006],[-98.51064610799993,21.39934926200004],[-98.51073018499993,21.39921907700005],[-98.51064713799995,21.39903624600003],[-98.51050798499995,21.398957585000066],[-98.51043084599995,21.398939308000024],[-98.510410246,21.398961508000074],[-98.51019086199994,21.39900655400004],[-98.51012213799997,21.39886872300008],[-98.50995081499995,21.39879944600005],[-98.50981201499994,21.398616446000062],[-98.50961838499994,21.398146338000053],[-98.50939706199992,21.397624],[-98.50940101499997,21.397584600000073],[-98.50931326199999,21.39753538500003],[-98.50936999999999,21.397318662000032],[-98.50979036899996,21.396743492000038],[-98.50979196899996,21.39626693800005],[-98.50967589199995,21.39568329200005],[-98.50930967699996,21.39576012300006],[-98.50872113799991,21.39608536900005],[-98.50863995399999,21.396121354000062],[-98.50842539999995,21.39634298500004],[-98.50825801499994,21.396368569000064],[-98.50795136899994,21.396341585000073],[-98.50778469199997,21.396158508000045],[-98.50779266199999,21.396093246000078],[-98.50763244599995,21.39596136900008],[-98.5078974,21.395754862000047],[-98.50798178499997,21.39558521500004],[-98.50842923099998,21.39519524600007],[-98.50890473799994,21.394753200000025],[-98.50907281499994,21.39451892300008],[-98.50907376899994,21.394231985000033],[-98.50896284599996,21.394049077000027],[-98.50880915399993,21.39394601500004],[-98.50839107699991,21.39389263100003],[-98.50819615399993,21.393813800000032],[-98.50808558499993,21.393526538000057],[-98.50811476899997,21.393135354000037],[-98.50808898499996,21.392509231000073],[-98.50792359999997,21.39193487700004],[-98.50767370799997,21.391621123000053],[-98.50733912299991,21.391620138000064],[-98.50706003099995,21.39169756900003],[-98.50683661499993,21.39180126200006],[-98.50666932299997,21.39180076900005],[-98.50654986199999,21.391951785000067],[-98.50662850799995,21.392259031000034],[-98.50666123099995,21.392769308000023],[-98.50653356899991,21.393238800000063],[-98.50655393799997,21.39397741500006],[-98.50622509199997,21.394831292000053],[-98.50589173799992,21.395114738000075],[-98.50538283099992,21.39502689200003],[-98.50519572299997,21.39487238500004],[-98.50511689199998,21.394758292000066],[-98.50512558499997,21.394586],[-98.50529072299996,21.39443343100004],[-98.50553069199998,21.394184815000074],[-98.50549979999994,21.393948492000053],[-98.50515664599997,21.39388310800007],[-98.50451892299998,21.392811738000034],[-98.50440818499999,21.392576646000066],[-98.50415776899996,21.392419400000048],[-98.50396267699993,21.39239273800007],[-98.50376767699997,21.392339999999997],[-98.50357275399992,21.392261154000035],[-98.50346184599991,21.392078231000028],[-98.50337890799992,21.39186930800003],[-98.50335243099993,21.391451877000065],[-98.50335330799997,21.391191031000066],[-98.50346379999996,21.39072923100002],[-98.50374981499996,21.390406892000037],[-98.50406230799996,21.390222200000032],[-98.50423279999995,21.390116615000064],[-98.50434692299993,21.389904815000026],[-98.50434873799995,21.38936256900007],[-98.50472950799997,21.38921292300006],[-98.50518447699993,21.38866041500006],[-98.50536061499996,21.38807775400005],[-98.50561049199996,21.387266846000042],[-98.50585892299993,21.386836477000028],[-98.50610241499997,21.386596246000064],[-98.50679193799999,21.386309554000032],[-98.50708164599996,21.386161031000032],[-98.50713327699998,21.385737815000024],[-98.50688436899996,21.38500789200003],[-98.50658453799996,21.384466],[-98.50608387699997,21.38382946200005],[-98.50558872299992,21.383241200000036],[-98.50506323099995,21.38262104600005],[-98.50495426199997,21.381997000000002],[-98.50517301499995,21.381661877000056],[-98.50569204599998,21.381190831000023],[-98.50677227699995,21.38007355400003],[-98.50780701499995,21.379150138000057],[-98.50868261499993,21.378392923000032],[-98.509525985,21.377971215000063],[-98.51061723099996,21.377744754000048],[-98.511884062,21.377258154000067],[-98.51293135399997,21.377067892000074],[-98.513254369,21.37667235400005],[-98.51323506199999,21.376327954000033],[-98.51323613799995,21.376002738000064],[-98.51303350799998,21.375485615000063],[-98.51302336899995,21.374897400000073],[-98.51300379999999,21.374691508000073],[-98.51313073799996,21.374452846000054],[-98.51331355399995,21.374191538000048],[-98.51365807699993,21.373977338000035],[-98.51431203099996,21.373595708000042],[-98.51523093799992,21.372951769000057],[-98.51575184599992,21.37228964600007],[-98.51572058499994,21.371429831000054],[-98.51539689199994,21.370824754000072],[-98.51456887699996,21.370809800000075],[-98.51362606199999,21.370725999999998],[-98.513053492,21.370319338000055],[-98.5126658,21.36998638500006],[-98.51226379999999,21.369354600000065],[-98.51159158499996,21.368974262000055],[-98.51094552299996,21.369179662000025],[-98.51029618499997,21.36957603100006],[-98.50965087699993,21.37007216900003],[-98.50907001499993,21.370650754000057],[-98.50840473799994,21.370562415000055],[-98.50805126199998,21.37035132300003],[-98.50737904599998,21.36997098500007],[-98.50715535399995,21.369447400000066],[-98.50705672299995,21.369050815000037],[-98.50703286199995,21.368496985000032],[-98.5068800769999,21.368039062000033],[-98.50665081499993,21.367388308000045],[-98.50660359999996,21.366851492000027],[-98.50685603099997,21.366103446000068],[-98.50735346199998,21.365432400000028],[-98.50757573799994,21.365076138000063],[-98.50787386199994,21.364759569000057],[-98.50799041499991,21.364558431000034],[-98.50817359999995,21.364233477000028],[-98.50834149199993,21.364077308000052],[-98.50895933799994,21.364114508000057],[-98.509649262,21.36394958500005],[-98.50986576899999,21.36350820000007],[-98.51016143099997,21.363194985000064],[-98.51048152299994,21.36298998500007],[-98.51094976899999,21.362645569000048],[-98.51142579999998,21.36251313800005],[-98.51188879999995,21.362491154000054],[-98.51240121499993,21.362725123000075],[-98.51288435399991,21.36310118500006],[-98.51332995399997,21.363520954000023],[-98.51370915399995,21.363987015000077],[-98.51407203099994,21.364391046000037],[-98.51425275399997,21.364810031000047],[-98.51436855399997,21.36514926200004],[-98.51484609199997,21.36521620000007],[-98.51526859999996,21.365095],[-98.51538424599994,21.36474252300007],[-98.51528103099996,21.364239554000047],[-98.51523339999994,21.363619446000026],[-98.51522347699996,21.362772185000033],[-98.51516952299994,21.362029615000036],[-98.51538478499998,21.361685646000073],[-98.51570261499994,21.361493523000036],[-98.51609592299995,21.36147132300005],[-98.51649216899993,21.361592477000038],[-98.51701479999997,21.361716523000037],[-98.51744450799997,21.361864708000045],[-98.51799047699996,21.362257538000044],[-98.51847327699993,21.36259827700007],[-98.51923396899998,21.363278769000036],[-98.519629062,21.36372133800006],[-98.51999012299994,21.36411147700005],[-98.52041461499992,21.364651446000043],[-98.52063683099996,21.365140969000034],[-98.52064644599993,21.365460262000056],[-98.52032489199995,21.36582376900003],[-98.52008952299994,21.366102462000075],[-98.51993961499991,21.366321523000067],[-98.51987470799996,21.36662066200006],[-98.51984207699994,21.366820108000073],[-98.51987090799996,21.367190477000065],[-98.51980272299993,21.36750444600005],[-98.51976478499994,21.367647985000076],[-98.519657662,21.36781729200004],[-98.519646262,21.368046723000077],[-98.51973086199995,21.368246508000023],[-98.52008189199994,21.368447062000026],[-98.52052001499996,21.368628585000064],[-98.52065678499997,21.368628292000036],[-98.52123,21.36870973800006],[-98.52162633799996,21.368700892000046],[-98.52196772299999,21.36859212300004],[-98.52245143099996,21.368274446000044],[-98.52255878499993,21.36803529200006],[-98.52268730799992,21.367836123000078],[-98.52292216899995,21.367707092000046],[-98.52315715399997,21.367548123000066],[-98.52352170799995,21.367327662000037],[-98.52407686199993,21.367019938000052],[-98.52441887699993,21.366711615000042],[-98.52457576899995,21.366578185000037],[-98.52477775399993,21.366327615000042],[-98.52495267699997,21.36615230800004],[-98.52518109199995,21.366027385000052],[-98.52542230799995,21.366107662000047],[-98.52552919999991,21.366216723000036],[-98.52586636899996,21.366277831000044],[-98.52620298499994,21.366311123000063],[-98.52652207699997,21.36642518500003],[-98.52688458499995,21.366458538000074],[-98.52719538499997,21.36646749200003],[-98.52740253799996,21.366484246000024],[-98.52754910799995,21.366549323000072],[-98.52767812299996,21.366703277000052],[-98.52765144599994,21.36694569200006],[-98.52754719999996,21.367147477000056],[-98.52743430799994,21.36734923100004],[-98.52732153799994,21.36751058500004],[-98.52732978499996,21.367631862000053],[-98.52742421499994,21.36780186200008],[-98.52758818499993,21.367826569000044],[-98.52793366199997,21.36778713800004],[-98.52825339999998,21.367699123000026],[-98.52887075399994,21.367622862000076],[-98.52924196899991,21.36764007700003],[-98.52946635399994,21.367673031000034],[-98.52957830799991,21.367762262000042],[-98.52961189199999,21.368061431000054],[-98.52957610799994,21.368449323000046],[-98.52955804599995,21.368699846000023],[-98.52946259999999,21.36884507700006],[-98.52919723099994,21.36909190800003],[-98.52899047699997,21.369182877000068],[-98.5287732149999,21.36916192300004],[-98.52854539999997,21.36903921500004],[-98.52838261499991,21.368977708000045],[-98.52825207699995,21.36901803100005],[-98.52816466199995,21.369170385000075],[-98.52818518499997,21.369546846000038],[-98.52821719999996,21.369730062000027],[-98.52833636899994,21.36984230800004],[-98.52858633799994,21.36983283100005],[-98.52876052299993,21.369731585000064],[-98.52894573799993,21.36957950800007],[-98.52913081499995,21.36946812300005],[-98.52930504599998,21.36935670800005],[-98.52951179999995,21.369265738000028],[-98.52971819999999,21.369286662000032],[-98.53002212299997,21.369389246000022],[-98.53020639999991,21.369532169000024],[-98.53023921499994,21.36986144600008],[-98.52998827699994,21.37017610800007],[-98.52983543099997,21.370399492000047],[-98.52972606199995,21.370623],[-98.52971464599995,21.370795908000048],[-98.52968676899995,21.37085255400007],[-98.52969247699995,21.370928092000046],[-98.52980052299993,21.37112169200003],[-98.529963492,21.37113232300004],[-98.53018101499995,21.37107189200003],[-98.53034283099996,21.371038277000025],[-98.53109881499994,21.370993338000066],[-98.53127856899991,21.371064785000044],[-98.53145210799993,21.371167000000003],[-98.53158206199998,21.37130978500005],[-98.53152710799995,21.371502923000037],[-98.53138538499995,21.371644954000033],[-98.53117847699995,21.371786800000052],[-98.53100430799995,21.37187786200008],[-98.530919354,21.37202475400005],[-98.53083052299993,21.372353215000032],[-98.53087389199999,21.372517708000032],[-98.53118093799996,21.372580200000073],[-98.53156512299995,21.372540185000044],[-98.53179576899998,21.372468923000046],[-98.53212509199994,21.372428738000053],[-98.53237730799995,21.37248081500007],[-98.53269283099993,21.372648154000046],[-98.53289173799998,21.37282107700003],[-98.53298310799993,21.373036785000068],[-98.53307433799993,21.37329558500005],[-98.53302786199997,21.37343909200007],[-98.53275155399994,21.37348141500008],[-98.53259803099994,21.373509708000025],[-98.53259761499997,21.37363898500007],[-98.53278109199991,21.373840585000032],[-98.53317964599997,21.373956600000046],[-98.53334815399992,21.374043262000043],[-98.53345496899999,21.374230277000034],[-98.53360766199994,21.374460523000035],[-98.53368369199997,21.374676200000067],[-98.53360629199994,21.37489143100004],[-98.53339103099994,21.375034477000042],[-98.53306846199996,21.37514847700004],[-98.53285335399993,21.375248431000042],[-98.53269964599998,21.37533418500004],[-98.53256,21.375506169000065],[-98.53254519999996,21.375649754000047],[-98.53254475399994,21.375793385000062],[-98.53260572299995,21.37592283100002],[-98.53282033799994,21.37598089200003],[-98.53308116899994,21.37598161500006],[-98.533250077,21.375938985000065],[-98.53341876899998,21.375968185000033],[-98.53370816899994,21.376060785000053],[-98.53383090799994,21.376176369000067],[-98.53391656899998,21.376337954000064],[-98.53385447699996,21.376510646000042],[-98.53359526199996,21.376728892000074],[-98.5334,21.376820523000053],[-98.53305555399996,21.376896169000084],[-98.53267252299995,21.376954846000046],[-98.53222552299995,21.37705813800006],[-98.53192841499998,21.377162108000054],[-98.531657662,21.377046969000048],[-98.53105016899997,21.377639138000063],[-98.53136901499994,21.37799167700007],[-98.53144349199994,21.37804016900003],[-98.53158856899995,21.37816366200008],[-98.53172672299995,21.378281246000032],[-98.53197136899995,21.37853196900005],[-98.53239527699996,21.378721462000044],[-98.53281930799992,21.37879958500002],[-98.53317098499997,21.378844938000043],[-98.53355341499997,21.378728999999996],[-98.53383806199996,21.378791508000063],[-98.53418727699992,21.378674815000068],[-98.53454846199996,21.378608246000056],[-98.53480753799992,21.37857803100007],[-98.5350658149999,21.378682246000036],[-98.53525507699999,21.37873964600004],[-98.53533369199994,21.378887908000024],[-98.53540606199992,21.379169646000037],[-98.53515507699994,21.379350862000027],[-98.53493703099996,21.37954527700003],[-98.53474104599995,21.379659215000057],[-98.53461141499997,21.379780877000027],[-98.53452678499998,21.37984790800004],[-98.534592246,21.379983800000048],[-98.53482918499999,21.380070815000067],[-98.53503975399995,21.380157754000038],[-98.53568993799995,21.38033498500004],[-98.53603246199998,21.380372938000047],[-98.53624478499997,21.38032546200003],[-98.53651823099993,21.380306723000047],[-98.53665000000001,21.380178831000023],[-98.53678458499995,21.380066600000077],[-98.53691284599995,21.38004849200007],[-98.53697521499996,21.380086385000027],[-98.53707710799993,21.380319369000063],[-98.53732215399997,21.380368523000076],[-98.53754724599997,21.380417215000023],[-98.53785570799994,21.38033073800005],[-98.538283462,21.38026566200006],[-98.53844403099997,21.379976492000033],[-98.53848753799994,21.379735138000054],[-98.53858050799992,21.379501],[-98.53872616899996,21.379279354000065],[-98.53881887699995,21.379131569000037],[-98.53897736899991,21.37902096900007],[-98.53916183099993,21.37903381500007],[-98.53929344599999,21.37908352300008],[-98.53939836899995,21.37924418500006],[-98.53939743099993,21.37954026200003],[-98.53936989199995,21.37992261500005],[-98.53932938499997,21.38023090800004],[-98.53930352299993,21.38059303100004],[-98.53941053799996,21.380868954000054],[-98.53927378499996,21.382849831000037],[-98.53919427699998,21.38295583100006],[-98.53915066199995,21.38309812300003],[-98.53908179999995,21.38321069200003],[-98.53908395399996,21.38338047700006],[-98.53933390799993,21.38351686200008],[-98.53963686199995,21.383567046000053],[-98.53999249199995,21.383629692000053],[-98.54030850799994,21.383716923000062],[-98.54079987699997,21.38382092300003],[-98.54130023099998,21.383958000000003],[-98.54174818499995,21.383996231000026],[-98.54243330799991,21.384047446000068],[-98.54257598499998,21.383967846000075],[-98.54368309199997,21.38404983100002],[-98.54400110799996,21.384199754000065],[-98.54438289199997,21.384324154000073],[-98.54456720000002,21.38438633800007],[-98.54500544599996,21.38428712300004],[-98.54513779999995,21.384102431000027],[-98.54508615399997,21.38375687700005],[-98.54504736899996,21.383510031000068],[-98.54503496899996,21.383263277000026],[-98.54496961499996,21.38309038500006],[-98.54478598499996,21.382806154000036],[-98.54472104599996,21.38249755400005],[-98.54460350799997,21.382151815000043],[-98.54443570799998,21.381593369000033],[-98.54448932299992,21.38129744600008],[-98.54458267699992,21.380939938000033],[-98.54499183099992,21.38074366200004],[-98.54541386199996,21.38063378500004],[-98.54614790799995,21.380608231000046],[-98.54662816899997,21.380842431000076],[-98.54687623099993,21.381075985000056],[-98.54702478499998,21.381309292000026],[-98.54708941499995,21.381868400000034],[-98.54703629199997,21.382202569000068],[-98.54700447699997,21.382547815000063],[-98.54689627699996,21.38274896900003],[-98.54686460000002,21.38305106200005],[-98.54703238499995,21.383468785000048],[-98.54730084599997,21.383749677000022],[-98.54748807699995,21.384000262000033],[-98.54777423099995,21.384260400000073],[-98.54815978499995,21.384372585000047],[-98.54861726199992,21.384373569000044],[-98.54898323099995,21.38442087700002],[-98.54927984599999,21.384495769000072],[-98.54956647699998,21.384598431000033],[-98.54992303100002,21.38448823100003],[-98.5501213539999,21.38434983100006],[-98.5504005079999,21.384331785000025],[-98.55066570799991,21.38418669200007],[-98.55077789199996,21.384015062000064],[-98.55087326199998,21.383700154000053],[-98.55102976899997,21.38323175400006],[-98.55109479999999,21.382611831000073],[-98.55119535399996,21.382308999999996],[-98.55125829199993,21.38208767700007],[-98.55137313799995,21.381548846000037],[-98.55143646199997,21.381199292000073],[-98.55145004599996,21.380826292000044],[-98.55147644599995,21.380415569000032],[-98.55167678499998,21.38005472300006],[-98.55176495399995,21.37972853800005],[-98.55202727699997,21.379461123000063],[-98.5523129379999,21.37938847700008],[-98.55278584599994,21.379404754000067],[-98.55332275399994,21.379466215000036],[-98.55368344599997,21.379482185000033],[-98.55430303099995,21.37943872300008],[-98.554655831,21.379409646000056],[-98.55511290799994,21.379358323000083],[-98.55524526199997,21.37937076900005],[-98.55544149199993,21.37938921500006],[-98.55582627699991,21.37938273800006],[-98.55610926199996,21.379383308000055],[-98.55625336899999,21.379443723000065],[-98.55640519999996,21.379601708000052],[-98.55668567699995,21.37963246200007],[-98.55675690799994,21.37962509200003],[-98.55698650799994,21.37960130800008],[-98.55727121499993,21.37940212300003],[-98.55768855399997,21.378962969000046],[-98.55797613799994,21.378651708000067],[-98.55829023099993,21.378389154000047],[-98.55840907699994,21.378167554000076],[-98.55860663099996,21.37770440000003],[-98.55861093799996,21.377694308000063],[-98.55888336899993,21.377430138000026],[-98.55922453799995,21.377292646000054],[-98.55947718499999,21.37731090800003],[-98.55984155399992,21.377284585000037],[-98.56009433799993,21.377383954000038],[-98.56013693799996,21.37741910800003],[-98.56030581499999,21.37748921500003],[-98.56045996899996,21.377579492000056],[-98.56071472299998,21.377662],[-98.56118273799993,21.37754633800005],[-98.56131710799995,21.377508215000034],[-98.56154004599993,21.37744496900007],[-98.56186243099995,21.377179169000048],[-98.56203844599995,21.376974385000043],[-98.56204649199998,21.376715231000045],[-98.56199616899994,21.376490015000062],[-98.56182201499995,21.376250846000058],[-98.56179344599997,21.376059800000064],[-98.56184481499996,21.37576466200005],[-98.56184593799996,21.375758138000037],[-98.56199210799994,21.375608477000068],[-98.56219650799993,21.375472600000023],[-98.56236450799996,21.375329800000024],[-98.56258393799999,21.375021892000063],[-98.5627826149999,21.37482152300004],[-98.56293336899995,21.374776800000063],[-98.56302766199998,21.37477238500003],[-98.56305464599996,21.37478087700003],[-98.56326124599997,21.37484595400003],[-98.56343430799993,21.37493138500003],[-98.56367339999996,21.375017],[-98.56398713799994,21.374979185000036],[-98.56415263099996,21.374840538000054],[-98.56416147699997,21.37463967700006],[-98.56392453799998,21.374320385000033],[-98.56375181499997,21.374119046000033],[-98.56382664599995,21.373933815000044],[-98.56393432299994,21.373802738000055],[-98.56400949199998,21.373501600000054],[-98.56413433799996,21.373146508000044],[-98.56418469199998,21.372868492000073],[-98.56407,21.37258901500007],[-98.56410367700002,21.372365031000076],[-98.56418679999997,21.372164354000066],[-98.56426972299995,21.37203321500004],[-98.56441026199997,21.37195632300007],[-98.56463316899999,21.371933723000044],[-98.56469015399995,21.371937092000056],[-98.56523453799996,21.37217686200006],[-98.56500003099994,21.373023354000054],[-98.56539675399993,21.37317198500006],[-98.56562113799997,21.373266600000026],[-98.56573644599995,21.37334415400005],[-98.56587646199995,21.373444969000047],[-98.56598352299993,21.37352250800006],[-98.56613172299994,21.37363878500003],[-98.56624707699994,21.373708615000055],[-98.56635427699993,21.373739800000063],[-98.56645341499996,21.37370915400004],[-98.56644543099996,21.373616415000075],[-98.56626449199999,21.37339961500004],[-98.56615738499991,21.37333752300003],[-98.56603481499994,21.373151369000034],[-98.56596923099994,21.372996662000048],[-98.56591187699993,21.372857446000076],[-98.56592063099998,21.372687477000056],[-98.56597046199994,21.37257944600003],[-98.56613566199997,21.372533508000057],[-98.56640832299993,21.372497662000054],[-98.566652708,21.37261284600003],[-98.56665812299995,21.37279284600003],[-98.56677929199995,21.372748800000064],[-98.566849,21.37284209200004],[-98.566965446,21.37292041500007],[-98.56717392299998,21.372881938000035],[-98.56724916899996,21.37279630800003],[-98.56734136899995,21.372617108000043],[-98.56737504599994,21.372500154000026],[-98.56743458499994,21.372271908000076],[-98.56745170799995,21.372115923000027],[-98.56741875399996,21.371983200000045],[-98.56721070799996,21.371881231000035],[-98.56708598499996,21.371787292000082],[-98.56706135399996,21.371662400000048],[-98.56707009199991,21.371521985000072],[-98.56710613799996,21.371433831000044],[-98.56741092299995,21.370981892000035],[-98.56747259999996,21.370936954000058],[-98.56771573799993,21.370773538000034],[-98.56804910799995,21.370766585000066],[-98.56827396899996,21.370821785000036],[-98.56834859999994,21.37094680000007],[-98.56833155399991,21.371079400000045],[-98.56832115399995,21.371352754000043],[-98.56829966199999,21.371529462000073],[-98.56823533799994,21.371735292000036],[-98.56846992299995,21.371933677000076],[-98.56873396899992,21.372020585000026],[-98.56895066199996,21.372137585000072],[-98.569205846,21.37231149200005],[-98.56956223099995,21.37243161500004],[-98.56997227699995,21.372412369000074],[-98.57019083099999,21.372499585000067],[-98.57046821499993,21.372610600000026],[-98.57072892299996,21.372666415000026],[-98.57098149199996,21.37267792300003],[-98.57143438499996,21.372767462000073],[-98.57182146199995,21.37276844600007],[-98.57205730799991,21.372830923000038],[-98.57243193799992,21.37290129200005],[-98.57277809199992,21.37298750800005],[-98.57305758499996,21.373010985000064],[-98.57330670799992,21.373028677000036],[-98.57340403099992,21.373036169000045],[-98.57368949199997,21.373058108000073],[-98.57392658499995,21.373030262000043],[-98.57409,21.372995415000048],[-98.57432103099994,21.37299921500005],[-98.57437096899996,21.373004354000045],[-98.57452364600002,21.373104985000055],[-98.57464558499998,21.373255662000084],[-98.57478278499995,21.37342070800003],[-98.57509306199995,21.37372196900003],[-98.57522173799997,21.373953308000072],[-98.5753209539999,21.374243092000032],[-98.57554769199997,21.374482108000056],[-98.57574746199994,21.37460184600008],[-98.57595544599995,21.374566985000058],[-98.57601144599994,21.37463369200003],[-98.57646995399993,21.374336492000054],[-98.57674861499996,21.374417015000063],[-98.57695927699996,21.374460692000074],[-98.57729593799995,21.374436],[-98.57756896899997,21.37438558500003],[-98.5777546,21.374259015000067],[-98.57807078499994,21.37392613800006],[-98.57835590799999,21.37373001500003],[-98.57844209199997,21.373540831000067],[-98.57876732299992,21.373218108000064],[-98.57897481499995,21.373136538000036],[-98.57929313799994,21.373154369000083],[-98.57960206199999,21.37328287700006],[-98.57983184599996,21.373454615000075],[-98.57996792299996,21.37358269200007],[-98.58014021499996,21.373770462000042],[-98.58034103099997,21.373990723000084],[-98.58058632299995,21.374102046000075],[-98.58075013799996,21.374076908000067],[-98.58082319999994,21.373974892000035],[-98.58084196899995,21.373770554000032],[-98.580824292,21.373591677000036],[-98.58079739999992,21.373446846000032],[-98.58078878499997,21.373285031000023],[-98.58079836899996,21.373106215000064],[-98.58081698499996,21.372961492000066],[-98.58083536899991,21.37289341500008],[-98.58091726199994,21.37288510800005],[-98.58097169199999,21.37293633800004],[-98.58104432299996,21.37298761500006],[-98.58121703099991,21.373030615000058],[-98.58133524599998,21.373047954000075],[-98.58131821499992,21.372560231000023],[-98.58130055399992,21.372372846000076],[-98.58131,21.37224513800004],[-98.58132849199995,21.372142985000036],[-98.58123798499997,21.37198095400004],[-98.58101063099997,21.371963354000066],[-98.58086489199995,21.37203112300006],[-98.58067359999995,21.372124323000037],[-98.58045507699994,21.37220041500007],[-98.58030061499991,21.37213190800003],[-98.58020116899995,21.37191875400004],[-98.58012015399997,21.371620492000034],[-98.58012038499997,21.371539600000062],[-98.58022827699992,21.37127452300007],[-98.580456,21.371295831000054],[-98.58050604599998,21.371262923000078],[-98.58061247699999,21.37123],[-98.58087649199996,21.37107367700003],[-98.58096826199993,21.37079287700004],[-98.58088755399994,21.370383908000065],[-98.58085186199996,21.370136862000034],[-98.58089807699994,21.369881508000052],[-98.58096301499995,21.369767415000073],[-98.58105041499992,21.369724431000062],[-98.58126247699994,21.36968655400005],[-98.58138981499994,21.369695385000057],[-98.58157146199993,21.369789508000046],[-98.58168961499997,21.369823862000032],[-98.581841,21.369803354000055],[-98.58209323099996,21.369738462000043],[-98.58218449199995,21.36962798500002],[-98.58237552299988,21.369628462000037],[-98.58253896899996,21.369731062000028],[-98.58267495399994,21.369893200000032],[-98.58289258499995,21.370132169000044],[-98.58306464599997,21.37040510800006],[-98.58307278499994,21.370941938000044],[-98.58300612299993,21.37105976900006],[-98.58288306199995,21.37145926200003],[-98.58296021499994,21.371899877000033],[-98.58306406199996,21.372144800000054],[-98.58327249199999,21.372365523000045],[-98.58346141499996,21.37244933800002],[-98.58348626199995,21.372833692000032],[-98.58373486199996,21.372835846000044],[-98.58407229199996,21.372690385000052],[-98.58426443099997,21.372759462000033],[-98.58457787699994,21.372809169000053],[-98.58496993799997,21.37278567700002],[-98.58533619999994,21.372639785000043],[-98.58557235399992,21.37229781500002],[-98.58563095399992,21.37218746200006],[-98.58586538499996,21.371841569000033],[-98.58612286199997,21.371687492000035],[-98.58643638499994,21.37171272300003],[-98.58672369199996,21.37176236900007],[-98.58693227699993,21.371934154000034],[-98.58711438499996,21.37222821500006],[-98.58750595399991,21.37237598500008],[-98.58795041499995,21.372303677000044],[-98.58834261499997,21.372231231000054],[-98.58894,21.37211036900004],[-98.58928370799997,21.372111200000063],[-98.58941424599999,21.37216046200007],[-98.58954436899994,21.372356508000053],[-98.58964819999993,21.372601431000078],[-98.58985678499991,21.372773215000052],[-98.59005172299999,21.372761723000053],[-98.59025992299996,21.37241841500003],[-98.59022913799998,21.372185708000078],[-98.58986452299993,21.371918738000037],[-98.58966312299998,21.37134812300008],[-98.58962013799997,21.37081146200007],[-98.59029087699996,21.37015904600003],[-98.59078173799995,21.36944756900004],[-98.59111792299994,21.369086323000033],[-98.59124736899997,21.368893538000066],[-98.59131232299994,21.36871266200006],[-98.59126110799997,21.368591862000073],[-98.59118392299996,21.36853132300007],[-98.59099061499995,21.368506708000037],[-98.59086207699993,21.368373646000066],[-98.59091410799992,21.36820481500007],[-98.59105638499994,21.36803620000006],[-98.59114696899996,21.367863585000066],[-98.59123858499999,21.367369],[-98.59114887699994,21.367175677000034],[-98.59096879999998,21.367030415000045],[-98.59087907699993,21.366849169000034],[-98.59097001499995,21.366595938000042],[-98.59115075399995,21.366499831000052],[-98.59129724599997,21.36640541500003],[-98.59132675399995,21.366390031000034],[-98.59138556899995,21.36633760000006],[-98.59151244599997,21.366235200000062],[-98.59174436899997,21.366271969000028],[-98.59180835399994,21.36644109200006],[-98.59183376899993,21.366573908000078],[-98.59200109199996,21.36667086200003],[-98.59225901499997,21.36663529200007],[-98.59245267699997,21.366527138000034],[-98.59260759999995,21.36644303100007],[-98.59271355399993,21.366222723000075],[-98.59271438499995,21.365921],[-98.59265059999996,21.36567947700007],[-98.59262584599998,21.365305277000054],[-98.59265229199995,21.365063969000065],[-98.59271724599995,21.364883092000074],[-98.59284655399993,21.36473858500005],[-98.59300158499997,21.36461827700003],[-98.59319507699995,21.364570462000078],[-98.59346804599994,21.364579954000078],[-98.59371267699997,21.36468916900003],[-98.594060492,21.364774492000038],[-98.59425398499998,21.364726677000075],[-98.59434192299992,21.364658523000063],[-98.59439670799996,21.364389092000067],[-98.59453924599997,21.36412393800003],[-98.59460412299995,21.363967200000047],[-98.59475898499993,21.36390721500004],[-98.59504221499996,21.364040662000036],[-98.59545439999991,21.36416233800003],[-98.59558,21.364271277000057],[-98.59569875399994,21.36436810800007],[-98.59595673799997,21.364308385000072],[-98.59609081499994,21.364190892000067],[-98.59587656899997,21.36338780000005],[-98.59592501499998,21.363066077000035],[-98.59636987699996,21.362653662000067],[-98.59638572299995,21.362435492000028],[-98.59677732299994,21.362006769000057],[-98.59675786199993,21.361743892000042],[-98.59650832299994,21.36139795400004],[-98.596311631,21.36098092300006],[-98.59666430799997,21.360145785000043],[-98.59679293799994,21.360028662000044],[-98.59711406199996,21.360085277000053],[-98.59717669199993,21.359888831000035],[-98.59706144599996,21.359606108000037],[-98.59694601499996,21.359388569000036],[-98.59688349199996,21.359245385000065],[-98.59688567699996,21.35916578500008],[-98.59693527699993,21.359073523000067],[-98.59707458499997,21.359041277000074],[-98.597329846,21.35904187700003],[-98.59749212299992,21.35909658500003],[-98.59758464599999,21.359205446000036],[-98.59765381499994,21.359368554000074],[-98.597769569,21.35946660000008],[-98.59804801499993,21.359478123000034],[-98.59839910799994,21.359325000000002],[-98.59873589199997,21.359217185000034],[-98.59899141499993,21.35912001500003],[-98.59908464599994,21.35896815400003],[-98.59916629199994,21.35880541500007],[-98.59914353799995,21.358642415000077],[-98.59916712299996,21.35850124600006],[-98.599236954,21.35842536900003],[-98.59939941499992,21.35841489200004],[-98.59956184599997,21.35841527700006],[-98.59961961499995,21.35850232300004],[-98.59967727699993,21.358632815000075],[-98.59969998499999,21.35881755400004],[-98.59952750799992,21.359407246000046],[-98.59956133799993,21.359765815000063],[-98.59973478499994,21.359983477000075],[-98.59989701499994,21.36005990800004],[-98.60012719999996,21.359931938000045],[-98.60029701499994,21.359919646000037],[-98.60097298499993,21.35917155400006],[-98.60166944599997,21.35915560000007],[-98.60189446199996,21.358379600000028],[-98.60194838499994,21.35818806200007],[-98.60244178499993,21.35786864600005],[-98.60269070799993,21.35787936900005],[-98.60296896899995,21.357956062000035],[-98.60334027699994,21.357946077000065],[-98.60350232299996,21.35808767700007],[-98.60345515399993,21.35837],[-98.60330392299993,21.358521723000027],[-98.60319909199995,21.358673569000075],[-98.603163985,21.35878210800007],[-98.60318661499996,21.358999431000033],[-98.60320952299996,21.359108108000047],[-98.60337163099994,21.359227985000075],[-98.60352241499996,21.35925006200006],[-98.60367332299994,21.359217831000024],[-98.60373201499998,21.358968123000075],[-98.60380589199995,21.358822077000067],[-98.60463259999993,21.358332246000028],[-98.60468926199997,21.35831913800007],[-98.60494456899994,21.358298015000063],[-98.60511861499997,21.35829841500004],[-98.60517647699996,21.358352877000073],[-98.60514119999999,21.35852660000006],[-98.60509435399995,21.358689431000073],[-98.60516359999997,21.358830815000033],[-98.60532579999993,21.35891809200007],[-98.60559258499994,21.35894044600008],[-98.60585983099995,21.358799862000062],[-98.60623455399995,21.35858040000005],[-98.60642041499992,21.358478492000078],[-98.60692236899995,21.358136308000038],[-98.60698055399993,21.358126415000076],[-98.6071672,21.358154815000034],[-98.60729386199996,21.358267],[-98.60761246199996,21.358785308000048],[-98.60775749199995,21.35922564600003],[-98.60787186199995,21.35942146200006],[-98.60802821499996,21.359529385000027],[-98.60830079999992,21.35952883100003],[-98.60849956899993,21.359402185000082],[-98.60857052299993,21.359356492000078],[-98.60869018499993,21.359326923000026],[-98.60906953799996,21.358956108000037],[-98.60955601499994,21.35885412300008],[-98.61010895399993,21.35899355400005],[-98.61031336899998,21.359242492000078],[-98.61045784599996,21.359344477000032],[-98.61071113799991,21.35935636900007],[-98.61113352299998,21.359289585000056],[-98.61141224599999,21.359196077000036],[-98.61166000000001,21.35916626200003],[-98.61200590799996,21.359237954000037],[-98.61241572299996,21.359363138000052],[-98.61266330799998,21.35960578500004],[-98.61276870799995,21.35981006200007],[-98.61290819999991,21.360166154000073],[-98.61288332299993,21.360448446000074],[-98.61282256899993,21.36061770800006],[-98.61312316899996,21.360991108000068],[-98.61349844599992,21.361402492000025],[-98.61364270799997,21.361594815000046],[-98.61382318499994,21.36177593800005],[-98.61423281499997,21.361968877000038],[-98.61452246199997,21.361924369000068],[-98.61484703099994,21.361801677000077],[-98.61510733799994,21.361136385000066],[-98.61536,21.36046187700003],[-98.61564921499995,21.36015056900004],[-98.61644518499995,21.359782938000023],[-98.61705033799994,21.359656400000066],[-98.61806061499998,21.35902680000003],[-98.61859255399995,21.358773615000075],[-98.61901315399996,21.358857031000074],[-98.61941081499997,21.35901604600002],[-98.61977198499993,21.359299231000023],[-98.62006024599995,21.359708462000075],[-98.62018298499997,21.360003062000033],[-98.62014615399991,21.360251446000067],[-98.62010770799996,21.360579662000077],[-98.62026363099994,21.360930138000075],[-98.62034724599992,21.361246554000044],[-98.62018923099997,21.36170926200003],[-98.61995749199995,21.36206153800003],[-98.61964603099992,21.362136862000053],[-98.61933472299994,21.362148831000066],[-98.61917216899994,21.362211815000023],[-98.6190771079999,21.362338292000057],[-98.61915786199995,21.362515862000066],[-98.61929279999998,21.362668215000035],[-98.61956,21.362836492000042],[-98.61976493799993,21.362967585000032],[-98.6200235379999,21.36316409200003],[-98.62026221499995,21.363351231000024],[-98.62041115399992,21.36356615400007],[-98.62067964599999,21.363781354000025],[-98.62115701499991,21.364049462000025],[-98.62146210799992,21.364189046000032],[-98.62182832299997,21.364312431000027],[-98.62245841499995,21.364503677000073],[-98.62288586199993,21.364578169000033],[-98.62322598499998,21.364668815000076],[-98.62349639999994,21.36471844600004],[-98.62394159999994,21.364674],[-98.62420546199996,21.364283323000056],[-98.62423681499993,21.364038954000026],[-98.62417607699994,21.36376563100003],[-98.62420781499995,21.36336310800004],[-98.62427738499994,21.362968492000054],[-98.62451552299994,21.362626554000023],[-98.62460510799994,21.362386108000067],[-98.62466487699997,21.362210385000026],[-98.62483370799997,21.361905323000034],[-98.62493444599994,21.36166269200004],[-98.62500401499992,21.36151473800004],[-98.62504419999999,21.361264938000033],[-98.62506452299999,21.361052092000026],[-98.62524306199998,21.360821092000034],[-98.62571043099994,21.360551985000033],[-98.62610609199997,21.360460308000032],[-98.62632389199996,21.360340477000022],[-98.62649233799993,21.360192754000025],[-98.62664110799992,21.359998708000038],[-98.62684923099991,21.359795554000076],[-98.62715564599996,21.359814738000072],[-98.62732321499998,21.360009492000074],[-98.62753970799996,21.360407954000035],[-98.62759118499996,21.36071538500005],[-98.62777466199998,21.36103964600005],[-98.62800347699991,21.36130590800008],[-98.6280859079999,21.36158284600003],[-98.62832175399993,21.361737646000048],[-98.62843769199995,21.362039369000055],[-98.62844999999999,21.362298092000056],[-98.62853666199999,21.362499169000046],[-98.62853050799994,21.362529862000024],[-98.62846035399994,21.36288723100006],[-98.62845235399993,21.36290323100007],[-98.62836666199995,21.363132523000044],[-98.62826707699995,21.363336400000033],[-98.62821907699995,21.36351213800003],[-98.62823761499997,21.36364173800007],[-98.62824978499998,21.363755800000032],[-98.62825479999998,21.36386670800005],[-98.62831673799992,21.363971692000067],[-98.62830379999996,21.36416970800008],[-98.62831576899997,21.364356108000038],[-98.62835269199994,21.364519277000053],[-98.62840219999994,21.364624231000043],[-98.62857603099992,21.364764400000073],[-98.62888701499992,21.364800031000076],[-98.62909861499995,21.36476555400003],[-98.62937270799989,21.36462636900006],[-98.62948601499991,21.36452783100003],[-98.62962490799998,21.364469692000057],[-98.62986210799988,21.364491508000068],[-98.63004823099995,21.364701600000046],[-98.63038352299996,21.364958615000038],[-98.63060703099994,21.365145492000067],[-98.63079304599995,21.365390523000027],[-98.63096690799995,21.365530692000046],[-98.63117830799993,21.36557775400007],[-98.63152666199996,21.365590169000033],[-98.63187523099997,21.365521046000026],[-98.63207453799996,21.36542829200004],[-98.63222918499997,21.36534830800002],[-98.63243924599998,21.365283846000064],[-98.63252352299995,21.365257985000028],[-98.63294099999999,21.365129892000024],[-98.63297149199994,21.365120523000027],[-98.63319109199993,21.365053138000064],[-98.63347935399995,21.364718477000054],[-98.63364666199999,21.364524246000027],[-98.63380169199995,21.364344246000027],[-98.63390063099995,21.364227169000063],[-98.63428083099993,21.363755015000034],[-98.63432264599999,21.36373104600005],[-98.63454024599997,21.36365672300008],[-98.63486495399995,21.363688892000027],[-98.63513230799995,21.36353056900003],[-98.63525,21.36355743100006],[-98.63539583099995,21.36365850800007],[-98.63543587699992,21.363784492000036],[-98.6357269539999,21.363827077000053],[-98.63613012299996,21.363838431000033],[-98.63650329199999,21.36388201500006],[-98.63681666199994,21.363966569000073],[-98.63706303099997,21.363977585000043],[-98.63721970799998,21.36401987700003],[-98.63736509199998,21.364104062000028],[-98.63757758499995,21.36423035400003],[-98.63777878499994,21.36438806200005],[-98.63786786199995,21.364597954000033],[-98.63794566199992,21.36483927700004],[-98.63778826199996,21.365090585000072],[-98.63767592299995,21.36522664600005],[-98.63764189199996,21.365404831000028],[-98.63740406199997,21.365702969000036],[-98.63738079999993,21.365967615000045],[-98.63740276899995,21.36623235400003],[-98.63742481499996,21.36646532300006],[-98.63753738499996,21.366677323000033],[-98.63761604599993,21.366878662000037],[-98.63761555399998,21.367079831000066],[-98.63770535399999,21.36735530800008],[-98.63786333799999,21.367493277000047],[-98.63805530799995,21.367610169000045],[-98.63833779999997,21.367706062000025],[-98.63855264599992,21.367717108000026],[-98.63871104599995,21.36768569200007],[-98.63883570799995,21.36758007700007],[-98.63891529199998,21.367410846000038],[-98.63900435399994,21.36739252300003],[-98.639153262,21.367268169000063],[-98.63931198499995,21.36712640000007],[-98.63954472299996,21.36703469200006],[-98.63990067699994,21.36671680000006],[-98.64002353799995,21.36643743100006],[-98.64010616899998,21.366274031000042],[-98.64019906199997,21.36612026200003],[-98.64025067699997,21.366024138000054],[-98.64037401499994,21.365954477000063],[-98.64073392299996,21.36596743100006],[-98.64091866199999,21.366083308000043],[-98.64110323099997,21.366266538000044],[-98.64119536899995,21.366420708000078],[-98.64133886199993,21.366584600000067],[-98.64149278499995,21.36669078500006],[-98.64173926199999,21.36677792300003],[-98.641965692,21.366723477000047],[-98.64198606199994,21.36673738500008],[-98.64248070799991,21.366330200000046],[-98.64252886199992,21.366136877000024],[-98.64251963099997,21.366087877000037],[-98.64267515399993,21.36602378500004],[-98.64286024599994,21.365998185000027],[-98.64309147699997,21.366024677000038],[-98.64324863099992,21.366076969000066],[-98.64338719999999,21.366163877000076],[-98.64356609199994,21.36632836900003],[-98.64371358499994,21.366393154000036],[-98.64404664599994,21.366539462000045],[-98.644422508,21.365344554000043],[-98.64487367699995,21.364279631000038],[-98.64498429199995,21.36402713800004],[-98.64500976899996,21.363951554000042],[-98.64473303099997,21.36378140000005],[-98.64454043099994,21.363638169000073],[-98.64432183099994,21.363505662000026],[-98.64415450799999,21.36334096900003],[-98.64439113799992,21.36313729200003],[-98.64513587699994,21.361432123000043],[-98.64516464599997,21.361378169000034],[-98.64475318499996,21.360965446000026],[-98.64516795399997,21.361070338000044],[-98.64506264599999,21.360784554000077],[-98.64503675399997,21.36016438500008],[-98.64514424599997,21.359893738000043],[-98.64546684599996,21.35947455400003],[-98.64583701499996,21.359311662000042],[-98.64601343099996,21.35904513800006],[-98.64617012299996,21.35888687700003],[-98.64634809199997,21.358661692000055],[-98.64552644599996,21.358091923000078],[-98.64515976899997,21.358061692000035],[-98.64538972299991,21.357651723000068],[-98.64567496899997,21.357528200000043],[-98.64601639999995,21.357256123000077],[-98.64642795399999,21.35667950800007],[-98.64647570799994,21.356377908000074],[-98.64692947699997,21.35611415400007],[-98.64719426199999,21.355923969000063],[-98.64740033799993,21.35565247700003],[-98.64773135399994,21.35573867700003],[-98.64809567699996,21.355723862000044],[-98.64860996899996,21.355320262000077],[-98.6494728919999,21.354933231000075],[-98.64968796899996,21.35482749200003],[-98.64908678499995,21.35443890800008],[-98.64963049199996,21.35407830800006],[-98.64962287699994,21.353592062000075],[-98.64960081499997,21.35263961500004],[-98.65172703099994,21.352786415000025],[-98.65190335399994,21.352789108000024],[-98.65229890799995,21.349997523000074],[-98.65251981499993,21.348413785000044],[-98.65275015399996,21.34684418500007],[-98.65333499999998,21.34690787700003],[-98.65371661499994,21.346968508000035],[-98.65466601499996,21.347119354000032],[-98.65574427699991,21.347290662000034],[-98.65658009199994,21.34735284600003],[-98.65769339999996,21.34749420000003],[-98.65866856899997,21.347618015000027],[-98.65895383099993,21.34763876900007],[-98.65949561499995,21.347678185000063],[-98.66120464599999,21.34780249200003],[-98.66280116899995,21.347920046000073],[-98.66558735399992,21.34812555400003],[-98.66805186199996,21.34828247700005],[-98.67029446199997,21.348425108000075],[-98.67065998499999,21.348283769000034],[-98.67182732299992,21.34827786200003],[-98.67419379999995,21.348905969000047],[-98.67509129199995,21.34984293800005],[-98.67750695399994,21.348400662000074],[-98.68026869199997,21.34683964600003],[-98.68073498499996,21.34649601500007],[-98.68108336899995,21.346178492000035],[-98.68117381499994,21.34604601500007],[-98.68111278499998,21.345342477000024],[-98.68110856899993,21.34511927700003],[-98.68109567699996,21.34443507700007],[-98.68114084599995,21.344310785000065],[-98.6825771379999,21.34290769200004],[-98.68267196899994,21.34281503100004],[-98.68354701499995,21.342000692000056],[-98.68358273799996,21.341963938000045],[-98.68358607699994,21.34194836900003],[-98.68337083099998,21.34159601500005],[-98.68254435399992,21.340882923000038],[-98.68236479999996,21.340485615000034],[-98.68213401499995,21.34021123100007],[-98.68177176899994,21.339907262000057],[-98.68163909199995,21.339680246000057],[-98.68134192299999,21.339365123000057],[-98.68104776899996,21.339364569000058],[-98.6805998309999,21.339074262000054],[-98.68015290799995,21.338596246000066],[-98.68007612299998,21.338599154000065],[-98.67995858499994,21.338596938000023],[-98.67952813799992,21.338404831000044],[-98.67942390799996,21.338232985000044],[-98.67911904599998,21.338219123000044],[-98.67888212299988,21.33807103100003],[-98.67851292299994,21.33805392300008],[-98.67839387699992,21.33801783100005],[-98.67838764599995,21.337845938000047],[-98.67818733799993,21.337614015000046],[-98.67796323099998,21.337541554000037],[-98.67722118499995,21.336750415000044],[-98.67695004599993,21.33655124600006],[-98.67696006199998,21.33637260000006],[-98.67676381499994,21.336185892000064],[-98.67667426199995,21.33613420000006],[-98.67638103099992,21.33495372300008],[-98.67622532299995,21.334673523000053],[-98.67576283099993,21.33446569200004],[-98.67572993799992,21.33415156900003],[-98.67537339999991,21.333358800000045],[-98.67529038499997,21.332716154000025],[-98.67485555399995,21.33240504600008],[-98.67468852299996,21.332142354000037],[-98.67469258499993,21.331636231000058],[-98.67433786199994,21.33124976900007],[-98.67424069199996,21.33112269200006],[-98.67414269199996,21.33078195400003],[-98.67420759999999,21.330357954000082],[-98.67418632299994,21.330283585000075],[-98.67413810799992,21.330239723000034],[-98.67401578499994,21.330276708000046],[-98.67394986199996,21.33028487700005],[-98.67388564599996,21.330263862000038],[-98.67315098499995,21.32971389200003],[-98.67332192299992,21.329506969000025],[-98.67347923099997,21.32909340000003],[-98.67319219999999,21.32887690800004],[-98.67280012299989,21.328704477000027],[-98.67275916899993,21.32847681500004],[-98.67279999999998,21.328492215000036],[-98.67281483099994,21.328124369000026],[-98.67277547699993,21.327915969000067],[-98.67245779999993,21.327328769000083],[-98.67227993799995,21.326945015000035],[-98.67211632299993,21.326726892000064],[-98.67193750799996,21.326478415000057],[-98.67157096899996,21.326090477000037],[-98.67138363099996,21.32594106200003],[-98.67126561499998,21.325848046000033],[-98.6710938149999,21.325800569000027],[-98.67065944599995,21.32576863100007],[-98.67062872299991,21.325701046000063],[-98.6708303229999,21.32556569200005],[-98.67093829199993,21.325383],[-98.67100507699993,21.32524283100002],[-98.67101459999998,21.324955077000034],[-98.67090827699992,21.324858785000067],[-98.67072729199997,21.324719646000062],[-98.67061570799994,21.324754662000036],[-98.67044618499992,21.32487043100003],[-98.67042072299994,21.324720200000055],[-98.66953853799995,21.324942923000034],[-98.66908950799994,21.32424698500006],[-98.66853092299999,21.324611754000045],[-98.66838509199991,21.324601862000065],[-98.66830641499993,21.32454875400003],[-98.66837243099992,21.324075646000043],[-98.66788319999992,21.32407069200008],[-98.66761938499997,21.323915615000036],[-98.66730996899997,21.323572462000072],[-98.66713,21.32347856900003],[-98.66703133799992,21.323308862000033],[-98.66702453799995,21.32282656900003],[-98.66693684599993,21.322765954000033],[-98.66676658499995,21.32286078500005],[-98.66673056899997,21.32288976900003],[-98.66663056899995,21.322606831000023],[-98.66651433799994,21.322570769000038],[-98.66628718499997,21.32256809200004],[-98.66616035399993,21.322613908000047],[-98.66595590799993,21.32280072300006],[-98.66584999999999,21.322870477000038],[-98.66571339999996,21.322888769000034],[-98.66554304599997,21.322961415000073],[-98.66529746199996,21.32295852300007],[-98.66497158499999,21.322789108000052],[-98.66474601499999,21.322668185000055],[-98.66467156899992,21.322572692000048],[-98.66454601499997,21.322523908000043],[-98.66419266199996,21.322519738000036],[-98.66399138499996,21.32247004600003],[-98.66379075399996,21.32237306200005],[-98.66346455399996,21.322227292000033],[-98.66331407699992,21.32215456900008],[-98.66298819999994,21.321985138000063],[-98.66281278499996,21.321888462000068],[-98.66263770799995,21.321768123000034],[-98.6624370769999,21.32167113800006],[-98.66223675399999,21.32155050800003],[-98.66208595399993,21.32150143100006],[-98.66175975399993,21.321355662000034],[-98.66158339999997,21.321329923000064],[-98.66130673799994,21.321255692000026],[-98.66095561499998,21.32108596900003],[-98.66057895399992,21.320939600000028],[-98.66035244599998,21.32088961500006],[-98.66027150799991,21.320868200000067],[-98.65992,21.32064149200005],[-98.65969004599995,21.320335246000067],[-98.65934766199996,21.32005933800008],[-98.65871259999992,21.319201815000046],[-98.65827289199993,21.318619877000057],[-98.65802883099992,21.318221815000076],[-98.65747384599996,21.31806780000005],[-98.65692767699993,21.31808126200008],[-98.65688879999998,21.318055415000067],[-98.65656530799997,21.31797681500007],[-98.65650253799996,21.317981308000075],[-98.65641235399991,21.31795860000006],[-98.65615127699996,21.31776918500003],[-98.65579103099992,21.317440831000052],[-98.65531921499993,21.31728507700007],[-98.65468201499999,21.31717321500003],[-98.65452213799993,21.31710732300008],[-98.65430463099993,21.317017662000076],[-98.65416358500002,21.316752046000033],[-98.65406950799995,21.31659707700004],[-98.65352681499994,21.316463292000037],[-98.65317303099992,21.316307785000053],[-98.6530319079999,21.316086385000066],[-98.65282035399993,21.315687954000055],[-98.65267910799994,21.315510769000074],[-98.65220744599995,21.315288677000073],[-98.6516885079999,21.315088600000028],[-98.65089701499991,21.31508655400006],[-98.649509385,21.314012815000073],[-98.64903312299997,21.313089938000076],[-98.64886570799995,21.31292220000006],[-98.64816795399996,21.312714938000052],[-98.64800747699994,21.31260304600005],[-98.64772687699995,21.312407385000032],[-98.64759532299995,21.312315662000064],[-98.64749483099995,21.312358692000036],[-98.64645955399999,21.312801985000082],[-98.64567626199994,21.31272872300008],[-98.64556986199995,21.31271876900007],[-98.64531416899995,21.312807000000003],[-98.644709446,21.313114077000026],[-98.64436373799998,21.313093800000047],[-98.64430509199995,21.31305884600005],[-98.64378135399988,21.312746615000034],[-98.643683631,21.31268836900006],[-98.64354652299993,21.31264066200003],[-98.64312918499996,21.31275020000004],[-98.64180258499992,21.312727154000076],[-98.64164998499999,21.312737046000052],[-98.64119039999996,21.312874231000027],[-98.64021953799991,21.312875446000085],[-98.63996403099996,21.312908262000068],[-98.63973309199996,21.312956354000054],[-98.63950943099995,21.313028246000044],[-98.63886999999998,21.31315072300004],[-98.63863230799993,21.31318163100008],[-98.63848259999995,21.31320141500004],[-98.63801595399995,21.313150092000058],[-98.63737801499992,21.31297640000003],[-98.63688767699992,21.312879308000053],[-98.63681561499999,21.312887108000044],[-98.63647361499993,21.312924108000065],[-98.63637916899994,21.31293432300004],[-98.63602184599992,21.31308326200008],[-98.63565203099994,21.313237462000078],[-98.63550766199994,21.313242969000044],[-98.63530829199998,21.313250662000033],[-98.63471364599997,21.313273477000056],[-98.63464687699994,21.31327616900007],[-98.63409492299995,21.313298277000055],[-98.63359852299995,21.313354646000054],[-98.63348603099992,21.313339908000046],[-98.63244244599996,21.313203138000066],[-98.63195919999998,21.313104323000065],[-98.63142173799996,21.31295478500005],[-98.63089859999994,21.31267075400007],[-98.63083829199994,21.312646077000064],[-98.63059915399997,21.312540308000052],[-98.63015361499998,21.31234340000003],[-98.62952561499995,21.31200078500007],[-98.62890041499995,21.311621000000002],[-98.62754967699996,21.310783154000035],[-98.62747238499995,21.31096656900008],[-98.62747184599998,21.310928292000032],[-98.62738026199996,21.31069586200005],[-98.62703081499991,21.310586831000023],[-98.62677773799994,21.31059370800006],[-98.62672583099996,21.310525154000064],[-98.62625189199996,21.31052478500004],[-98.62533798499996,21.31022129200005],[-98.62525570799993,21.31019890800008],[-98.62527436899994,21.31003541500008],[-98.62527332299994,21.30994961500005],[-98.62495269199995,21.30984323100006],[-98.62446555399997,21.309728846000038],[-98.62438184599993,21.30965913800003],[-98.6244017079999,21.30948504600008],[-98.62464532299997,21.309079292000032],[-98.6247825999999,21.308715308000046],[-98.62484813799992,21.30856580000005],[-98.62497276899992,21.30832206200006],[-98.62494693799991,21.308164046000062],[-98.62440487699993,21.307937062000068],[-98.62411993799998,21.30781629200004],[-98.62379626199997,21.30767486200006],[-98.62354595399991,21.30756815400003],[-98.6231326769999,21.30804058500007],[-98.62292938499995,21.308247338000054],[-98.62248426199993,21.30812693800004],[-98.62242932299993,21.30799352300005],[-98.62242103099994,21.307667692000056],[-98.62233356899995,21.306974185000062],[-98.62226593799993,21.306923538000028],[-98.62205883099989,21.306931185000057],[-98.62184173799992,21.306964508000082],[-98.62143010799993,21.30711370800003],[-98.62087095399991,21.307369938000026],[-98.62018256899994,21.30714229200003],[-98.61992433799995,21.306785369000067],[-98.62013049199997,21.306499615000064],[-98.61969998499997,21.30591567700003],[-98.61938392299997,21.305830338000074],[-98.61910124599996,21.305814708000074],[-98.61887847699992,21.30543213800007],[-98.61908138499996,21.30526116900007],[-98.6190301079999,21.305026754000036],[-98.61892090799995,21.304962523000036],[-98.61842338499997,21.304865585000076],[-98.61773146199994,21.304906877000064],[-98.61717547699999,21.30513887700004],[-98.61666909199995,21.30513772300003],[-98.61609083099991,21.30495572300004],[-98.61575383099994,21.30472910800006],[-98.61558573799991,21.30445769200003],[-98.61561049199997,21.30420932300007],[-98.61561149199996,21.30382536900004],[-98.61531261499991,21.30347932300003],[-98.61509,21.303156708000078],[-98.61481827699997,21.302852400000067],[-98.61456139999996,21.30263336900003],[-98.61426429199999,21.302281723000082],[-98.61401689199994,21.301917677000066],[-98.61387810799991,21.301568446000037],[-98.61355312299995,21.301189692000037],[-98.61327436899994,21.30094189200003],[-98.61305786199995,21.300636077000032],[-98.61277759999992,21.300042908000023],[-98.61253133799988,21.299812692000042],[-98.61220569199997,21.299688262000075],[-98.61182878499994,21.299569615000053],[-98.61145183099993,21.29946406200003],[-98.61085130799994,21.299371062000034],[-98.60999423099996,21.299212262000026],[-98.60949273799994,21.299270554000028],[-98.60841489199997,21.29963690800002],[-98.60796656899998,21.299901108000036],[-98.60721035399995,21.300566738000043],[-98.60664964599994,21.301259],[-98.60610326199998,21.30182043100007],[-98.60558098499993,21.302001185000048],[-98.60505001499993,21.30202612300008],[-98.60467326199996,21.30184203100003],[-98.6043526,21.301592631000062],[-98.60411633799997,21.30112096900007],[-98.60394119999991,21.300816108000053],[-98.60385138499997,21.300424723000052],[-98.60392256899995,21.29992763100006],[-98.60400744599997,21.29953524600006],[-98.60420412299999,21.299130031000054],[-98.60423284599993,21.29884220000002],[-98.60413609199995,21.298449385000023],[-98.60391263099993,21.297990846000065],[-98.60332072299995,21.297498646000065],[-98.60279641499991,21.297303],[-98.60216881499994,21.29689475400005],[-98.60142596899999,21.296351892000075],[-98.60103615399994,21.295840615000028],[-98.60070272299996,21.29514624600005],[-98.59990956899998,21.293622600000038],[-98.59913146199995,21.292050415000066],[-98.59914787699994,21.291147508000048],[-98.59946118499994,21.289990862000025],[-98.59979793799992,21.28945513800005],[-98.60079975399996,21.288412754000028],[-98.60169861499996,21.287607862000073],[-98.60178769199996,21.28717986200007],[-98.60164858499995,21.28660307700005],[-98.60129849199996,21.28602581500007],[-98.60099809199993,21.285677862000053],[-98.60047076899995,21.285627215000027],[-98.59990849199991,21.28549412300003],[-98.59927564599997,21.285459662000047],[-98.59849703099994,21.285456046000032],[-98.59808126199991,21.285473692000036],[-98.5977983229999,21.28547303100003],[-98.597435062,21.28544989200002],[-98.59698226199998,21.285480631000034],[-98.59672075399999,21.285469523000067],[-98.59641543099997,21.285370338000057],[-98.59620047699995,21.28534104600004],[-98.59596569199994,21.285349999999998],[-98.59571736899993,21.285105554000037],[-98.59548113799994,21.284574877000065],[-98.59545281499996,21.28407070800006],[-98.59548247699993,21.28364378500003],[-98.59535481499994,21.283443338000033],[-98.595241446,21.283229569000067],[-98.59529919999994,21.282949492000053],[-98.59541769199996,21.28270764600006],[-98.59574456899996,21.282120831000036],[-98.59598521499996,21.282110523000025],[-98.59607009199996,21.28232421500007],[-98.59624053799995,21.282498092000022],[-98.59643967699998,21.28260530800003],[-98.59665307699998,21.282699231000027],[-98.59690936899995,21.28273987700003],[-98.59725879999996,21.28281101500005],[-98.59747867699996,21.28271112300007],[-98.59755278499996,21.28251858500004],[-98.59745266199997,21.282309862000027],[-98.59717884599995,21.282066462000042],[-98.59710016899997,21.281820015000047],[-98.59714618499997,21.281663708000053],[-98.59727223099996,21.28152112300006],[-98.59746823099992,21.28151363100005],[-98.597710292,21.281540892000063],[-98.59822546199999,21.281444338000025],[-98.59848264599995,21.28115140000006],[-98.59875956899998,21.280865538000057],[-98.59849847699994,21.28056433800003],[-98.59832795399993,21.280417154000077],[-98.59817187699994,21.280189954000033],[-98.59815807699991,21.280029785000064],[-98.59838795399995,21.279880385000073],[-98.59853096899995,21.279667231000072],[-98.59872636899995,21.279576277000043],[-98.59893567699997,21.279529969000066],[-98.59927196899997,21.279548908000034],[-98.59951364600002,21.279722938000074],[-98.599541662,21.279896477000026],[-98.59979790799996,21.27995046200005],[-98.60013987699992,21.27991123100003],[-98.60026392299994,21.27989018500006],[-98.60038559999997,21.279848523000055],[-98.6005584769999,21.279785738000044],[-98.60072059999999,21.279707231000028],[-98.60086996899997,21.27965589200005],[-98.60134056899993,21.27955173800007],[-98.60186766199996,21.279526308000072],[-98.60218103099996,21.27952704600005],[-98.60242330799996,21.279474246000063],[-98.60258027699992,21.279367862000075],[-98.60262490799994,21.279072585000048],[-98.60281129199994,21.278619354000053],[-98.60292667699994,21.278085892000036],[-98.60302890799993,21.277830338000058],[-98.60312939999994,21.277537015000064],[-98.60332949199993,21.277283969000056],[-98.60344426199998,21.276977354000056],[-98.60361506199996,21.27664846200003],[-98.60381215399994,21.276591400000033],[-98.60393956899996,21.27644935400007],[-98.60395239999995,21.276171385000055],[-98.60378898499991,21.275934892000066],[-98.60359021499993,21.275694246000054],[-98.60325103099994,21.27563003100004],[-98.60301552299994,21.275569815000036],[-98.60260239999994,21.275516662000026],[-98.60222218499995,21.275516231000033],[-98.60135815399994,21.27555301500007],[-98.60111229199998,21.27528529200003],[-98.60107664599995,21.27501755400004],[-98.60109909199997,21.27480613800003],[-98.60118304599995,21.274527015000047],[-98.60122136899997,21.274323738000078],[-98.60239358499996,21.27428123100003],[-98.60273879999988,21.274115954000028],[-98.60296041499997,21.273897323000032],[-98.60303386199995,21.273757662000037],[-98.60313750799995,21.27325516900004],[-98.60319176899996,21.27283250800007],[-98.60298081499992,21.272045999999996],[-98.603163092,21.271896677000033],[-98.60376267699993,21.27237556900008],[-98.60404049199995,21.272449308000027],[-98.60418238499993,21.27234235400004],[-98.60407393799993,21.27207936900004],[-98.60417041499991,21.27181460000003],[-98.60401396899992,21.27165681500003],[-98.60375478499998,21.271308923000053],[-98.60354959999995,21.271124723000074],[-98.60331823099992,21.270893985000043],[-98.60316272299994,21.270685246000028],[-98.60305850799992,21.27052255400002],[-98.60305363099995,21.270310754000036],[-98.60317575399993,21.27018607700006],[-98.60325526199996,21.27010336900003],[-98.60319124599994,21.26974293800003],[-98.60324853799992,21.26961149200002],[-98.60341067699993,21.269455985000036],[-98.60363607699995,21.269427877000048],[-98.60371139999994,21.26942635400007],[-98.60418249199995,21.269482277000062],[-98.604463492,21.269405923000026],[-98.60462812299993,21.269201692000024],[-98.60483189199991,21.26900343100004],[-98.60497981499996,21.268882723000047],[-98.60499569199997,21.268482169000034],[-98.60489147699994,21.268319477000027],[-98.60484018499993,21.268273431000065],[-98.60458207699995,21.267972600000064],[-98.60445330799993,21.267833954000025],[-98.60407076899996,21.267582723000032],[-98.60371604599996,21.267448646000044],[-98.60348686199994,21.26731203100007],[-98.60328330799996,21.267198431000054],[-98.60302473799999,21.266978154000075],[-98.60292576899995,21.26688220000005],[-98.60286543099993,21.266824154000066],[-98.60261749199995,21.26646033800006],[-98.60227398499995,21.26588649200005],[-98.6023571539999,21.26581533800004],[-98.60237939999993,21.265706185000052],[-98.60241155399993,21.26551687700003],[-98.60245810799992,21.26528613800008],[-98.60252073799992,21.265002138000053],[-98.6024685849999,21.26471304600005],[-98.60231827699991,21.264557600000046],[-98.60216386199994,21.264395923000055],[-98.60201107699996,21.264304846000073],[-98.60179961499995,21.264096046000073],[-98.60203193799995,21.263966785000036],[-98.60154452299996,21.26365493800006],[-98.60157424599998,21.263535492000074],[-98.60176167699993,21.26320538500004],[-98.60197209199997,21.262881923000066],[-98.60222866199997,21.262694169000042],[-98.60239843099995,21.262542615000026],[-98.60244855399993,21.262349600000043],[-98.60217259999999,21.262226999999996],[-98.60179856899997,21.26210221500002],[-98.60079293799996,21.261789723000046],[-98.60014290799994,21.261443892000038],[-98.59997129199995,21.261201908000032],[-98.60002153799994,21.261053662000055],[-98.60017343099996,21.26091684600004],[-98.60065789199996,21.260386600000057],[-98.60074089199995,21.26032260000005],[-98.60093921499997,21.260053662000075],[-98.60114850799991,21.25986540000003],[-98.60127238499996,21.259720092000066],[-98.60140756899992,21.25964192300006],[-98.60170609199996,21.259539415000063],[-98.60206561499996,21.259459969000034],[-98.6025723229999,21.259129292000065],[-98.60309863099994,21.258868877000054],[-98.60346407699994,21.258728277000042],[-98.60396392299998,21.258536646000035],[-98.60422550799996,21.25879020000007],[-98.60441249199991,21.258931508000046],[-98.60476210799997,21.258737723000024],[-98.60491867699993,21.258628569000052],[-98.60536258499994,21.25824315400007],[-98.60549886199995,21.258121138000032],[-98.60555483099994,21.25796276900008],[-98.60558261499992,21.25795767700004],[-98.60595893799994,21.257643415000075],[-98.6059947379999,21.25767383100003],[-98.60619404599998,21.257689800000033],[-98.6063054,21.257616062000064],[-98.60641415399999,21.25735530800006],[-98.60682858499995,21.25697596900006],[-98.60712069199997,21.25675467700006],[-98.60733538499993,21.25663889200007],[-98.60750858499995,21.25659320000005],[-98.60767479999998,21.256547738000044],[-98.60814747699997,21.255094431000032],[-98.60854769199993,21.253863846000055],[-98.60889083099991,21.252808754000057],[-98.60892490799995,21.252703999999998],[-98.60847943099994,21.25258961500003],[-98.60880244599996,21.251673262000054],[-98.60868675399993,21.251646585000056],[-98.60856307699997,21.25164953800003],[-98.60864293799992,21.251066215000037],[-98.60863016899994,21.250427323000054],[-98.6082,21.250271277000024],[-98.60816923099996,21.25020027700003],[-98.60790072299993,21.25012046200004],[-98.60794,21.24973661500007],[-98.60781835399993,21.249458999999998],[-98.60774547699997,21.249418985000027],[-98.60755433799991,21.249396723000075],[-98.60749641499994,21.249373554000037],[-98.60748115399994,21.249318062000043],[-98.60716892299995,21.24917729200007],[-98.60714,21.249121415000047],[-98.60693530799992,21.248856185000026],[-98.60685352299997,21.248775677000026],[-98.60661010799996,21.248961138000027],[-98.60627673799993,21.24928663100007],[-98.60616178499997,21.249044846000057],[-98.60605835399994,21.249109431000022],[-98.60592844599995,21.249235231000053],[-98.60553989199994,21.24928804600006],[-98.60551349199994,21.24892113800007],[-98.60550873799994,21.248898108000045],[-98.60514856899991,21.248913369000036],[-98.60513673799991,21.248749815000046],[-98.60485427699996,21.24877192300005],[-98.60486613799995,21.249235999999996],[-98.604428,21.24930687700003],[-98.60434121499995,21.24936236900004],[-98.60420229199997,21.24945823100006],[-98.60410359999997,21.249382862000058],[-98.60396492299995,21.249273431000063],[-98.60394213799995,21.249197092000028],[-98.60358759999995,21.24901318500002],[-98.60344056899997,21.24915027700007],[-98.60328552299994,21.249061554000036],[-98.60301,21.24897486200007],[-98.60289672299992,21.248945046000074],[-98.60258339999993,21.248601354000073],[-98.60255989199999,21.248514738000036],[-98.60244247699993,21.24848346200002],[-98.60213844599996,21.248317462000042],[-98.60180639999997,21.24826175400005],[-98.60159516899995,21.248246785000045],[-98.601262938,21.248339846000075],[-98.60114796899994,21.24831546200005],[-98.60082816899994,21.24812953800005],[-98.60066729199995,21.24807],[-98.60046892299991,21.248024908000044],[-98.60030586199996,21.248021985000033],[-98.60012138499995,21.247790231000064],[-98.59969486199999,21.24797789200005],[-98.59944870799994,21.24773106200007],[-98.59959712299994,21.247447369000042],[-98.59986641499995,21.247058277000065],[-98.59980910799996,21.247023200000054],[-98.60012510799997,21.246418292000037],[-98.60044486199995,21.245776692000046],[-98.60076563099993,21.24568575400008],[-98.60120473799995,21.24555433800003],[-98.60153806199996,21.24546370800004],[-98.60167523099993,21.245341246000063],[-98.60164110799994,21.245199292000045],[-98.60141176899998,21.244926169000056],[-98.6010961379999,21.244533923000063],[-98.60113196899992,21.24424106200007],[-98.60130913799995,21.243978000000002],[-98.60163516899995,21.24343336900006],[-98.60208544599998,21.243110723000033],[-98.6023351539999,21.242876477000035],[-98.60230063099999,21.242602769000026],[-98.60208898499994,21.24214940000007],[-98.60188989199996,21.241688585000077],[-98.60207156899995,21.241375877000053],[-98.60203627699994,21.241135292000024],[-98.60185883099994,21.240636262000063],[-98.60195170799992,21.240341308000037],[-98.60215350799996,21.240159046000027],[-98.60223178499996,21.240072015000067],[-98.60211976899996,21.239571908000077],[-98.60166639999994,21.23812176900003],[-98.60162947699995,21.23783612300003],[-98.60167090799995,21.237728185000037],[-98.60197113799993,21.237100246000068],[-98.60168058499994,21.23600209200003],[-98.60162372299997,21.23568961500007],[-98.60128715399995,21.234637569000025],[-98.60127263099996,21.23320886200003],[-98.60105355399996,21.232763369000054],[-98.60121527699992,21.232610169000054],[-98.60127407699996,21.232441969000032],[-98.60134092299994,21.232076800000073],[-98.60142681499995,21.232035569000058],[-98.601561985,21.23184840000005],[-98.60215870799996,21.23137881500003],[-98.60232235399992,21.231174754000055],[-98.60231796899994,21.231145185000063],[-98.60215219999996,21.230946492000044],[-98.60230641499994,21.23026243100003],[-98.60231733799995,21.22995420000007],[-98.60225381499997,21.228915508000057],[-98.60316966199997,21.226979292000067],[-98.6033705999999,21.22652943100007],[-98.6035474769999,21.226165538000032],[-98.60389998499991,21.22533736900004],[-98.60407993799997,21.224165062000058],[-98.60399683099993,21.223037231000028],[-98.60416393799994,21.222695985000026],[-98.60444523099993,21.221211185000076],[-98.604667292,21.22089192300007],[-98.60468066199996,21.22030472300003],[-98.60441930799998,21.219888692000044],[-98.60379886199993,21.219124708000038],[-98.60359212299991,21.218376338000038],[-98.60477524599996,21.21781636900005],[-98.60480423099993,21.217702862000067],[-98.60654473799995,21.21632369200006],[-98.60522610799994,21.21521335400007],[-98.60729078499998,21.209644554000022],[-98.60800153799991,21.20772738500005],[-98.60822721499993,21.20711866200003],[-98.60842632299992,21.206037354000046],[-98.60791066199995,21.205291662000036],[-98.6079721999999,21.205145569000024],[-98.60808107699992,21.204873477000035],[-98.60832610799994,21.204717277000036],[-98.60756952299994,21.203767292000066],[-98.60756975399991,21.203734154000074],[-98.60767241499995,21.203428431000077],[-98.60777558499994,21.203052],[-98.60797859999994,21.202770446000038],[-98.60810556899996,21.202582708000023],[-98.60828329199995,21.202324569000037],[-98.60841024599995,21.20213681500007],[-98.60856235399993,21.20194921500007],[-98.60861441499996,21.20169030800002],[-98.60874204599993,21.201408292000053],[-98.60918358499998,21.201052985000047],[-98.60912064599997,21.20099896900007],[-98.61028410799996,21.200675354000055],[-98.61047746199995,21.20061992300003],[-98.610630631,21.200562031000057],[-98.61076844599995,21.20046627700003],[-98.61081201499994,21.20030315400004],[-98.61082363099996,21.200233062000052],[-98.610933662,21.199788538000064],[-98.61096959999998,21.199692708000043],[-98.61122070799996,21.199316246000024],[-98.61133336899995,21.199147323000034],[-98.61152263099996,21.198916200000042],[-98.61162921499994,21.198802323000056],[-98.61193476899997,21.19853601500006],[-98.61204681499996,21.198445877000037],[-98.61242615399999,21.19815980000004],[-98.61254756899996,21.198074477000034],[-98.61266870799993,21.19798935400008],[-98.61285846199995,21.197823231000033],[-98.61314152299994,21.19757543100008],[-98.61329676899999,21.197467523000057],[-98.61337138499991,21.197428892000058],[-98.61363295399995,21.19729350800003],[-98.61416713799996,21.19697526200003],[-98.61501612299995,21.19646947700005],[-98.61536349199997,21.196274862000056],[-98.61565926199994,21.196087385000055],[-98.61599046199996,21.195801985000063],[-98.6167069379999,21.195255508000063],[-98.61797655399992,21.19428487700003],[-98.6180119539999,21.19427366200006],[-98.62023089199992,21.193413477000032],[-98.62252393799996,21.192561908000076],[-98.62250003099994,21.192270631000042],[-98.62348312299994,21.19197756900008],[-98.62413758499996,21.19181658500003],[-98.62456490799997,21.191795615000046],[-98.62509307699993,21.19172812300008],[-98.62557244599996,21.191448215000037],[-98.62653183099992,21.190794169000075],[-98.62768392299992,21.19021],[-98.62781784599996,21.190142092000027],[-98.62880072299994,21.18972383100003],[-98.62912979999999,21.189372323000043],[-98.62958370799997,21.18913940000004],[-98.63149884599993,21.188349677000073],[-98.6324813689999,21.18797853800004],[-98.63254732299995,21.18796267700003],[-98.63295958499998,21.187863585000063],[-98.63376670799992,21.187420662000022],[-98.63411992299996,21.187210692000065],[-98.63475050799995,21.18686098500007],[-98.63570853799992,21.186395400000038],[-98.63643993799994,21.185999154000058],[-98.63722110799995,21.18567390800007],[-98.63825498499993,21.185138062000078],[-98.63861463099994,21.184961431000037],[-98.63842404599995,21.18475169200008],[-98.63824179999993,21.18452012300003],[-98.63822019999998,21.184437785000053],[-98.63814881499992,21.18416573800005],[-98.638426585,21.183709385000036],[-98.63894429199995,21.183368400000067],[-98.63915169199998,21.183229862000076],[-98.63948946199997,21.18319323100007],[-98.63959804599993,21.183140215000034],[-98.64059064599996,21.185011446000033],[-98.64054333799997,21.18540332300006],[-98.63907709199997,21.187526862000027],[-98.63852647699996,21.188543431000024],[-98.63722632299991,21.190658738000028],[-98.63608249199994,21.192362923000076],[-98.63437663099994,21.195202754000032],[-98.63339669199995,21.19668486200004],[-98.63265106199998,21.197949415000043],[-98.63446621499996,21.19917369200004],[-98.62122846199998,21.217932877000067],[-98.63288164599997,21.21892404600004],[-98.63812078499994,21.219351338000024],[-98.63825873799996,21.219347077000066],[-98.63903286199994,21.219400292000046],[-98.64052427699994,21.219502785000028],[-98.64090364599997,21.219485846000055],[-98.64230795399997,21.219672385000024],[-98.64245918499995,21.219741138000074],[-98.64317406199996,21.220651585000038],[-98.64380295399994,21.22149050800004],[-98.64411283099996,21.221801200000076],[-98.64423987699995,21.222247785000032],[-98.64448761499993,21.222526354000017],[-98.64451596899995,21.222633077000058],[-98.64468803099997,21.222837677000026],[-98.64508267699993,21.223306969000078],[-98.64566390799995,21.22395652300003],[-98.64574104599994,21.224170077000053],[-98.64601001499992,21.22450053800003],[-98.64617410799995,21.224817569000034],[-98.64645355399993,21.225117062000034],[-98.64909693799993,21.22644635400007],[-98.65083976899993,21.227242538000034],[-98.65180836899997,21.227731738000042],[-98.65256958499995,21.22804167700007],[-98.65340069199999,21.22844227700005],[-98.65378118499993,21.22859476900004],[-98.65395786199996,21.228714108000077],[-98.65471427699997,21.229007215000024],[-98.65663289199993,21.229319923000045],[-98.65724367699994,21.229106415000047],[-98.65745569199998,21.228948462000066],[-98.66798015399993,21.227026554000076],[-98.66813216899997,21.22703204600003],[-98.66801123099997,21.231280462000033],[-98.66829715399994,21.231390662000027],[-98.66877419999994,21.233267815000033],[-98.66860707699996,21.233316492000032],[-98.66944770799991,21.240975723000084],[-98.67034453799991,21.241432631000063],[-98.67184812299992,21.241589938000057],[-98.67276147699991,21.241969108000035],[-98.67386218499993,21.242714923000047],[-98.67387541499988,21.243796969000073],[-98.67510638499999,21.244610523000063],[-98.67659181499991,21.245584523000044],[-98.67684124599997,21.246231877000067],[-98.67807192299992,21.24754595400003],[-98.67765396899996,21.247701754000044],[-98.67782283099994,21.24865669200005],[-98.67755967699995,21.249249738000056],[-98.67730846199997,21.24966926200005],[-98.67748207699995,21.250095323000043],[-98.67741801499992,21.251327877000044],[-98.67800893799992,21.251781246000064],[-98.67832961499992,21.252695154000037],[-98.67829218499995,21.253290969000034],[-98.67845543099995,21.254110523000065],[-98.67846210799992,21.254691769000036],[-98.67839310799992,21.25497898500004],[-98.67846004599993,21.25512123100003],[-98.67836256899992,21.25611475400007],[-98.67822804599996,21.256318400000055],[-98.67842007699991,21.25673687700003],[-98.67775450799994,21.257630385000027],[-98.67693949199996,21.258636600000038],[-98.67685266199996,21.25951776900007],[-98.67694792299991,21.25968793800007],[-98.67737670799991,21.259995523000043],[-98.67767353799994,21.261245123000037],[-98.67712050799996,21.26217586200005],[-98.67682179999996,21.26240140000004],[-98.67675795399995,21.262442231000012],[-98.67497999999999,21.26358063100002],[-98.67282844599997,21.263990523000075],[-98.67219815399989,21.264232615000026],[-98.6719944,21.264454108000056],[-98.67164135399995,21.264528692000056],[-98.67124326199996,21.264902954000036],[-98.67102807699993,21.265958908000076],[-98.67056129199993,21.266186369000025],[-98.67023778499997,21.26641135400007],[-98.67381466199998,21.268686800000065],[-98.68068986199992,21.273107200000027],[-98.68637303099993,21.268803154000068],[-98.68727863099996,21.27405547700005],[-98.68887513799993,21.27383341500007],[-98.69209616899994,21.273374615000026],[-98.69309629199992,21.279501877000026],[-98.69321890799995,21.280245754000077],[-98.69407261499997,21.280373354000062],[-98.69399138499993,21.28145833800005],[-98.69395767699993,21.281717108000066],[-98.69385083099993,21.281827708000037],[-98.69350335399996,21.28193236900006],[-98.69418201499994,21.286088185000036],[-98.69544961499996,21.28590938500002],[-98.69557275399993,21.286141200000024],[-98.69543198499996,21.28630550800005],[-98.6953961999999,21.286431877000034],[-98.69531655399996,21.28678766200005],[-98.69504090799994,21.28677343100003],[-98.69402067699997,21.28708221500005],[-98.69393947699996,21.287053462000078],[-98.69408901499996,21.287406785000027],[-98.69399259999993,21.287628999999995],[-98.69356744599997,21.28759524600002],[-98.69340372299993,21.28757332300006],[-98.69312786199998,21.287533908000054],[-98.69288389199993,21.287479538000067],[-98.69291126199994,21.287340015000037],[-98.69280067699997,21.287239923000072],[-98.6927410769999,21.287191185000037],[-98.69266343099997,21.28712558500007],[-98.69203606199993,21.28793929200003],[-98.69197687699992,21.287894877000042],[-98.69182635399991,21.287517523000076],[-98.6917086,21.28738887700007],[-98.69145559999998,21.28786832300006],[-98.69130203099994,21.288154231000075],[-98.69083016899997,21.28850936900005],[-98.69069759999995,21.288611369000023],[-98.69032487699994,21.288360846000042],[-98.68981898499999,21.28829069200003],[-98.68981581499995,21.288272938000024],[-98.68714096899998,21.287520462000032],[-98.68750103099994,21.286693123000077],[-98.6876886,21.285806831000055],[-98.68752576899999,21.28553866200008],[-98.68730866199995,21.285013662000036],[-98.68698438499993,21.284088],[-98.68692689199996,21.283842323000037],[-98.68674999999999,21.283206908000064],[-98.68657015399995,21.28234230800006],[-98.6864655539999,21.28236338500005],[-98.68644558499993,21.282365892000026],[-98.68594241499991,21.28242601500005],[-98.68505083099991,21.282612523000058],[-98.68492964599994,21.28242480000005],[-98.68397390799997,21.282578969000042],[-98.68323161499994,21.28278901500004],[-98.68366450799991,21.283701277000024],[-98.68380926199995,21.28401086200006],[-98.68343106199994,21.28686344600004],[-98.68339698499992,21.286890138000047],[-98.68319436899995,21.28671138500004],[-98.68269730799992,21.28627815400006],[-98.68250627699994,21.28614932300007],[-98.68043264599997,21.286117169000025],[-98.68030247699991,21.286088215000063],[-98.68016609199998,21.286120231000034],[-98.67951772299992,21.28675047700005],[-98.67969103099993,21.28698409200007],[-98.67994581499988,21.287324831000028],[-98.68020992299995,21.287747692000035],[-98.68021606199994,21.28833792300002],[-98.68023912299996,21.288910569000052],[-98.68017543099994,21.289492923000065],[-98.68013276899994,21.289918954000033],[-98.68048049199993,21.29011029200006],[-98.68155279999995,21.290578708000055],[-98.68168139999993,21.29057709200003],[-98.68135061499997,21.290776923000067],[-98.68114752299991,21.29096616900006],[-98.68062641499995,21.291535323000065],[-98.68043815399989,21.291679738000024],[-98.68050384599995,21.291731769000027],[-98.68031483099995,21.292609738000063],[-98.68054850799994,21.29260380000004],[-98.68042298499995,21.292856215000032],[-98.68025278499992,21.293015354000033],[-98.67966287699988,21.293336431000053],[-98.67996483099994,21.294125169000043],[-98.68029509199994,21.29493633800007],[-98.68032276899996,21.295055938000075],[-98.68025764599997,21.29571189200004],[-98.67984587699993,21.29562343100002],[-98.67966924599995,21.29541989200003],[-98.6794472619999,21.295433538000047],[-98.67918713799992,21.29562970800003],[-98.67872483099991,21.296272785000042],[-98.67840124599994,21.296487031000026],[-98.67753341499996,21.29681624600005],[-98.67680581499992,21.297231800000077],[-98.67631052299996,21.297561677000033],[-98.67639590799993,21.29796552300008],[-98.67573444599996,21.297793969000054],[-98.67554721499991,21.297884200000055],[-98.67527729199993,21.298285862000057],[-98.67476267699996,21.298677738000034],[-98.67479419999994,21.299002077000065],[-98.67486004599999,21.299584985000024],[-98.6744775229999,21.29935758500005],[-98.67410941499995,21.299771323000076],[-98.67380215399994,21.30020116900005],[-98.67322483099996,21.300651231000074],[-98.67313584599997,21.300996677000057],[-98.67324123099993,21.30133681500007],[-98.67314487699993,21.301709369000037],[-98.67279435399992,21.302386200000054],[-98.67255189199992,21.30238561500005],[-98.67184619999993,21.302666338000044],[-98.67192987699995,21.30331883100007],[-98.67219973799993,21.303872538000064],[-98.67276150799992,21.303986462000076],[-98.67310850799996,21.30442515400006],[-98.67319263099994,21.304681015000032],[-98.67340715399992,21.30493732300005],[-98.67404636899992,21.30510666200007],[-98.67444653799996,21.305536738000054],[-98.67429869199998,21.305829662000065],[-98.67472524599998,21.306147477000025],[-98.67487415399992,21.30727667700006],[-98.67572310799991,21.308170415000067],[-98.67640263099995,21.309065815000057],[-98.67695304599992,21.310080754000076],[-98.67755672299994,21.311241415000044],[-98.67788759999993,21.31194192300007],[-98.6785488309999,21.312209523000032],[-98.67875950799996,21.312573123000053],[-98.67882979999999,21.313061308000044],[-98.67892293799994,21.313242877000047],[-98.6789928309999,21.313770769000033],[-98.67911436899998,21.31391878500006],[-98.67956264599995,21.314171154000068],[-98.68010279999997,21.314673277000054],[-98.68054869199993,21.31513343100005],[-98.68056172299995,21.315274000000002],[-98.68054769199995,21.315515446000067],[-98.68062938499997,21.315638092000025],[-98.68078815399993,21.315625185000044],[-98.68090870799992,21.315497385000075],[-98.68101996899996,21.315101108000086],[-98.681171985,21.315010938000054],[-98.68223112299992,21.315104708000035],[-98.68342544599993,21.315476123000057],[-98.68425436899997,21.317003969000044],[-98.68894613799992,21.327154877000055],[-98.68989855399992,21.32609932300005],[-98.69070913799995,21.32585240000003],[-98.69189544599999,21.325810169000086],[-98.69279966199997,21.325647615000033],[-98.69354095399994,21.325444708000077],[-98.69392310799998,21.325375585000074],[-98.69513087699991,21.32502824600004],[-98.69529896899995,21.32492526200003],[-98.69567323099993,21.324601108000024],[-98.69626233799993,21.324373138000055],[-98.69675179999996,21.324270738000056],[-98.69745312299992,21.32425641500004],[-98.69787895399995,21.32435618500006],[-98.69816515399997,21.324269108000067],[-98.69848133799992,21.323840585000028],[-98.69876723099995,21.32321618500003],[-98.69890387699994,21.322977938000065],[-98.6993349539999,21.322540015000072],[-98.69938561499997,21.32206469200003],[-98.69932130799994,21.321618277000027],[-98.699264262,21.321446923000053],[-98.69787229199991,21.320534077000044],[-98.697573692,21.319046185000047],[-98.69731793799996,21.318348477000033],[-98.69673478499998,21.317717585000025],[-98.69599219999996,21.31664083100003],[-98.69547541499995,21.31576835400006],[-98.70069770799995,21.313302923000037],[-98.70272881499992,21.312222846000047],[-98.70296979999996,21.312261938000066],[-98.70318423099995,21.312196415000077],[-98.70340344599997,21.31227364600005],[-98.70382086199999,21.312141277000023],[-98.70421753799995,21.311785031000056],[-98.70454878499997,21.311219231000052],[-98.70477081499993,21.311011154000035],[-98.70511087699994,21.31097592300006],[-98.70530270799995,21.310848954000054],[-98.70557018499993,21.31049904600007],[-98.70570856899994,21.31016867700004],[-98.70593,21.310090754000047],[-98.70646803099997,21.31003901500003],[-98.70769066199998,21.31068829200007],[-98.70803215399992,21.311160523000076],[-98.70846046199996,21.311471431000037],[-98.70914396899997,21.311312246000053],[-98.70940038499995,21.311175600000073],[-98.70984481499993,21.310766123000068],[-98.71049983099991,21.310743031000072],[-98.71061764599996,21.31057732300008],[-98.71092392299995,21.310409462000056],[-98.71127186199999,21.310355969000064],[-98.71142007699996,21.310187446000047],[-98.71153446199999,21.309949031000027],[-98.71166356899997,21.309805969000028],[-98.71185879999997,21.30968864600004],[-98.71194000000001,21.309566738000058],[-98.71204759999995,21.309437169000034],[-98.71218763099995,21.309353831000067],[-98.71229178500002,21.309400738000026],[-98.71261955399994,21.309143385000027],[-98.712683246,21.309140169000045],[-98.71280058499997,21.309308677000047],[-98.71297243099995,21.309352662000038],[-98.71309967699995,21.309308754000032],[-98.7133051229999,21.309388708000036],[-98.71346886199996,21.309372708000073],[-98.71385690799997,21.309461969000044],[-98.71393856899991,21.30941267700006],[-98.71395015399995,21.309312662000025],[-98.71380209199998,21.309134954000058],[-98.713815631,21.30905780000006],[-98.714005892,21.309104],[-98.71416798499997,21.30919776900004],[-98.71453667699994,21.309260446000057],[-98.71452784599997,21.30897703100004],[-98.71481716899996,21.309172015000055],[-98.71496701499996,21.309219215000038],[-98.71503909199998,21.309190831000024],[-98.71523944599996,21.308662462000033],[-98.71537639999995,21.30852280000004],[-98.71550472299998,21.308115015000055],[-98.71542124599996,21.30798453800003],[-98.71548478499994,21.307708815000073],[-98.71572007699996,21.307688508000073],[-98.715818631,21.307346985000034],[-98.71598218499996,21.307441985000025],[-98.71639681499992,21.30738672300004],[-98.71646284599994,21.307246892000023],[-98.71677707699992,21.30724110800003],[-98.71696806199999,21.30745426200008],[-98.71709555399997,21.30734413800008],[-98.717062292,21.307096200000046],[-98.71785909199997,21.307117354000074],[-98.71789183099996,21.307111692000035],[-98.71794735399999,21.30715175400008],[-98.71824438499998,21.307323446000055],[-98.71866992299994,21.307398754000083],[-98.71886450799995,21.30737349200007],[-98.71910664599996,21.30727810800005],[-98.719459569,21.307137662000063],[-98.71962267699996,21.30703915400005],[-98.71978864599997,21.306976369000044],[-98.71991690799997,21.30692456900005],[-98.72009178499995,21.306816385000047],[-98.72023332299993,21.306689846000037],[-98.72037987699994,21.30660978500003],[-98.72040378499997,21.306634538000026],[-98.72045501499996,21.306670708000073],[-98.72077850799992,21.30729326200003],[-98.72086044599996,21.307271154000038],[-98.72098559999995,21.307143308000036],[-98.72115119999995,21.307103446000045],[-98.72138550799994,21.307096446000063],[-98.72152616899997,21.307056862000024],[-98.72166250799995,21.306873231000054],[-98.72187850799995,21.306537385000066],[-98.72196201499996,21.306539169000075],[-98.722153,21.30659844600007],[-98.72234538499997,21.30666864600005],[-98.72241584599998,21.306686015000025],[-98.72273983099993,21.30674440000007],[-98.72292792299997,21.30676112300006],[-98.72319169199994,21.306833338000047],[-98.72323450799995,21.306842308000057],[-98.72345552299997,21.306848646000052],[-98.72355921499995,21.30686616900005],[-98.72367767699993,21.306894877000044],[-98.72371813799995,21.30689503100007],[-98.72392541499994,21.306857046000065],[-98.72401698500002,21.30681598500007],[-98.72408683099994,21.306792185000063],[-98.72412792299997,21.306643723000036],[-98.72414918499999,21.30657078500008],[-98.72417759999995,21.306490492000027],[-98.72422036899997,21.306441492000033],[-98.7243,21.306328323000063],[-98.72438052299997,21.306247923000058],[-98.72450687699994,21.306074954000056],[-98.72456952299996,21.306038154000078],[-98.72477092299991,21.30607401500004],[-98.72511275399994,21.306097215000026],[-98.72554356899995,21.306162231000027],[-98.72646584599994,21.305847308000068],[-98.72807609199997,21.30693076900008],[-98.73007112299995,21.30811690800004],[-98.73214626199997,21.30883572300008],[-98.73379796899995,21.309141692000026],[-98.73446964599998,21.309401185000073],[-98.73483804599992,21.309951338000083],[-98.73576349199999,21.311787492000068],[-98.73585366199995,21.312033692000057],[-98.73584376899998,21.312216231000033],[-98.73575832299994,21.31274132300007],[-98.73499576899997,21.312603077000063],[-98.73494000000001,21.312437354000053],[-98.73472552299995,21.312246200000057],[-98.73428955399999,21.312112015000025],[-98.73382166199998,21.31171816900008],[-98.73346084599996,21.311759215000055],[-98.73318084599998,21.311595246000024],[-98.73270513799994,21.311907446000085],[-98.73234915399993,21.311827185000034],[-98.73231784599993,21.311689708000078],[-98.73145944599999,21.311391923000034],[-98.73156552299997,21.31106390800005],[-98.72976895399994,21.309924477000038],[-98.72962007699992,21.309854862000073],[-98.72941816899997,21.30980613800006],[-98.7281668,21.30961758500007],[-98.72771726199993,21.310062923000036],[-98.72856193799997,21.310782200000062],[-98.72899930799996,21.311266338000053],[-98.72948984599995,21.311465615000035],[-98.72948629199998,21.311674246000056],[-98.72965984599995,21.31199996900006],[-98.73009424599996,21.31281329200004],[-98.73069790799997,21.314324046000024],[-98.73097144599996,21.31491776900004],[-98.73243784599995,21.315300185000073],[-98.73352589199997,21.31553741500005],[-98.73499203099998,21.315998000000004],[-98.73629458499995,21.316441492000028],[-98.73675255399993,21.316751923000034],[-98.73700263099994,21.31684580000007],[-98.73840206199996,21.31662606200007],[-98.73862341499996,21.317518108000062],[-98.73896944599994,21.317970277000036],[-98.73925475399994,21.318537185000025],[-98.73967889199996,21.320133892000054],[-98.74017664599997,21.321952923000033],[-98.74114176899997,21.325611508000062],[-98.74160179999997,21.327287108000068],[-98.74172064599999,21.327741785000057],[-98.74248119999997,21.33049898500008],[-98.74275926199994,21.331515154000044],[-98.74336452299997,21.33375783100007],[-98.74128847699996,21.333940923000057],[-98.74059895399995,21.334070923000077],[-98.73942729199997,21.33402538500008],[-98.73867089199996,21.334100385000056],[-98.73697953799994,21.334550369000063],[-98.73579978499998,21.334727908000048],[-98.73658181499994,21.33530035400003],[-98.73622590799992,21.337214692000035],[-98.73623167699998,21.33771820000004],[-98.73628032299995,21.33800963100003],[-98.73634432299995,21.338179046000047],[-98.73640064599994,21.338266],[-98.736683246,21.33921476900003],[-98.73726244600002,21.340497892000027],[-98.73789170799995,21.341623692000034],[-98.73799310799996,21.341891754000077],[-98.73828021499996,21.343138769000063],[-98.73880238499997,21.34512090800007],[-98.73880561499998,21.34562610800003],[-98.73825564599998,21.347345954000048],[-98.73812092299994,21.348477908000064],[-98.73713673799993,21.348264262000043],[-98.73665215399994,21.34809523100006],[-98.73599135399994,21.347493815000064],[-98.73550404599996,21.34714535400008],[-98.734540569,21.346839462000048],[-98.73432333799995,21.34672112300007],[-98.73401539999996,21.345415323000054],[-98.73356743099998,21.344592277000057],[-98.73318607699996,21.343434862000034],[-98.73310932299995,21.34334955400004],[-98.73195735399996,21.342880985000026],[-98.73057146199994,21.342883215000032],[-98.72982255399992,21.342882600000053],[-98.72967043099999,21.34292913800004],[-98.72912023099997,21.342965600000074],[-98.72864467699995,21.342746999999996],[-98.72805821499995,21.34285686200008],[-98.72746118499998,21.343006323000054],[-98.72720509199996,21.34312996900007],[-98.72646983099996,21.34314540000003],[-98.72585538499999,21.343069338000074],[-98.72549395399993,21.343114769000067],[-98.72480866199999,21.343348138000067],[-98.72399467699995,21.343458723000033],[-98.72336961499995,21.343666908000046],[-98.72279703099994,21.343669523000074],[-98.72231361499995,21.343809462000028],[-98.72139790799996,21.343763846000055],[-98.72054633799993,21.343608954000047],[-98.71993221499996,21.343507308000028],[-98.71914978499997,21.343550923000066],[-98.71863698499997,21.343946785000067],[-98.71852475399999,21.344016262000025],[-98.71822586199993,21.344147862000057],[-98.71782981499997,21.34421655400007],[-98.71728955399999,21.344345615000066],[-98.71674376899995,21.344859785000043],[-98.71628766199997,21.345120600000026],[-98.71542424599996,21.345225308000067],[-98.71510747699993,21.34553240000002],[-98.71410709199996,21.346224400000036],[-98.71399632299992,21.346493123000073],[-98.71373212299991,21.346822077000066],[-98.71326013799995,21.347211662000067],[-98.71307403099995,21.347460185000045],[-98.71268276899997,21.34830067700005],[-98.71241,21.348752785000038],[-98.71126964599996,21.349999446000027],[-98.71093307699992,21.350426723000055],[-98.71050064599997,21.35128589200008],[-98.71016843099994,21.35162046200003],[-98.70982558499998,21.35191624600003],[-98.70957369199999,21.352169292000042],[-98.70898732299993,21.35262455400004],[-98.70846863099995,21.35300530800004],[-98.70825984599996,21.353202185000043],[-98.70790635399999,21.35376370800003],[-98.70725612299995,21.35440253800004],[-98.70701370799998,21.35472855400008],[-98.70654483099996,21.355418169000078],[-98.70616752299995,21.35577646200005],[-98.70577532299993,21.356317985000032],[-98.70514684599999,21.356700185000026],[-98.70491019999997,21.356917938000034],[-98.70448703099996,21.357429708000037],[-98.70419100000001,21.35786038500004],[-98.70407593799995,21.358540185000034],[-98.70404656899994,21.358635785000047],[-98.70357184599996,21.359421862000033],[-98.70364339999998,21.35974784600006],[-98.70366001499997,21.35993107700006],[-98.70357435399994,21.360087723000053],[-98.70293018499994,21.36087075400008],[-98.70280289199994,21.360951985000046],[-98.70260921499994,21.36107686200006],[-98.70238243099996,21.361211662000077],[-98.70208664599994,21.361286200000052],[-98.70176341499995,21.36136566200003],[-98.70099664599996,21.362004954000042],[-98.70073563099997,21.362374],[-98.70065346200002,21.36252598500004],[-98.69996712299994,21.363580938000037],[-98.69988213799992,21.363808892000065],[-98.699690923,21.36495063100006],[-98.69937523099995,21.365371077000077],[-98.69882393799996,21.36581553800005],[-98.69831327699994,21.365883062000027],[-98.69785026199997,21.365963538000074],[-98.69744421499995,21.367197585000042],[-98.69727912299997,21.36787990800008],[-98.69726566199998,21.368156338000063],[-98.69719676899997,21.368609323000037],[-98.69671156899993,21.368956231000027],[-98.69621412299993,21.36930386200003],[-98.69595629199992,21.369560292000074],[-98.69548070799999,21.370064569000082],[-98.69499024599997,21.37061083100008],[-98.69434232299992,21.37160801500005],[-98.69382426199996,21.37270009200006],[-98.69355263099999,21.373273969000028],[-98.69319404599997,21.374178615000066],[-98.69263241499999,21.374802431000035],[-98.69194913799997,21.37550416900007],[-98.69172115399991,21.376439385000026],[-98.69164073799998,21.37674093800007],[-98.69149483099993,21.37708809200007],[-98.69087604599996,21.37783138500004],[-98.69071283099996,21.37823623100007],[-98.69050404599994,21.378514938000023],[-98.69019573799993,21.378856308000028],[-98.68989484599996,21.37932230800004],[-98.68966278499994,21.379866815000074],[-98.68946230799995,21.380222615000033],[-98.68905861499994,21.38060883100007],[-98.68866261499993,21.38124921500002],[-98.68842250799995,21.38158829200006],[-98.68765758499995,21.382225800000064],[-98.68724532299994,21.38303849200003],[-98.68555355399994,21.384028785000055],[-98.68547066199991,21.384108923000046],[-98.68520650799994,21.384346508000075],[-98.68472647699996,21.384768108000063],[-98.68390524599991,21.385264031000077],[-98.68299281499992,21.38583333800005],[-98.68217826199997,21.386536169000067],[-98.68181807699992,21.386879646000068],[-98.68171816899994,21.38695884600003],[-98.68095661499994,21.38725021500005],[-98.68043959999993,21.38780532300007],[-98.67985067699995,21.388356600000066],[-98.67856396899998,21.389165215000048],[-98.67772113799995,21.389577200000076],[-98.67751926199996,21.38973941500006],[-98.67707626199994,21.390386508000063],[-98.67648999999999,21.390856754000033],[-98.67656212299991,21.39119355400004],[-98.67676475399995,21.391726],[-98.67682687699991,21.391903677000077],[-98.67708875399991,21.392239800000024],[-98.67726198499997,21.39248406200005],[-98.67747124599997,21.39289413800003],[-98.67777978499997,21.39327552300006],[-98.67766587699997,21.394046738000043],[-98.67767081499991,21.394324877000027],[-98.67788427699995,21.394813523000042],[-98.67813184599996,21.395478538000077],[-98.67813315399992,21.39585916900007],[-98.67802379999995,21.39652527700002],[-98.67806381499994,21.396828862000067],[-98.67819512299992,21.397203185000023],[-98.67879370799992,21.397420585000077],[-98.67895096899996,21.397506754000062],[-98.67962639999995,21.398003385000035],[-98.68150487699994,21.398429831000037],[-98.68159978499995,21.398881692000035],[-98.68172310799996,21.39914510800003],[-98.68201921499995,21.399747200000032],[-98.68373999999999,21.403948523000054],[-98.68439686199996,21.40436158500006],[-98.68523372299994,21.405221646000026],[-98.68599295399994,21.40730306200004],[-98.68471872299992,21.409416569000026],[-98.68464623099996,21.41140798500004],[-98.6829859539999,21.412287354000057],[-98.68296147699996,21.412457415000066],[-98.68164618499995,21.413138969000045],[-98.68331189199994,21.413818815000074],[-98.68085721499992,21.41459143100008],[-98.67968358499995,21.417587],[-98.67940252299992,21.419282462000073],[-98.67911467699996,21.41940904600005],[-98.67887409199992,21.419639831000033],[-98.67864187699992,21.41998707700003],[-98.67831556899993,21.42032501500006],[-98.67774216899991,21.42066167700005],[-98.6773377229999,21.420754400000078],[-98.67690329199995,21.420806369000047],[-98.67651447699994,21.420729354000056],[-98.67623739999999,21.42088306200003],[-98.67599719999996,21.42139683100003],[-98.67591315399991,21.42165450800007],[-98.6758823539999,21.42177840000005],[-98.67590292299992,21.42188709200008],[-98.67602523099995,21.422010492000027],[-98.67686621499993,21.422569862000042],[-98.67666356899997,21.422760999999998],[-98.67683696899994,21.424072138000042],[-98.67666626199997,21.424412985000057],[-98.67637646199994,21.42456278500003],[-98.67640793799993,21.424964585000055],[-98.67630649199994,21.425279723000074],[-98.67612423099995,21.425102523000074],[-98.67591313799988,21.42537583100005],[-98.67579338499993,21.425442354000033],[-98.67563687699996,21.425475169000038],[-98.67537329199992,21.425695815000037],[-98.67538424599994,21.425723569000066],[-98.67560858499994,21.42574424600002],[-98.67563623099991,21.42584656900004],[-98.67543770799989,21.426113831000063],[-98.67538783099991,21.426250923000055],[-98.67485141499996,21.426447538000037],[-98.67414713799992,21.42637146200008],[-98.67390403099994,21.42623324600003],[-98.67357206199993,21.426237569000023],[-98.67343729199993,21.42635861500003],[-98.67285358499997,21.426553692000027],[-98.67257349199996,21.426549277000042],[-98.67254804599995,21.42660123100006],[-98.67156407699996,21.427078338000058],[-98.67145979999995,21.42712889200004],[-98.67120983099993,21.42714964600003],[-98.67105353799994,21.427197892000034],[-98.67086641499994,21.427071523000055],[-98.67092026199998,21.427026938000036],[-98.67085413799995,21.42691478500006],[-98.67064184599994,21.426960138000027],[-98.67061606199995,21.427131938000056],[-98.67042816899996,21.42726215400006],[-98.67011946199995,21.42723040000004],[-98.66998935399992,21.427437877000038],[-98.67014926199994,21.427638600000023],[-98.66991241499993,21.427830077000067],[-98.67015713799995,21.427982062000073],[-98.67008999999999,21.42817876900006],[-98.66992952299995,21.428270538000046],[-98.66977119999993,21.428247569000057],[-98.66947447699991,21.42820453800004],[-98.66938901499996,21.42850729200006],[-98.66908806199996,21.428606538000047],[-98.66890104599996,21.428502538000025],[-98.66860579999995,21.428669538000058],[-98.66852004599997,21.428690292000052],[-98.66850278499996,21.428767954000023],[-98.66817006199993,21.428731831000043],[-98.66809318499996,21.428847600000037],[-98.668161662,21.42892747700006],[-98.668223492,21.42910306200002],[-98.66758778499995,21.42937372300003],[-98.66745629199991,21.429716062000065],[-98.66710389199993,21.430029062000074],[-98.66720786199994,21.430383846000037],[-98.66716296899995,21.430691446000026],[-98.66697855399994,21.430761738000058],[-98.66672904599994,21.430660400000026],[-98.66560770799997,21.431707062000044],[-98.66566255399991,21.43191890800006],[-98.66534430799996,21.432357308000064],[-98.66520139999993,21.432554154000062],[-98.66460506199996,21.433162123000045],[-98.6643354,21.43357955400006],[-98.66418747699997,21.43546863100005],[-98.66297779999998,21.436351215000055],[-98.66304550799997,21.43673466200005],[-98.66352486199997,21.436882508000053],[-98.66343641499996,21.43720241500006],[-98.66351758499995,21.437742246000024],[-98.66362635399996,21.438230738000073],[-98.66384510799993,21.438668046000032],[-98.66342235399995,21.439203338000027],[-98.66321372299996,21.439724846000043],[-98.6630914309999,21.44017901500007],[-98.66308909199995,21.440724308000025],[-98.66331307699993,21.441191999999997],[-98.66350663099995,21.441403431000026],[-98.66388196899999,21.441707754000046],[-98.6641361539999,21.441934277000026],[-98.66452198499996,21.442191862000072],[-98.66486298499996,21.442383999999997],[-98.66551336899994,21.44310926200006],[-98.66536603099993,21.444176415000076],[-98.66524747699997,21.44463886200003],[-98.66497832299993,21.445042569000062],[-98.66481047699993,21.445427046000074],[-98.66455735399994,21.445792338000036],[-98.66414970799995,21.446160785000075],[-98.6639,21.44653801500004],[-98.66376279999996,21.447025277000023],[-98.66363952299996,21.447456138000064],[-98.66350283099993,21.447917415000067],[-98.66337792299996,21.448550862000044],[-98.66377836899991,21.44904969200007],[-98.66370026199995,21.44978635400002],[-98.66383187699992,21.450371969000063],[-98.66324969199997,21.450585646000036],[-98.66296495399995,21.451003262000032],[-98.6627916309999,21.451389692000078],[-98.66315809199992,21.45184387700004],[-98.66346483099993,21.452197108000064],[-98.66350589199999,21.452752523000072],[-98.66394215399994,21.453180446000033],[-98.66417639999996,21.45301646200005],[-98.66439481499997,21.453061277000074],[-98.66467113799993,21.452975815000062],[-98.66518310799994,21.452748999999994],[-98.66549115399988,21.452445969000053],[-98.66593639999994,21.45199913800008],[-98.66613173799995,21.45159829200003],[-98.66666424599998,21.450611846000072],[-98.66672846199998,21.450546292000066],[-98.66682953799993,21.45049232300005],[-98.66749958499997,21.45019720000004],[-98.66811659999995,21.450227815000062],[-98.6681626,21.45027636900005],[-98.66846,21.450433400000062],[-98.66890596899998,21.45029235400005],[-98.66943616899991,21.450254323000028],[-98.66924356899995,21.44958186200006],[-98.66931572299993,21.449375815000053],[-98.66961376899997,21.449300462000053],[-98.67038492299994,21.44995370800007],[-98.67162213799995,21.449306108000027],[-98.67142418499998,21.44997767700005],[-98.67214579999994,21.44993284600002],[-98.67242953799993,21.449219569000032],[-98.67488076899994,21.449132092000067],[-98.67543855399994,21.449346800000047],[-98.67600129199994,21.448683554000066],[-98.67704910799993,21.447619815000046],[-98.67741676899998,21.447488585000027],[-98.67950592299994,21.457907077000076],[-98.68000690799992,21.46056690800003],[-98.68012226199994,21.462601523000043],[-98.68363453799996,21.462151646000052],[-98.68998936899996,21.46076538500006],[-98.69000912299997,21.46077970800007],[-98.69003144599998,21.460969015000043],[-98.69027566199998,21.462348308000053],[-98.69026890799995,21.462761631000028],[-98.69005724599998,21.465359754000076],[-98.69005246199998,21.465453923000037],[-98.68993226199994,21.465623092000037],[-98.68984673799993,21.466673631000038],[-98.68969526199999,21.468254123000065],[-98.68961333799996,21.469065969000045],[-98.68965996899999,21.469098646000077],[-98.68946633799997,21.472101231000064],[-98.68915296899995,21.474252677000035],[-98.68958206199991,21.477819723000042],[-98.69067539999996,21.47952601500003],[-98.69158093799996,21.481340323000033],[-98.69184641499997,21.482303031000068],[-98.69184804599993,21.482503985000044],[-98.69089183099997,21.48436438500005],[-98.69062141499995,21.485123338000044],[-98.69015043099995,21.486046277000064],[-98.69014155399996,21.486880462000045],[-98.68993370799994,21.48833261500004],[-98.68941756899993,21.48903961500002],[-98.68882507699996,21.489448677000034],[-98.68866603099995,21.489589462000026],[-98.68826227699994,21.489946862000064],[-98.68804450799993,21.49020858500006],[-98.68787238499999,21.490320985000036],[-98.68705329199997,21.49058333800008],[-98.68663146199998,21.490831385000032],[-98.68648595399995,21.490981646000026],[-98.68590949199992,21.491668246000074],[-98.68561541499996,21.492093708000027],[-98.68526927699995,21.49235021500004],[-98.68514446199998,21.492504877000037],[-98.68493290799994,21.49293184600003],[-98.68495593799996,21.493149846000044],[-98.68499033799993,21.493218631000044],[-98.68519566199996,21.49340952300002],[-98.68588307699994,21.49380450800004],[-98.68591801499994,21.493859446000044],[-98.68609266199995,21.49558226200002],[-98.68618103099996,21.495746554000043],[-98.68628344599993,21.496243554000042],[-98.68622866199996,21.496362892000032],[-98.68565321499993,21.496972954000057],[-98.68520601499993,21.49748789200003],[-98.68493456899995,21.49766521500004],[-98.68196289199992,21.502095292000032],[-98.68167943099995,21.501938446000057],[-98.68114258499996,21.502289077000054],[-98.67732976899997,21.504528969000035],[-98.67654670799998,21.506497538000076],[-98.67636523099995,21.508037708000074],[-98.67676429199996,21.508654231000033],[-98.67673079999994,21.509733569000044],[-98.67578852299988,21.510706200000072],[-98.67532239999993,21.51132376900006],[-98.67532507699994,21.51152190800008],[-98.6752479689999,21.512371354000038],[-98.67520067699994,21.512904338000055],[-98.67519407699994,21.513154954000072],[-98.67603373799992,21.51467121500008],[-98.67600096899996,21.514850185000064],[-98.67581855399993,21.515357338000058],[-98.67549081499996,21.51578040000004],[-98.67522326199997,21.51616966200004],[-98.67492212299994,21.51679476900006],[-98.67491264599994,21.516836185000045],[-98.67575593799992,21.518508169000036],[-98.67623936899996,21.519336262000024],[-98.67642927699994,21.51967503100008],[-98.67642961499995,21.520164338000033],[-98.67631826199992,21.52051273800003],[-98.67625169199991,21.52058298500003],[-98.67612558499995,21.52067572300007],[-98.67572964599995,21.520875538000038],[-98.67561444599994,21.520948815000054],[-98.67537389199995,21.52113898500005],[-98.67490235399994,21.521634892000066],[-98.67459781499994,21.521896815000048],[-98.67432927699996,21.522074123000042],[-98.67389647699994,21.522306923000027],[-98.6735589689999,21.52250936900003],[-98.67340216899996,21.522574431000066],[-98.67293135399991,21.522702754000022],[-98.67217641499992,21.522934462000027],[-98.67182156899996,21.523055631000034],[-98.67126613799994,21.52317109200004],[-98.67111315399993,21.52321149200003],[-98.67104152299996,21.52323707700003],[-98.67083450799996,21.523330538000035],[-98.67034239999995,21.523587923000036],[-98.67012719999994,21.523695877000023],[-98.66944764599998,21.524015092000074],[-98.669290462,21.524075985000028],[-98.66918081499992,21.524102415000076],[-98.66880923099994,21.524148723000057],[-98.66996356899995,21.524593831000058],[-98.67089944599995,21.52635347700004],[-98.67041246199993,21.52746998500003],[-98.66941147699997,21.529471354000066],[-98.66907687699992,21.529826369000034],[-98.66873427699991,21.530199585000044],[-98.66831295399996,21.530540754000075],[-98.66742378499998,21.53166330800008],[-98.66638255399991,21.532523908000027],[-98.66448198499995,21.533363492000035],[-98.66369067699996,21.533726369000078],[-98.66292830799993,21.534186831000056],[-98.66210116899997,21.534653877000036],[-98.66067761499993,21.53521846200005],[-98.65833823099993,21.536099138000054],[-98.6543049379999,21.537230554000075],[-98.65221586199999,21.538206415000047],[-98.65185221499993,21.538378123000033],[-98.64952506199997,21.539817123000038],[-98.64951289199995,21.53943226200004],[-98.64905419999995,21.53647536900008],[-98.64902904599997,21.53614215400006],[-98.64875230799996,21.53332998500002],[-98.64383230799994,21.532442923000076],[-98.63832735399993,21.53224152300004],[-98.63765630799996,21.535368985000044],[-98.63744166199997,21.53653806200003],[-98.63666910799998,21.53592446200003],[-98.63604763099993,21.535448169000066],[-98.63512236899997,21.53480627700003],[-98.63441286199996,21.53466960000003],[-98.63367773799993,21.53499809200003],[-98.63298656899994,21.534526154000048],[-98.63202813799991,21.53383661500004],[-98.63130559999995,21.533360400000053],[-98.63101375399995,21.533090985000058],[-98.63005001499992,21.53257156900003],[-98.62964938499992,21.532392262000027],[-98.62918386199999,21.53218866200007],[-98.62855863099995,21.53205010800008],[-98.62784939999993,21.53249038500007],[-98.62755687699993,21.533283246000053],[-98.62747570799993,21.534159800000054],[-98.62700609199999,21.53480153800007],[-98.62662618499995,21.535099231000057],[-98.62667618499994,21.535442969000027],[-98.62650653799992,21.535768969000063],[-98.62612992299992,21.536137923000073],[-98.62546943099993,21.536575062000058],[-98.6251673849999,21.536818062000073],[-98.62378818499992,21.537728677000075],[-98.62315604599995,21.538345523000032],[-98.62241303099994,21.539095877000026],[-98.62080487699993,21.540330415000028],[-98.6203691379999,21.540504],[-98.619194769,21.540941092000025],[-98.61860226199997,21.541294031000064],[-98.61785827699997,21.541471585000068],[-98.61605407699993,21.540739492000053],[-98.61472896899994,21.541172215000074],[-98.61393455399995,21.54129449200008],[-98.61322409199995,21.54137001500004],[-98.61283584599992,21.54174287700004],[-98.61217453799995,21.541930954000065],[-98.60753630799994,21.541492477000077],[-98.60749124599994,21.542957846000036],[-98.60302492299995,21.543364308000037],[-98.60195704599994,21.543432231000047],[-98.60174030799998,21.543329338000028],[-98.60141992299995,21.543128600000042],[-98.60127783099993,21.542928262000032],[-98.6011715229999,21.542694708000052],[-98.60117206199996,21.54249472300006],[-98.601101369,21.542261246000066],[-98.60095976899999,21.541894262000028],[-98.60085369199999,21.54156070800008],[-98.60078264599996,21.541460554000025]]]}},{"type":"Feature","properties":{"code":"24034","cve_ent":"24","cve_mun":"034","municipio":"San Vicente Tancuayalab","estado":"San Luis Potosí","region":"Huasteca Potosina","fuente":"Marco Geoestadístico / INEGI (consolidado GeoJSON para el visor)"},"geometry":{"type":"Polygon","coordinates":[[[-98.55400735399994,21.93347744600004],[-98.553289292,21.93342409200005],[-98.55253964599996,21.93354075400003],[-98.551280723,21.93373843100005],[-98.55061956900002,21.933931108000028],[-98.54922961499994,21.93433613800004],[-98.54714221499995,21.935034277000053],[-98.54512658500002,21.935766108000053],[-98.54397452299996,21.936265692000067],[-98.54213821499994,21.93713204600004],[-98.54062543099997,21.937999292000033],[-98.53911187699997,21.939101138000073],[-98.53795739999998,21.940338062000023],[-98.53683810799996,21.941809692000046],[-98.53560798499994,21.944185969000046],[-98.53441519999996,21.946126615000022],[-98.53325790799994,21.948201431000026],[-98.53260830799994,21.94893696900004],[-98.53157635399997,21.949915738000072],[-98.53060424599995,21.950315185000026],[-98.52912919999994,21.950579108000056],[-98.526325462,21.950336431000036],[-98.52377307699996,21.95019498500005],[-98.52222015399994,21.950321600000052],[-98.52072813799995,21.950609354000047],[-98.51942035399996,21.950819154000044],[-98.51833603099996,21.950918477000076],[-98.51699287699994,21.95124336900005],[-98.51559733799994,21.951267831000052],[-98.51452073799999,21.95099096900003],[-98.51370436899995,21.95053421500006],[-98.51234159999993,21.94949113800004],[-98.51094473799998,21.947911677000036],[-98.50958453799993,21.94613120000002],[-98.50851130799997,21.944552677000043],[-98.50708030799994,21.942470308000047],[-98.50579292299992,21.940455385000064],[-98.50314566199997,21.93662641500003],[-98.50170855399992,21.934045538000078],[-98.50104383099993,21.932779462000042],[-98.50035139999991,21.931460569000027],[-98.49938869199997,21.929178462000042],[-98.49881958499999,21.92743381500003],[-98.49864475399994,21.92602553800003],[-98.49879195399994,21.92505398500003],[-98.49915424600002,21.92425066200008],[-98.49983983099996,21.923515369000032],[-98.50045224599995,21.923148523000066],[-98.50124333799994,21.923083892000022],[-98.50257146199999,21.92365770800006],[-98.50633786199994,21.92604880000004],[-98.50859806199996,21.92739626200006],[-98.51125432299995,21.928577277000038],[-98.51347979999997,21.92958940000005],[-98.51728632299995,21.93084075400003],[-98.52105719999996,21.93202489200007],[-98.52529593799993,21.93307621500003],[-98.52597207699992,21.933245385000077],[-98.52827744599993,21.933822169000056],[-98.53107684599995,21.93442781500005],[-98.53435,21.934872815000066],[-98.53578516899994,21.93484336900008],[-98.53751170799995,21.934580092000033],[-98.53931,21.934048846000053],[-98.54096701499998,21.93334961500005],[-98.54240644599997,21.932917892000027],[-98.54337796899995,21.932652446000073],[-98.54384704599994,21.932117462000065],[-98.54413635399999,21.931581985000037],[-98.54475335399995,21.929740215000027],[-98.54508446199998,21.927361369000035],[-98.54545063099992,21.92525076900006],[-98.54567301499996,21.92313976900004],[-98.54625433799998,21.92119733800007],[-98.54647319999995,21.920192415000027],[-98.54658378499992,21.91929821500003],[-98.54655616899998,21.91861053800005],[-98.54632452299995,21.917918277000073],[-98.54587423099996,21.91734793800003],[-98.54522144599999,21.917153569000053],[-98.54407353799995,21.917403815000057],[-98.54101621499996,21.91796512300005],[-98.53856953799998,21.91866215400006],[-98.536591446,21.91895826200005],[-98.53493743099992,21.91908767700005],[-98.53310498499997,21.918814338000058],[-98.53144023099996,21.918023923000078],[-98.5299332769999,21.917076400000045],[-98.52861884599996,21.916121723000064],[-98.52650775399994,21.91499206200007],[-98.52492296899997,21.914550508000044],[-98.52299835399995,21.914866569000033],[-98.52134349199996,21.915263969000023],[-98.51922096899995,21.915760554000027],[-98.51839272299995,21.916193862000053],[-98.51734193799993,21.917030446000073],[-98.51658623099995,21.91750363100004],[-98.51572230799994,21.91773984600007],[-98.51489012299996,21.91763570800003],[-98.51383,21.917100015000077],[-98.51302158499999,21.91648480000003],[-98.51260656899996,21.91580815400005],[-98.51192769199999,21.914599508000034],[-98.51135721499996,21.913223585000026],[-98.51100289199995,21.911714246000027],[-98.51086390799998,21.91030609200004],[-98.51079750799992,21.908697046000036],[-98.51091047699998,21.907189092000067],[-98.51138241499994,21.905816262000027],[-98.511889969,21.904544092000034],[-98.51286544599996,21.90307220000005],[-98.51391267699995,21.901634031000064],[-98.515210692,21.90043123100002],[-98.51596753799997,21.899830123000072],[-98.51698321499998,21.89884272300003],[-98.51820673799993,21.897768662000036],[-98.51902015399996,21.897163800000044],[-98.52020095399995,21.896986338000033],[-98.52133796899993,21.89716255400003],[-98.52239884599996,21.897605754000043],[-98.52412518499995,21.898622923000055],[-98.52632403099992,21.90014350800004],[-98.52811544599997,21.901891569000046],[-98.53015916899994,21.903439231000043],[-98.53231109199997,21.90488661500007],[-98.53363795399996,21.90582887700003],[-98.53467838499995,21.906435138000063],[-98.53575638499994,21.90653872300004],[-98.53676315399996,21.906441015000038],[-98.53759063099994,21.906208708000065],[-98.53820296899991,21.905808215000036],[-98.53849204599999,21.905339769000022],[-98.53874547699994,21.90477067700004],[-98.53871210799994,21.90396616900006],[-98.53864269199994,21.90319506200007],[-98.53857286199994,21.90255803100007],[-98.53832298499995,21.902021046000073],[-98.53800250799995,21.901081646000026],[-98.53786218499994,21.900008677000073],[-98.5377583539999,21.898768231000076],[-98.53797723099994,21.897763323000053],[-98.53823098499997,21.897093677000043],[-98.53877226199992,21.896424831000044],[-98.53960064599995,21.895890862000044],[-98.54032109199994,21.895390108000075],[-98.54107735399994,21.89492296900005],[-98.54205001499996,21.894221800000025],[-98.54273578499996,21.893318723000053],[-98.54342143099994,21.892449154000076],[-98.54417990799998,21.89127813800008],[-98.54484675399996,21.889911554000037],[-98.54513735399993,21.88894033800005],[-98.54528396899998,21.88803575400004],[-98.54517879999999,21.887197523000054],[-98.54489383099995,21.886392308000037],[-98.54392984599998,21.884378569000035],[-98.542286785,21.881189815000027],[-98.54131038499996,21.87903203100006],[-98.54085932299995,21.878035169000047],[-98.54028883099993,21.87662583100007],[-98.54018476899996,21.875452415000037],[-98.54029578499997,21.874447185000065],[-98.54044110799997,21.873484431000065],[-98.54080356900002,21.872513431000073],[-98.54159886199994,21.871040846000028],[-98.5428988149999,21.869066908000036],[-98.54444986199996,21.86722770800003],[-98.54531767699994,21.86552067700006],[-98.54607706199994,21.86401446200006],[-98.54687159999996,21.86274296900006],[-98.54741366199997,21.861772431000073],[-98.54793336899996,21.86079427700002],[-98.54803353799996,21.86010509200003],[-98.54777239999996,21.85927607700006],[-98.54678712299992,21.858683215000042],[-98.54589526199997,21.85857535400004],[-98.54570343099992,21.85858592300008],[-98.54561233799994,21.858590938000077],[-98.54457503099995,21.85887936900008],[-98.54346000000001,21.85932423100007],[-98.54108506199996,21.860293523000053],[-98.53892630799997,21.861158969000034],[-98.53658838499996,21.86185629200003],[-98.53486198499996,21.862354200000023],[-98.53335104599995,21.862886231000054],[-98.53231927699993,21.863564692000068],[-98.53097595399996,21.86395206200007],[-98.5299703539999,21.86378161500005],[-98.52885838499996,21.86317512300008],[-98.52810675399994,21.862267985000074],[-98.52749884599996,21.861361262000063],[-98.52725216899995,21.859885769000083],[-98.52697509199997,21.858650969000056],[-98.52665012299995,21.857202615000066],[-98.52636763099996,21.855693492000057],[-98.52565463099995,21.853982031000044],[-98.52465639999997,21.851599400000055],[-98.52383543099994,21.84995464600008],[-98.52278938499994,21.84774393800006],[-98.52175487699996,21.845495246000038],[-98.52093798499996,21.842643846000037],[-98.52001623099993,21.838920677000033],[-98.51920264599995,21.83509727700004],[-98.51874287699992,21.832917262000027],[-98.51847941499993,21.831446677000027],[-98.51794635399993,21.829702185000027],[-98.51719843099994,21.827755969000073],[-98.51641338499996,21.82617832300003],[-98.51555547699995,21.82490212300008],[-98.51448113799991,21.823893431000045],[-98.51311718499994,21.823554246000075],[-98.51168047699997,21.823482969000054],[-98.51045804599994,21.82378101500007],[-98.50934213799992,21.824448062000045],[-98.50649304599995,21.827690815000036],[-98.50551198499994,21.82892055400003],[-98.50442889199995,21.830125523000053],[-98.50358069199996,21.83100407700005],[-98.50269999999999,21.83187793800005],[-98.50200859999994,21.832489354000074],[-98.501349969,21.833129923000058],[-98.50078486199999,21.833701369000043],[-98.50034752299995,21.834061954000056],[-98.49984646199994,21.834520846000032],[-98.49945604599999,21.83483973800003],[-98.49896749199996,21.835220877000037],[-98.49843810799995,21.83559361500005],[-98.49798698499997,21.83589686200003],[-98.49739650799995,21.836268200000063],[-98.49691258499995,21.836656215000065],[-98.496474462,21.837045277000076],[-98.49608179999996,21.837449615000025],[-98.49576886199996,21.837727508000057],[-98.49536427699995,21.838003308000054],[-98.49505432299996,21.838167262000074],[-98.49476149199995,21.83826033800005],[-98.49432359999999,21.838350185000024],[-98.49357406199994,21.838375815000067],[-98.49290196899994,21.838360477000037],[-98.49229249199999,21.838289554000024],[-98.49168152299995,21.83827560000003],[-98.491132769,21.838220308000075],[-98.49061495399997,21.83815146200005],[-98.49005092299994,21.83809581500003],[-98.48945747699996,21.837996754000077],[-98.48903279999993,21.83787303100008],[-98.488562646,21.837734015000027],[-98.48821544599998,21.83756930800007],[-98.48765852299992,21.83724303100007],[-98.48711464599998,21.836870985000083],[-98.486633354,21.836574938000073],[-98.486320446,21.83626850800005],[-98.48605298499997,21.83597733800008],[-98.48581444599994,21.835644923000075],[-98.48560592299998,21.835295031000044],[-98.48550938499994,21.834825908000035],[-98.48558956899996,21.834259308000075],[-98.48591279999992,21.83355618500008],[-98.48661733799996,21.832625431000054],[-98.48701507699995,21.83223918500005],[-98.48774886199996,21.83151043100003],[-98.48894836899994,21.830220077000032],[-98.48939719999997,21.829733323000028],[-98.49011115399996,21.82883466200008],[-98.49092775399998,21.82774186200004],[-98.49127618499995,21.826925231000075],[-98.49170318499996,21.825884477000045],[-98.492326215,21.82435623100002],[-98.49262739999995,21.823493338000045],[-98.49297150799995,21.822387769000045],[-98.49313892299993,21.821544415000062],[-98.493286615,21.82005278500003],[-98.49331124599996,21.819104154000062],[-98.49333444599996,21.818209600000046],[-98.49337769199995,21.81756638500008],[-98.49341913799995,21.816949723000054],[-98.49347281499993,21.81615106200008],[-98.49343416899995,21.81531429200004],[-98.49335181499995,21.814758923000063],[-98.49323169199995,21.81425916900003],[-98.49311892299994,21.813940323000057],[-98.49294566199997,21.813620077000053],[-98.49277264599999,21.813288554000057],[-98.49252321499996,21.812986385000045],[-98.49229001499998,21.812642185000072],[-98.49189059999998,21.812169938000064],[-98.49164175399994,21.81196093800003],[-98.49139319999996,21.811740631000077],[-98.491081738,21.811609262000047],[-98.49080572299992,21.81151258500006],[-98.49043287699998,21.811413708000035],[-98.48993690799993,21.811391077000057],[-98.48953570799995,21.811449677000034],[-98.48906010799998,21.81157435400008],[-98.48869256899995,21.81173536900008],[-98.48805338499994,21.812093523000044],[-98.48722850799999,21.812605554000076],[-98.48620316899996,21.813372800000025],[-98.48577183099992,21.813656615000074],[-98.485304462,21.81392830800008],[-98.48477001499997,21.814159000000004],[-98.48388833799996,21.81447007700007],[-98.48282481499996,21.81475907700008],[-98.48189676899995,21.815006400000076],[-98.48089386199997,21.815180385000076],[-98.48015164599998,21.815297662000035],[-98.47935895399993,21.815379308000047],[-98.47855190799997,21.815405569000067],[-98.47789978499998,21.815381662000053],[-98.47745919999994,21.81534469200005],[-98.47684849199999,21.815205338000055],[-98.47642007699993,21.81507016900003],[-98.47592309199996,21.81486273800005],[-98.47556052299994,21.814612123000078],[-98.47530624599993,21.81440224600004],[-98.47503829199994,21.814192046000077],[-98.47489469199996,21.813933692000035],[-98.47479309199997,21.81363803100004],[-98.47469113799995,21.81335513800008],[-98.47468955399992,21.812896000000002],[-98.4747573079999,21.812400185000058],[-98.47500764599994,21.811599108000056],[-98.47526035399993,21.810883015000066],[-98.47549947699996,21.81020541500004],[-98.47597887699996,21.80852329200007],[-98.47626380000001,21.807579692000047],[-98.47640841499997,21.806616369000036],[-98.47649013799995,21.805981462000037],[-98.47649101499994,21.805536738000054],[-98.47639813799995,21.804948354000036],[-98.4763366769999,21.80440112300005],[-98.47610736899996,21.803593138000053],[-98.47595901499993,21.803054031000045],[-98.47573538499994,21.80249296900007],[-98.47552283099994,21.801922046000076],[-98.47523635399992,21.801278692000043],[-98.47493318499994,21.800780369000048],[-98.47463079999994,21.80032867700004],[-98.47422226199997,21.799793692000033],[-98.47389532299994,21.799452646000073],[-98.47362987699995,21.799244385000062],[-98.473098785,21.79883798500003],[-98.47242223099992,21.798473492000028],[-98.47166396899998,21.79805175400003],[-98.47030432299991,21.797424154000055],[-98.46943695399993,21.797030231000058],[-98.46793641499994,21.79627232300004],[-98.46675539999995,21.795446631000054],[-98.465521046,21.79458938500005],[-98.46495559999993,21.794252923000045],[-98.46460039999995,21.794036769000055],[-98.46410315399999,21.793580569000028],[-98.46381715399995,21.793331400000056],[-98.46342929199996,21.79283730800006],[-98.463276754,21.792622492000074],[-98.46296959999997,21.792189923000024],[-98.462365262,21.791276400000076],[-98.46194895399998,21.79055098500004],[-98.46172324599998,21.790070723000046],[-98.46155330799996,21.789531092000058],[-98.46152119999994,21.789105831000022],[-98.46146139999996,21.788497985000046],[-98.46150841499997,21.78753883100006],[-98.46157559999993,21.78703441500005],[-98.46178567699995,21.78656660000007],[-98.46206526199997,21.78571789200003],[-98.46218950799994,21.78534072300004],[-98.46223429199996,21.785141492000033],[-98.46233704599996,21.78468447700004],[-98.46239939999998,21.784407185000077],[-98.46242793799995,21.784280246000034],[-98.46245644599998,21.784090015000057],[-98.46253296899994,21.783579431000074],[-98.46254392299991,21.783432215000058],[-98.46259039999995,21.782808354000053],[-98.46260830799996,21.78239855400005],[-98.462621615,21.782094292000064],[-98.46263826199998,21.781933892000037],[-98.46268798499995,21.781454477000068],[-98.46267829199995,21.78123312300005],[-98.46265715399993,21.78075052300005],[-98.46262126199998,21.779769785000042],[-98.46253364599995,21.779338985000035],[-98.46246813799993,21.779016908000074],[-98.462335769,21.778414369000075],[-98.46212409199995,21.77780844600005],[-98.46207095399993,21.777656354000044],[-98.46186267699994,21.77711415400006],[-98.46152964599999,21.77662227700005],[-98.46110453799997,21.775874662000035],[-98.46076070799994,21.775324908000073],[-98.46033346199994,21.774657923000067],[-98.45986675399993,21.774082277000044],[-98.45956403099996,21.773772554000058],[-98.45904372299998,21.773187446000065],[-98.45806203099993,21.772083492000036],[-98.45742790799994,21.77129646200007],[-98.457199615,21.77102615400003],[-98.45637196899996,21.77004618500007],[-98.45588789199994,21.769193431000076],[-98.45548995399996,21.768354215000038],[-98.45525749199999,21.767776862000062],[-98.45496463099992,21.767170615000055],[-98.45471656899997,21.766738323000027],[-98.45470010799993,21.766426692000035],[-98.45472344599996,21.766012200000027],[-98.45478638499996,21.765865077000058],[-98.45492601499996,21.76553869200006],[-98.45528489199994,21.765051246000038],[-98.45573083099995,21.76454276900006],[-98.45658503099995,21.763547999999997],[-98.45699084599994,21.763153877000033],[-98.45736923099997,21.76286287700003],[-98.45779641499993,21.762596046000052],[-98.45829523099995,21.76242309200006],[-98.45871752299992,21.762340615000024],[-98.45910123099996,21.76231487700004],[-98.45944730799991,21.76231133800007],[-98.45964213799999,21.76241958500002],[-98.459910462,21.76255258500003],[-98.46011336899996,21.762822415000073],[-98.46038735399995,21.76320916900005],[-98.46070706199998,21.763735308000033],[-98.46091686199998,21.76421281500006],[-98.46114710799996,21.764852200000064],[-98.46139004599996,21.765581385000072],[-98.46173889199996,21.76640793800004],[-98.46212663099998,21.76716623100003],[-98.46262613799995,21.76790401500006],[-98.46326283099995,21.768707692000074],[-98.464031262,21.769555431000075],[-98.46476693799997,21.77024103100007],[-98.46513135399991,21.770479985000062],[-98.46544726199994,21.77068324600003],[-98.46575204599996,21.77084013800004],[-98.46619539999995,21.770896462000056],[-98.46662733799995,21.770917938000025],[-98.46703606199998,21.77088121500003],[-98.46730896899999,21.770841385000036],[-98.46759695399997,21.770698138000057],[-98.46786770799997,21.770458123000033],[-98.46819972299994,21.77005073800007],[-98.46841939999997,21.769686877000023],[-98.46855413799993,21.76926343100007],[-98.46865301499997,21.768793046000038],[-98.46881729199998,21.76774230800003],[-98.46907004599996,21.76612261500003],[-98.46939478499996,21.765097231000023],[-98.46965786199996,21.764492277000038],[-98.469891062,21.764082615000063],[-98.47022578499997,21.76357153800006],[-98.47054,21.763256046000034],[-98.47078310799994,21.763054062000037],[-98.47104729199998,21.76287566200006],[-98.47129849199996,21.762720046000023],[-98.47162292299998,21.762600692000028],[-98.47206990799998,21.762518738000033],[-98.47261444599997,21.76248513800004],[-98.47302195399999,21.762494508000024],[-98.47356510799993,21.762487908000026],[-98.47474012299992,21.76244284600005],[-98.47536566199994,21.76244280000002],[-98.47593773799994,21.762419908000023],[-98.47629521499992,21.762334446000065],[-98.47688841499993,21.762095877000032],[-98.47749666199996,21.76187206200007],[-98.47807459999993,21.761625938000066],[-98.47851267699996,21.76141263100003],[-98.47907995399996,21.761060908000047],[-98.47939213799995,21.760859831000054],[-98.47973459999996,21.76056832300003],[-98.480093046,21.760199092000047],[-98.48041170799995,21.759750862000033],[-98.48068992299994,21.759249646000054],[-98.48088381499994,21.758772523000054],[-98.48136650799995,21.757461077000077],[-98.48243447699994,21.755038692000028],[-98.48305184599995,21.753665108000067],[-98.48372550799995,21.752170677000034],[-98.48387018499993,21.751738523000032],[-98.48388323099992,21.751241138000072],[-98.48383806199995,21.750846092000074],[-98.48375575399996,21.750595369000056],[-98.48351793799996,21.750341062000075],[-98.48328963100002,21.750149200000063],[-98.483092646,21.75000696900003],[-98.48271913799991,21.749842892000057],[-98.48238896899993,21.749721262000033],[-98.48204633799995,21.749651200000073],[-98.48162432299996,21.749641523000033],[-98.48094636899995,21.749646708000054],[-98.48032819999996,21.749670092000027],[-98.47912447699997,21.74980836900005],[-98.47844624599996,21.74982392300006],[-98.47786930799998,21.749789938000045],[-98.47744893799992,21.749718077000065],[-98.47712906199997,21.749627800000038],[-98.47682055399996,21.74952740000003],[-98.47660281499996,21.749356492000057],[-98.47639590799996,21.74919623100003],[-98.47621203099996,21.749005385000032],[-98.47597507699994,21.74871998500003],[-98.47584970799993,21.74841641500006],[-98.47579263099996,21.748052215000026],[-98.47580053799996,21.74775170800007],[-98.47582090799993,21.747399646000073],[-98.47589844599996,21.746986692000064],[-98.47599869199995,21.746608123000044],[-98.47618566199999,21.74625989200007],[-98.47639535399995,21.74589144600003],[-98.47669527699996,21.745473215000057],[-98.47692418499997,21.745219262000028],[-98.47745536899998,21.744878923000044],[-98.47832596899997,21.744307908000053],[-98.47882576899997,21.743894262000026],[-98.47912467699997,21.743604831000024],[-98.47956272299996,21.743003138000063],[-98.48012536899996,21.742310985000067],[-98.48085407699993,21.741380215000046],[-98.48123275399995,21.74092232300006],[-98.48168109199997,21.740351969000077],[-98.48201183099994,21.74002776900005],[-98.48236096899996,21.73984912300006],[-98.48261907699998,21.739751369000036],[-98.48315453799995,21.73967032300004],[-98.48355567699996,21.739627662000032],[-98.48411361499997,21.73953676900004],[-98.48459758499996,21.73940764600007],[-98.48504583099997,21.739262385000075],[-98.48583264599995,21.73891750800004],[-98.48646590799996,21.738496523000034],[-98.48708859999992,21.738054569000038],[-98.48779446199997,21.737407154000042],[-98.4887115229999,21.73660472300003],[-98.48924727699993,21.73608820000004],[-98.48967,21.735797092000038],[-98.49017247699997,21.735549462000048],[-98.49066703099999,21.735332662000076],[-98.49117079999996,21.73518866200004],[-98.49148523099994,21.73506106200006],[-98.49189744599995,21.73501864600007],[-98.49250896899997,21.735001508000032],[-98.49319633799995,21.735058692000056],[-98.49355030799995,21.73511863100003],[-98.49417135399993,21.73516390800006],[-98.49478152299996,21.73519858500003],[-98.49525656900002,21.735302754000028],[-98.49570643099996,21.735520400000038],[-98.49606689199997,21.735756723000065],[-98.49644632299997,21.73611790800004],[-98.49681032299996,21.73664464600005],[-98.49715019999996,21.737243400000068],[-98.49730250799995,21.73751012300005],[-98.49769170799998,21.737923385000045],[-98.49804,21.738200908000067],[-98.49875309199997,21.73865495400003],[-98.49942283099993,21.739068985000078],[-98.50005015399994,21.73929006200007],[-98.50041395399994,21.73929835400003],[-98.500954462,21.739207308000058],[-98.50192549199996,21.73899312300006],[-98.50300841499994,21.738737200000056],[-98.50364995399997,21.738412123000046],[-98.50421892299994,21.738048092000042],[-98.50478679999995,21.73751456900004],[-98.50517795399995,21.737080415000037],[-98.50555869199995,21.736439231000073],[-98.50572184599996,21.735645415000082],[-98.50574301499994,21.734833600000062],[-98.505721785,21.73443435400003],[-98.50552655399996,21.734031138000034],[-98.50529893799994,21.733656738000036],[-98.50498952299992,21.733383846000034],[-98.50466043100002,21.733258200000027],[-98.50425152299992,21.733160277000025],[-98.503683246,21.73310301500004],[-98.50320990799997,21.733047923000075],[-98.50256636899995,21.733072031000063],[-98.50212310799998,21.73306192300004],[-98.50162035399995,21.73301283100005],[-98.501198677,21.732946785000024],[-98.50089792299995,21.73288347700003],[-98.5005381999999,21.732762400000066],[-98.49986196899992,21.732408323000076],[-98.49948747699993,21.732079923000075],[-98.49917278499998,21.731688154000043],[-98.49886073799995,21.731285923000033],[-98.49865040000002,21.730848400000074],[-98.49849315399996,21.729922892000044],[-98.49844843099997,21.72931981500005],[-98.49852361499997,21.728757108000025],[-98.49864252299993,21.72806369200003],[-98.49877470799996,21.727633985000065],[-98.49894621499999,21.72724278500004],[-98.49913393799994,21.727002492000054],[-98.49958752299993,21.72661772300006],[-98.50001507699993,21.72645815400006],[-98.50033938499995,21.726390292000076],[-98.50076252299995,21.72639993800004],[-98.50134778499992,21.726375646000065],[-98.50214978499997,21.726544446000045],[-98.50285006199992,21.726748569000048],[-98.50310463099999,21.727036569000063],[-98.50340318499997,21.727591999999998],[-98.50370764599995,21.727917554000044],[-98.50408390799998,21.728218185000056],[-98.50470183099995,21.728524338000053],[-98.50518279999993,21.728628215000064],[-98.50567936899995,21.72867935400006],[-98.50636075399994,21.728734692000042],[-98.50705809199995,21.728724015000065],[-98.50788683099994,21.728583569000023],[-98.50850369199998,21.728385185000032],[-98.50926619999994,21.728057369000055],[-98.51102483099999,21.727307892000052],[-98.51205952299995,21.726906600000063],[-98.512664923,21.726601738000056],[-98.51296936899996,21.726382969000042],[-98.51327655399993,21.726058062000053],[-98.51345819999993,21.725637354000064],[-98.51364812299992,21.724898231000054],[-98.51372576899996,21.72417944600005],[-98.51368376899995,21.723607646000062],[-98.51357969199996,21.723233554000043],[-98.51336292299999,21.72281707700005],[-98.51284536899998,21.721937415000074],[-98.51274167699994,21.72155004600006],[-98.51274961499995,21.721244892000072],[-98.51276170799996,21.720780523000027],[-98.51297073799996,21.720400277000063],[-98.51358752299994,21.719679308000025],[-98.51423203099995,21.71896378500003],[-98.51530806199995,21.717765015000055],[-98.51583772299992,21.717363369000058],[-98.51667419999995,21.716850508000054],[-98.51763627699995,21.71637593800006],[-98.51842956899998,21.716063015000035],[-98.51914229199997,21.715925538000082],[-98.51963833799991,21.715842246000022],[-98.52027173799993,21.71583296900008],[-98.52085083099992,21.715964292000027],[-98.52132624599994,21.716187800000057],[-98.52182084599997,21.71664813800004],[-98.52229972299993,21.717226292000078],[-98.52261989199995,21.717576308000044],[-98.52306979999997,21.71820361500005],[-98.52348138499995,21.719052262000048],[-98.52391212299992,21.719781446000074],[-98.52422263099999,21.72019315400007],[-98.52469366199995,21.72060850800005],[-98.52511744599995,21.720842323000056],[-98.52614915399992,21.721306],[-98.52752447699999,21.72175078500004],[-98.52876246199996,21.721978938000067],[-98.52945918499992,21.722128138000073],[-98.53022767699997,21.72226560000007],[-98.53128823099995,21.722281800000076],[-98.53234879999994,21.72229798500006],[-98.53355287699993,21.72217841500003],[-98.53471616899995,21.721977846000076],[-98.53546438499995,21.72179458500005],[-98.53627216899994,21.721519262000072],[-98.53676798499998,21.721143492000067],[-98.53741050799991,21.720624246000053],[-98.53771987699996,21.720270969000065],[-98.53805112299992,21.719624600000028],[-98.53832069199996,21.718714646000024],[-98.53837564599995,21.71816467700006],[-98.53830356899992,21.71780192300003],[-98.53754538499999,21.715618015000075],[-98.53718272299993,21.71467849200008],[-98.53679579999992,21.713890477000064],[-98.53641076899999,21.713656815000036],[-98.53540778499995,21.71335955400008],[-98.53480870799994,21.713274385000034],[-98.53363184599999,21.713271677000026],[-98.53347409199995,21.713435277000027],[-98.53238164599996,21.714343908000046],[-98.53193890799996,21.714644354000033],[-98.53149864599997,21.71484932300007],[-98.53104652299997,21.715018200000028],[-98.53049303099998,21.71514896900004],[-98.52990055399991,21.715302738000045],[-98.52934859999995,21.71537383100002],[-98.52872056899996,21.71541932300005],[-98.52797929199994,21.715390615000047],[-98.5271123539999,21.71527547700003],[-98.52659184599996,21.715120415000055],[-98.52587676899996,21.714815200000036],[-98.52466143099997,21.71432201500005],[-98.52324586199995,21.71365713800003],[-98.52239006199993,21.713112369000044],[-98.52170849199996,21.712208354000037],[-98.52167667699996,21.712162538000026],[-98.52120287699994,21.711480492000078],[-98.52087067699993,21.710971477000047],[-98.52053169199995,21.710231462000024],[-98.52044523099993,21.709620554000022],[-98.52050627699994,21.709239862000057],[-98.52094832299994,21.707993277000067],[-98.52151555399995,21.706350262000058],[-98.52244144599996,21.705177246000062],[-98.52372075399992,21.70327712300008],[-98.52464536899998,21.702151831000034],[-98.52558275399994,21.70116340000004],[-98.52656446199997,21.700302062000045],[-98.52726304599999,21.699505969000036],[-98.52782947699995,21.698874015000058],[-98.52832579999995,21.69847929200006],[-98.52909604599995,21.698079846000038],[-98.52969926199997,21.69779018500003],[-98.53008227699993,21.69763876900004],[-98.530403446,21.697435400000078],[-98.53074156899997,21.697274538000045],[-98.531259446,21.697143031000053],[-98.53165613799995,21.69716041500005],[-98.53198967699996,21.697176385000034],[-98.53225898499994,21.697233031000053],[-98.53241104599992,21.697287015000036],[-98.53266624599996,21.697389985000033],[-98.53290543099995,21.697587400000035],[-98.53307538499995,21.697975277000076],[-98.53317892299994,21.69844566200004],[-98.53319055399996,21.69904],[-98.53316758499994,21.699927554000055],[-98.5331584,21.700779431000054],[-98.533113046,21.701042431000076],[-98.53314909199997,21.70113924600002],[-98.53318898499998,21.70121189200006],[-98.53349623099996,21.701679508000037],[-98.53404164599998,21.702537969000044],[-98.53513267699996,21.704237554000027],[-98.53544778499996,21.704962769000083],[-98.53571029199996,21.706039077000067],[-98.53587179999992,21.70653049200007],[-98.53582701499992,21.707139185000074],[-98.53568103099994,21.707732046000043],[-98.53566176899994,21.708476815000036],[-98.53586103099995,21.709110031000023],[-98.53676909199999,21.711581292000066],[-98.53744287699995,21.712918754000047],[-98.53764752299995,21.713235123000064],[-98.53877516899993,21.713961123000054],[-98.54019887699994,21.71496858500007],[-98.54111632299998,21.715837738000065],[-98.54168555399997,21.71646892300004],[-98.54202787699994,21.716936815000054],[-98.54215569199995,21.71735673800003],[-98.54228130799997,21.717862892000028],[-98.54228118499998,21.718533908000037],[-98.54233036899994,21.72041181500003],[-98.54236675399991,21.721390523000025],[-98.54241684599998,21.721837462000057],[-98.542546185,21.722199892000038],[-98.54275361499998,21.722520938000056],[-98.54291707699996,21.722754708000025],[-98.54320450799997,21.722962508000023],[-98.54358283099997,21.723229892000056],[-98.54384056899991,21.723393877000028],[-98.54458773799993,21.72369832300006],[-98.54524439999994,21.723928815000026],[-98.54567447699996,21.72398164600003],[-98.54598212299996,21.724002938000066],[-98.54661000000002,21.72395966200003],[-98.54709389199996,21.723912923000057],[-98.54757610799997,21.72373681500005],[-98.54804367699994,21.72353161500007],[-98.54848229199995,21.723253877000044],[-98.54887616899997,21.722917600000073],[-98.54910578499995,21.72261341500007],[-98.549556985,21.721847],[-98.55013949199997,21.720767169000055],[-98.55047547699994,21.720285785000044],[-98.55085616899997,21.719862908000042],[-98.55127936899999,21.71958481500008],[-98.551824631,21.719352600000036],[-98.55230646199996,21.719226],[-98.55314603099997,21.719050046000067],[-98.55415649199993,21.718991554000073],[-98.55473190799994,21.718939538000026],[-98.55535036899992,21.718835892000076],[-98.55665070799995,21.718329308000023],[-98.55824824599995,21.717764431000035],[-98.55948524599995,21.717352062000035],[-98.56011404599997,21.71725250800006],[-98.56093367699995,21.71717346200007],[-98.56188989199995,21.71719489200007],[-98.56275958499998,21.71719813800007],[-98.56345544599999,21.71719749200003],[-98.56409704599997,21.717276800000032],[-98.56463393799997,21.717370000000003],[-98.56582564599996,21.717705138000046],[-98.56638158499999,21.717733815000027],[-98.56687087699996,21.717647354000064],[-98.56711636899996,21.717571677000027],[-98.56743470799995,21.717367738000068],[-98.56788389199994,21.716809538000064],[-98.56841669199997,21.716383092000058],[-98.56887827699991,21.71602],[-98.56951747699996,21.71551475400003],[-98.57001790799993,21.71485815400008],[-98.57051279999999,21.714375262000036],[-98.57113824599996,21.713720292000055],[-98.57161183099997,21.713084185000074],[-98.57204983099994,21.712214477000032],[-98.57230510799992,21.711444138000047],[-98.57237312299993,21.710999738000055],[-98.57234847699998,21.709796354000044],[-98.57221233799996,21.709159554000053],[-98.5719908,21.708611385000037],[-98.5717771229999,21.70829620000006],[-98.571597662,21.70803333800006],[-98.57122443099996,21.70766790800008],[-98.57117030799996,21.707614923000047],[-98.5707727539999,21.70725558500004],[-98.5702627539999,21.707010554000078],[-98.56979518499996,21.706941692000044],[-98.56940430799993,21.70693295400002],[-98.56818472299993,21.70690569200008],[-98.56685419999995,21.706934338000053],[-98.56494329199997,21.707022985000034],[-98.56397501499995,21.706957508000077],[-98.56307264599995,21.706762062000053],[-98.56240556899995,21.706542692000024],[-98.56187956899997,21.706311877000076],[-98.56106250799995,21.705840908000027],[-98.56058461499998,21.70545256900004],[-98.56001933799993,21.70488549200008],[-98.55928886199995,21.70414309200003],[-98.55883767699996,21.70353896900008],[-98.55836196899996,21.702789077000027],[-98.5582365229999,21.70234307700002],[-98.55808963099996,21.701952677000065],[-98.55803127699991,21.701606108000078],[-98.55793698499997,21.700913492000037],[-98.55797603099994,21.700265692000077],[-98.55806921499999,21.69969235400003],[-98.55831378499994,21.698508031000074],[-98.55848249199992,21.697612062000076],[-98.5585859079999,21.696641385000078],[-98.55866984599999,21.69555518500005],[-98.55867538499996,21.69487770800004],[-98.55863179999993,21.693956062000044],[-98.55855506199998,21.693452138000055],[-98.5584442,21.692968385000036],[-98.55820052299997,21.692205200000043],[-98.55785281499995,21.691373554000055],[-98.55777081499994,21.69081749200007],[-98.55773346199999,21.690397246000032],[-98.55774153799995,21.690082862000054],[-98.55775,21.689753508000024],[-98.55800173799994,21.68880458500007],[-98.55825547699999,21.687671862000062],[-98.55871421499992,21.686678569000037],[-98.55942610799995,21.685458999999998],[-98.56019723099993,21.684173123000054],[-98.56057796899995,21.683717308000038],[-98.56105340000002,21.68332353800002],[-98.56142876899997,21.683077308000065],[-98.5617376769999,21.682919462000033],[-98.56217295399993,21.682839354000066],[-98.56264,21.682849769000033],[-98.56302250799995,21.682873354000037],[-98.56324355399991,21.683013123000027],[-98.56349667699999,21.68315360000003],[-98.56384295399992,21.683415999999998],[-98.56415867699995,21.683617800000032],[-98.56449276899995,21.683730138000037],[-98.56482916899996,21.683752646000073],[-98.56513344599993,21.68377443100007],[-98.56553436899996,21.683783400000035],[-98.56608267699993,21.68367586200003],[-98.56705101499993,21.68345786200007],[-98.56828629199998,21.68307478500003],[-98.56898466199998,21.682745892000067],[-98.56932679999994,21.682543831000025],[-98.569524985,21.68232358500006],[-98.56966092299997,21.682027046000027],[-98.56987973799993,21.681627508000076],[-98.57020206199995,21.680945692000027],[-98.57051024599997,21.680188662000035],[-98.57073250799995,21.679654385000052],[-98.57100095399991,21.679196046000076],[-98.57158110799995,21.67857073800008],[-98.57258953799997,21.67740993800004],[-98.57330278499992,21.67649720000003],[-98.57413295399999,21.675624354000032],[-98.57546089199994,21.674515600000067],[-98.57604812299992,21.67413927700005],[-98.57733553799991,21.673359138000027],[-98.57795406199995,21.67301344600003],[-98.57828239999996,21.672721185000054],[-98.57889136899993,21.672120646000053],[-98.579200631,21.671947785000047],[-98.57957249199994,21.67183624600005],[-98.57987867699991,21.67178315400003],[-98.58024747699993,21.671791385000066],[-98.58071249199996,21.671801754000064],[-98.58109506199997,21.671900154000078],[-98.58155816899995,21.671985369000037],[-98.58199033799995,21.67202495400005],[-98.58234210799995,21.671972062000073],[-98.58598626199992,21.67037778500003],[-98.58888035399993,21.669331123000067],[-98.58952258499994,21.669127600000024],[-98.59013432299996,21.669065800000055],[-98.59088012299995,21.669023738000078],[-98.5914361229999,21.669036092000052],[-98.59187469199996,21.669079354000075],[-98.59243667699994,21.66920910800007],[-98.59284704599995,21.669302],[-98.59325830799996,21.669361400000074],[-98.59385935399993,21.669366354000033],[-98.59414509199996,21.669343815000044],[-98.59453578499996,21.669276831000044],[-98.59510929199996,21.66903230800005],[-98.59573026199995,21.668834231000062],[-98.59638166199994,21.668712492000047],[-98.59701420000002,21.668696262000026],[-98.59778753799995,21.66887987700005],[-98.59855818499993,21.66916935400008],[-98.59905384599995,21.669437585000026],[-98.60065192299997,21.67033555400008],[-98.60188009199999,21.67111938500005],[-98.60418026199994,21.672739169000067],[-98.60666375399995,21.674519215000032],[-98.60874883099991,21.676033169000053],[-98.61064230799994,21.67753475400008],[-98.61165273799996,21.678601215000075],[-98.6129621379999,21.679979492000037],[-98.61398975399999,21.681317677000035],[-98.61520912299993,21.683035954000047],[-98.61561989199998,21.683437954000052],[-98.61614258499996,21.683757],[-98.61668698499994,21.68393984600004],[-98.61708809199995,21.683999938000056],[-98.61783672299997,21.684067708000047],[-98.61840590799993,21.683994831000064],[-98.61904952299993,21.683872338000075],[-98.62002670799994,21.683586354000056],[-98.62084226199993,21.683177215000057],[-98.62199696899995,21.682382569000026],[-98.62290341499993,21.68142043100005],[-98.62365827699992,21.68051450800004],[-98.62428464599999,21.679622800000057],[-98.62487613799998,21.678662015000043],[-98.62544003099995,21.677329892000046],[-98.62574016899995,21.676311431000045],[-98.62590326199995,21.675648738000064],[-98.62591358499998,21.675238923000055],[-98.62591119999993,21.674606754000028],[-98.62572204599994,21.674124231000064],[-98.62552816899994,21.673829538000064],[-98.62535043099992,21.67362061500006],[-98.62496181499993,21.67306535400008],[-98.62444259999994,21.672609738000062],[-98.62386679999996,21.672221215000036],[-98.62336244599997,21.67190260000007],[-98.62309067699991,21.671794108000036],[-98.62238041499992,21.67165887700003],[-98.62152513799997,21.671469215000055],[-98.62048435399994,21.671377938000035],[-98.61947930799992,21.671321631000072],[-98.61921063099999,21.67134570800005],[-98.61903806199993,21.67073778500003],[-98.61900564599996,21.669714092000046],[-98.61906159999995,21.669525723000053],[-98.61916333799995,21.669020431000032],[-98.61922409199998,21.668793015000062],[-98.61969829199994,21.668812415000044],[-98.61992689199995,21.668867292000076],[-98.6204418309999,21.66938198500003],[-98.62124203099994,21.669152600000075],[-98.62123887699991,21.66890698500003],[-98.62158749199993,21.668830308000054],[-98.62183301499991,21.668781446000025],[-98.62184793799995,21.668845677000036],[-98.62219898499994,21.668755200000078],[-98.62236453799991,21.669085308000035],[-98.62223249199994,21.669301431000065],[-98.62266575399995,21.669607862000078],[-98.62306381499994,21.669636631000056],[-98.62301659999996,21.669450831000063],[-98.62321533799994,21.669363062000063],[-98.62310149199999,21.669074138000045],[-98.62315893799993,21.66855292300005],[-98.62306753799996,21.668378708000034],[-98.62314846199995,21.66832569200005],[-98.62288363099997,21.667850492000078],[-98.62275176899996,21.667920477000056],[-98.62268972299994,21.667702569000028],[-98.62309547699991,21.66699676900004],[-98.62325473799994,21.666851723000043],[-98.62355355399994,21.666545631000076],[-98.62358363099996,21.666747554000036],[-98.62408403099992,21.66649140000004],[-98.62409659999996,21.66635235400003],[-98.62479041499994,21.666108446000067],[-98.62504146199994,21.666273046000075],[-98.62501467699994,21.666353462000075],[-98.62517836899994,21.666430615000024],[-98.62532055399996,21.666784200000052],[-98.62576293799992,21.666849569000078],[-98.62587852299994,21.666890569000035],[-98.62652203099996,21.66684981500003],[-98.62714072299995,21.66686415400006],[-98.627863446,21.666892077000057],[-98.62785832299991,21.666814046000074],[-98.62845792299996,21.666876677000065],[-98.62861749199999,21.666844077000064],[-98.62888983099995,21.666726277000063],[-98.62922883099993,21.66672075400004],[-98.62988518499996,21.666872754000057],[-98.63083515399993,21.667453200000065],[-98.63171173799996,21.667306185000033],[-98.63193836899994,21.66669038500003],[-98.63196186199997,21.66632304600006],[-98.63216216899995,21.665941477000043],[-98.63251,21.665752292000032],[-98.63359279999996,21.66541187700005],[-98.63409629199998,21.665376031000047],[-98.63458059999991,21.665494077000062],[-98.63514403099997,21.666072015000054],[-98.63515175399999,21.666054985000077],[-98.63713447699995,21.66666718500005],[-98.63767852299993,21.666943077000035],[-98.63790115399993,21.666885077000078],[-98.63820887699993,21.667102292000035],[-98.63872187699992,21.66859292300006],[-98.63921396899998,21.668033738000076],[-98.63969818499996,21.66811503100007],[-98.63975107699993,21.667736138000066],[-98.6401361539999,21.66752847700008],[-98.64064615399994,21.668020585000022],[-98.64086218499993,21.667969446000036],[-98.64089221499994,21.668153],[-98.64132039999998,21.668395123000042],[-98.64161564600002,21.668543492000026],[-98.64216415399993,21.668764615000043],[-98.642274462,21.668686262000044],[-98.64289255399993,21.66917575400004],[-98.64300041499995,21.669097400000055],[-98.64319721499997,21.669186400000058],[-98.64384384599998,21.669361338000044],[-98.64401123099998,21.669466446000058],[-98.64421743099997,21.66941995400003],[-98.6443482769999,21.669630769000037],[-98.64425552299997,21.66982613800008],[-98.64409872299994,21.66996429200003],[-98.64408224599998,21.670200769000083],[-98.64416872299995,21.670365800000074],[-98.64467815399993,21.670660477000073],[-98.64506867699997,21.67073604600006],[-98.64537959999994,21.670920308000067],[-98.64627838499995,21.67144169200003],[-98.64684701499999,21.671640415000073],[-98.647813892,21.67235684600007],[-98.64937221499994,21.673168123000046],[-98.64950181499994,21.673512815000034],[-98.65007301499995,21.673663631000064],[-98.65031579999996,21.67452135400003],[-98.65040852299992,21.674683662000067],[-98.65055327699996,21.674937077000035],[-98.65104041499993,21.676078385000043],[-98.65156256899995,21.676703431000078],[-98.65172624599995,21.677086569000043],[-98.65209418499994,21.67697947700003],[-98.65226330799996,21.677071354000084],[-98.65317786199994,21.67748298500004],[-98.65335479999999,21.678338769000053],[-98.65444636899996,21.678410800000048],[-98.65491824599995,21.679233585000077],[-98.65581963099997,21.679544385000042],[-98.65619626199998,21.680276062000075],[-98.65611373799999,21.680616862000022],[-98.65658070799996,21.680898077000055],[-98.65716312299996,21.68163160000006],[-98.65770012299996,21.682444077000067],[-98.65773943099997,21.683311600000025],[-98.65808812299993,21.683707769000026],[-98.65782801499994,21.683936631000048],[-98.657544262,21.68440801500003],[-98.65815781499992,21.684950292000057],[-98.65850921499997,21.68496438500006],[-98.65906081499995,21.68564013800005],[-98.65902759999993,21.686748108000074],[-98.65912395399994,21.687091077000048],[-98.65912296899995,21.687600462000034],[-98.65962916899996,21.687480077000032],[-98.65971195399997,21.68789936900004],[-98.66016269199997,21.68807204600006],[-98.66070961499996,21.68933884600005],[-98.66107658499999,21.690172246000028],[-98.66106458499996,21.691589600000043],[-98.66090489199995,21.692731],[-98.66162847699995,21.693580123000064],[-98.66153370799998,21.693885662000078],[-98.66215392299995,21.695290292000035],[-98.66181249199995,21.695968569000062],[-98.66199995399995,21.696687692000072],[-98.66218741499993,21.697406769000054],[-98.66366130799996,21.697229969000034],[-98.664760662,21.697423185000044],[-98.6651642,21.697850262000035],[-98.66518503099994,21.698555292000034],[-98.66558181499991,21.699182923000027],[-98.66611341499998,21.69953596900007],[-98.66647926199994,21.70006315400008],[-98.667369523,21.700277138000043],[-98.66756276899997,21.700425369000072],[-98.66821424599998,21.700548538000074],[-98.66860384599991,21.700376708000075],[-98.66890847699992,21.70043593800005],[-98.66936361499995,21.70083827700006],[-98.67050718499993,21.70157178500006],[-98.67402306199993,21.703054338000072],[-98.67599386199996,21.703646677000048],[-98.67573781499992,21.70796313800003],[-98.67550999999999,21.711786400000047],[-98.69230619999993,21.713635754000055],[-98.69063823099997,21.722115554000027],[-98.69189589199999,21.722491062000074],[-98.69309172299994,21.722857769000036],[-98.69312373799991,21.722864785000073],[-98.69434033799993,21.72323616900007],[-98.69553970799994,21.723603708000034],[-98.69644159999994,21.72387467700003],[-98.69652518499998,21.723237769000036],[-98.69884727699994,21.723572569000048],[-98.70080295399997,21.72383341500006],[-98.70115126199995,21.72387746200008],[-98.70363036899994,21.724229815000054],[-98.70592298499997,21.724563862000025],[-98.70887486199996,21.724978077000063],[-98.70882733799999,21.725391354000067],[-98.71081781499997,21.72516747700007],[-98.71081075399995,21.725384338000026],[-98.71107647699995,21.72537412300005],[-98.71310507699995,21.725320215000064],[-98.71315661499995,21.72531995400004],[-98.71327535399995,21.72620192300008],[-98.71431533799995,21.72593483100007],[-98.71541383099995,21.72579496900005],[-98.71654658499995,21.726126923000034],[-98.71762038499999,21.726410554000037],[-98.71871803099997,21.72666729200006],[-98.71983469199996,21.72691256900003],[-98.72098661499996,21.727170769000054],[-98.72214390799995,21.72742467700004],[-98.72259538499996,21.727522138000037],[-98.72323547699993,21.72770829200004],[-98.72430990799995,21.728085492000048],[-98.72539332299999,21.728377846000054],[-98.72561218499999,21.728423246000027],[-98.72646649199997,21.728640569000046],[-98.72670164599998,21.728696538000058],[-98.72759972299997,21.728835615000037],[-98.72782975399997,21.72888043100005],[-98.72877486199994,21.728985723000054],[-98.7287788309999,21.72904464600003],[-98.72881252299997,21.72978809200003],[-98.72881850799993,21.729940615000032],[-98.72903863099997,21.733289323000065],[-98.72914670799996,21.733365000000003],[-98.72911018499997,21.737769538000066],[-98.72892378499996,21.73774829200005],[-98.72891807699992,21.737802677000047],[-98.72988104599993,21.737906554000062],[-98.72911684599994,21.742278338000062],[-98.73005493799995,21.74241335400006],[-98.73024839999992,21.742442723000064],[-98.72872269199995,21.749300077000036],[-98.72879999999999,21.749363677000073],[-98.73065553799995,21.749578492000072],[-98.72904012299992,21.756395492000028],[-98.72384264599998,21.755901323000046],[-98.7198302,21.75555813800003],[-98.70905286199995,21.754668108000036],[-98.70827646199997,21.758547415000063],[-98.71171053799996,21.784700231000034],[-98.70235563099996,21.791101492000056],[-98.70076364599998,21.79270081500004],[-98.70386839999996,21.795647508000055],[-98.70139584599997,21.808643092000064],[-98.70045906199992,21.81347146200006],[-98.69917261499992,21.82057243100007],[-98.69896193799995,21.820930708000052],[-98.69841287699992,21.821613185000043],[-98.68721455399998,21.836286277000053],[-98.68997229199991,21.83845978500005],[-98.69324264599999,21.841185292000034],[-98.69547589199996,21.84299440000007],[-98.70364883099994,21.849584554000042],[-98.70723000000001,21.852550062000034],[-98.70148636899992,21.859330785000054],[-98.69799546199995,21.86354673800002],[-98.69764076899997,21.864075600000035],[-98.69700615399994,21.865451246000077],[-98.69575395399993,21.877621554000033],[-98.69014281499992,21.868246677000055],[-98.66495639999991,21.888986785000043],[-98.63773492299997,21.911391462000044],[-98.636404385,21.91243426200003],[-98.62785692299995,21.90059907700003],[-98.61813644599991,21.90587886200007],[-98.60972990799995,21.91044413800006],[-98.60292029199995,21.914141677000032],[-98.59939956899996,21.916053200000082],[-98.61152079999994,21.933029185000063],[-98.58634332299991,21.95367556900004],[-98.57979969199994,21.958997769000067],[-98.5790288919999,21.959904477000066],[-98.57893072299996,21.959388954000076],[-98.57839687699996,21.957510585000023],[-98.57793506199991,21.95559889200007],[-98.57765403099995,21.953352492000082],[-98.57747789199995,21.952111877000046],[-98.57711192299995,21.94963344600006],[-98.57647136899995,21.947386108000046],[-98.57561339999995,21.94570801500003],[-98.57471812299994,21.94449906200003],[-98.57355929199997,21.943041338000054],[-98.57192201499997,21.941709831000022],[-98.57063139999995,21.94046630800005],[-98.56869338499996,21.93897447700004],[-98.56601984599996,21.937644415000026],[-98.56363127699993,21.936928538000075],[-98.56081241499996,21.93588967700003],[-98.55961296899993,21.935550615000068],[-98.55802796899995,21.93510255400002],[-98.55680667699993,21.934721908000032],[-98.55581526199995,21.934298123000083],[-98.55499438499997,21.933788938000077],[-98.55400735399994,21.93347744600004]]]}},{"type":"Feature","properties":{"code":"24036","cve_ent":"24","cve_mun":"036","municipio":"Tamasopo","estado":"San Luis Potosí","region":"Huasteca Potosina","fuente":"Marco Geoestadístico / INEGI (consolidado GeoJSON para el visor)"},"geometry":{"type":"Polygon","coordinates":[[[-99.40009573799995,22.22544480000004],[-99.37499078499995,22.214883185000083],[-99.31706152299992,22.22069075400003],[-99.317179292,22.218228477000025],[-99.31729559999997,22.215796923000028],[-99.31746026199995,22.212354215000065],[-99.32054670799992,22.19776606200003],[-99.32032578499995,22.19628932300003],[-99.32141683099994,22.192742015000075],[-99.32202427699995,22.190766892000052],[-99.32139113799992,22.18990984600003],[-99.32058081499994,22.189775569000066],[-99.32025383099993,22.189603246000043],[-99.32063164599998,22.188683477000037],[-99.32033136899994,22.187720246000026],[-99.31981709199992,22.187594631000024],[-99.31980909199994,22.187389738000036],[-99.32050439999995,22.186860585000034],[-99.32043572299992,22.18645949200004],[-99.32005069199994,22.186191262000026],[-99.32194604599992,22.184866954000036],[-99.32218843099994,22.184196769000042],[-99.32141616899996,22.18140046200006],[-99.32100043099996,22.18138853800008],[-99.3200067229999,22.18163970800003],[-99.31956369199999,22.181813815000055],[-99.31945170799996,22.182023015000027],[-99.31973644599998,22.182623846000066],[-99.31969484599996,22.182781999999996],[-99.31868723099994,22.18276352300006],[-99.31803878499993,22.183162400000075],[-99.31750603099991,22.183269446000054],[-99.31706979999997,22.183233123000036],[-99.31692979999998,22.183088200000043],[-99.31699570799998,22.182230277000023],[-99.31684044599997,22.181746138000047],[-99.31616672299998,22.181084769000055],[-99.31648404599997,22.180462969000075],[-99.31630101499994,22.180061292000058],[-99.31646555399998,22.17994715400005],[-99.31693541499999,22.180169523000075],[-99.31725195399997,22.180173138000043],[-99.31774278499995,22.179817000000003],[-99.31776147699995,22.17932832300005],[-99.3175748,22.179076646000055],[-99.31723439999996,22.178916877000063],[-99.31743181499994,22.178674462000064],[-99.31787456899997,22.17800586200008],[-99.31785219999995,22.177619092000043],[-99.31838432299995,22.17726313800006],[-99.31830390799993,22.176885308000074],[-99.31789839999996,22.176221308000038],[-99.31783136899996,22.175197600000047],[-99.31739918499994,22.174061862000034],[-99.31729655399991,22.173345738000027],[-99.31703443099997,22.173102415000077],[-99.315914046,22.17318043100005],[-99.31519007699994,22.171606200000042],[-99.3158452769999,22.170335585000032],[-99.31638061499994,22.169046862000073],[-99.31623,22.168649877000057],[-99.31578309199993,22.167502708000033],[-99.31377484599993,22.166873938000037],[-99.31331913799993,22.166886200000075],[-99.31315144599996,22.16578261500007],[-99.31365929199997,22.164014415000057],[-99.31317483099996,22.163357646000065],[-99.313605646,22.16211293800006],[-99.31305006199995,22.161832554000057],[-99.31286823099997,22.161205892000055],[-99.31257750799992,22.160843815000078],[-99.31282903099998,22.160196923000054],[-99.31325276899997,22.159900077000035],[-99.31441543099999,22.15949427700008],[-99.31473947699999,22.158956400000026],[-99.31446559999996,22.158638400000033],[-99.31465987699994,22.157989462000053],[-99.31385524599995,22.155524462000077],[-99.31487352299995,22.15464536900004],[-99.31484901499992,22.153672677000028],[-99.31459772299995,22.15347424600003],[-99.31336999999999,22.149875446000074],[-99.31317313799995,22.14694892300003],[-99.297219892,22.146461477000063],[-99.28124369199999,22.148553554000046],[-99.2789141539999,22.140289815000074],[-99.277454246,22.135110462000057],[-99.27367713799994,22.121708431000055],[-99.27426483099998,22.11654867700003],[-99.27452301499993,22.114281785000067],[-99.27454863099996,22.11405680000007],[-99.27326049199996,22.112014169000084],[-99.27333116899993,22.11165292300007],[-99.27320678499996,22.110593292000033],[-99.27292129199998,22.109239615000032],[-99.27287679999993,22.108959200000076],[-99.27249203099993,22.10653452300005],[-99.27234083099992,22.10587466200008],[-99.26755750799998,22.09696770800003],[-99.26716929199998,22.09439032300003],[-99.267082169,22.092983292000042],[-99.26708013799997,22.092950677000033],[-99.26705223099998,22.092499938000056],[-99.26705784599994,22.091290277000038],[-99.26706324599998,22.09012589200006],[-99.26706675399997,22.090029708000028],[-99.26711081499995,22.088816985000047],[-99.26713244599996,22.08839984600007],[-99.26714315399994,22.08823210800005],[-99.26744490799997,22.08636778500005],[-99.26690032299996,22.08385067700004],[-99.26661133799995,22.082514938000024],[-99.26584393799999,22.078967738000078],[-99.26535876899999,22.07261713800005],[-99.26449712299994,22.061337323000032],[-99.26155695399996,22.05519130800008],[-99.25989693799993,22.051721],[-99.25744598499995,22.042422308000024],[-99.25729515399995,22.04185006200004],[-99.25255,22.023843462000062],[-99.26017073799993,22.01672598500005],[-99.26081490799999,22.01595295400006],[-99.26095572299994,22.015831462000055],[-99.26179364599996,22.015036015000078],[-99.262121015,22.01473418500007],[-99.26215843099999,22.01458769200008],[-99.26227190799993,22.014419154000056],[-99.26244519999993,22.014378000000004],[-99.26268898499995,22.01421050800008],[-99.26286050799995,22.014052369000073],[-99.25900470799995,22.005667631000044],[-99.25922763099999,22.005633108000037],[-99.25924967699994,22.005629692000067],[-99.26050755399996,22.005434862000072],[-99.261890985,22.005220585000068],[-99.26194721499995,22.005211877000022],[-99.26234369199994,22.005150477000033],[-99.26236095399996,22.005147785000077],[-99.26331332299996,22.005000246000066],[-99.26336589199997,22.00499210800007],[-99.26418449199998,22.00486530800004],[-99.26422484599999,22.00485906200004],[-99.26532815399995,22.004688138000066],[-99.26607858499993,22.004571862000034],[-99.26635101499993,22.004529677000047],[-99.26687007699994,22.00444924600003],[-99.26692633799995,22.004440523000028],[-99.26719223099995,22.00439933800004],[-99.26768169199995,22.004323492000026],[-99.26806476899996,22.004264154000058],[-99.26810086199997,22.00425855400005],[-99.26823492299995,22.004237769000042],[-99.26868467699995,22.004168108000044],[-99.26911516899997,22.004101400000028],[-99.26915670799997,22.00409495400004],[-99.26943216899996,22.004052292000036],[-99.27003553799992,22.003958785000073],[-99.27008906199995,22.00395049200006],[-99.27014349199997,22.00394206200008],[-99.27105927699995,22.003800154000036],[-99.27145081499997,22.003739477000064],[-99.27150147699993,22.003731631000047],[-99.27204484599994,22.003647415000042],[-99.2725088769999,22.003575523000055],[-99.27257513799995,22.00356524600005],[-99.27299686199994,22.003499908000034],[-99.273924062,22.00335620000004],[-99.27495413799993,22.003196569000067],[-99.27559449199998,22.00309732300008],[-99.27570252299992,22.00308056900008],[-99.27672523099993,22.00292206200003],[-99.27677379999993,22.002907985000036],[-99.27684158499993,22.00291281500006],[-99.27694281499996,22.002064508000046],[-99.27684269199992,22.00191892300007],[-99.27565641499996,22.001365277000048],[-99.27458656899995,22.000237831000046],[-99.27440106199998,21.99986687700004],[-99.27415089199995,21.998866969000066],[-99.27408649199995,21.998393308000058],[-99.27398398499997,21.99797641500004],[-99.27351601499997,21.99737956900003],[-99.27425581499992,21.997004938000032],[-99.27435407699993,21.99665806200005],[-99.27450833799995,21.996400815000072],[-99.27520515399995,21.995871092000076],[-99.27548987699996,21.995635400000026],[-99.276113292,21.99509883100006],[-99.2761721539999,21.99496920000007],[-99.27609649199995,21.994656538000072],[-99.27624287699994,21.99440352300007],[-99.27646398499996,21.994317338000027],[-99.27681552299997,21.994213046000027],[-99.27689078499998,21.994103477000067],[-99.27673424599998,21.993462308000062],[-99.27676438499998,21.993325031000037],[-99.27719981499993,21.992637308000038],[-99.27840070799999,21.990719985000048],[-99.27929866199997,21.98921681500007],[-99.28349709199995,21.983575],[-99.28359149199996,21.983460092000026],[-99.288627062,21.97791349200003],[-99.28868579999991,21.977848785000052],[-99.28979098499997,21.976631369000074],[-99.29176329199998,21.97445867700003],[-99.29186350799996,21.974354431000055],[-99.29327115399994,21.97351555400007],[-99.29341606199996,21.973194123000045],[-99.29307519999996,21.973181631000042],[-99.29264361499996,21.972766815000053],[-99.29211629199995,21.97200433800003],[-99.29176721499992,21.972099815000032],[-99.29136207699996,21.97220895400005],[-99.29097795399994,21.97231352300002],[-99.29026072299996,21.972701477000037],[-99.28961372299995,21.973049538000048],[-99.28843089199994,21.973689462000035],[-99.28840969199995,21.973700338000064],[-99.288294754,21.973763785000074],[-99.28824221499995,21.973790985000047],[-99.28759212299995,21.974142662000077],[-99.28738307699996,21.97418096900003],[-99.28732246199996,21.974191923000035],[-99.28671526199997,21.974015],[-99.28600689199999,21.973227523000045],[-99.28578621499994,21.973068],[-99.28575683099994,21.973047262000023],[-99.28533913799996,21.972746246000035],[-99.28522059999993,21.972659708000034],[-99.28560309199997,21.971880277000025],[-99.28568721499992,21.97170847700005],[-99.28592730799993,21.971258138000056],[-99.28601124599999,21.97085143100003],[-99.28603426199999,21.970741169000064],[-99.28580683099992,21.970351277000077],[-99.28572999999999,21.96994847700006],[-99.28547658499996,21.969307462000074],[-99.28514872299993,21.96882287700003],[-99.28479170799993,21.96828593800006],[-99.28458604599997,21.966858846000036],[-99.28457030799994,21.966831769000066],[-99.28440055399993,21.96655921500007],[-99.28323703099991,21.96641943100007],[-99.28302419999994,21.96639438500005],[-99.28287126199996,21.96631330800005],[-99.28275093799999,21.966171169000066],[-99.28264693799994,21.965998508000038],[-99.28252661499994,21.96585636900005],[-99.28247732299992,21.965754769000053],[-99.28248804599995,21.965663246000073],[-99.28258078499992,21.965657999999998],[-99.28263521499996,21.965586738000066],[-99.28263503099997,21.965495231000027],[-99.28265,21.965362908000024],[-99.28265256899992,21.96514672300003],[-99.28255464599994,21.965027431000063],[-99.28250549199998,21.964873908000076],[-99.28245606199992,21.964578169000053],[-99.28236,21.96433369200002],[-99.28224770799993,21.964191677000027],[-99.28214356899997,21.964015492000044],[-99.28213121499991,21.96394724600003],[-99.28207001499995,21.96386770800007],[-99.28185598499994,21.963703092000053],[-99.28173970799996,21.963566754000052],[-99.28162000000002,21.963437631000026],[-99.28152710799996,21.963312215000023],[-99.28147826199995,21.96314152300004],[-99.28146718499994,21.962995877000026],[-99.28153172299993,21.962915400000043],[-99.28168253799996,21.962854862000032],[-99.28184963099994,21.962839508000055],[-99.28210301499995,21.96284912300007],[-99.28221621499995,21.962848923000024],[-99.28253415399992,21.962788108000037],[-99.28274439999993,21.962797785000074],[-99.28286595399999,21.962806585000063],[-99.28295186199995,21.96276344600005],[-99.28303147699992,21.96272227700006],[-99.28305373799998,21.962683354000028],[-99.28257772299995,21.96131253800007],[-99.28160743099994,21.961135477000028],[-99.28063729199994,21.96060827700006],[-99.27996,21.960133123000045],[-99.27908929199998,21.95961689200004],[-99.27865684599998,21.959446923000026],[-99.27819401499993,21.95941789200003],[-99.27771184599996,21.959554338000032],[-99.27678673799991,21.960018185000024],[-99.27647484599997,21.960454169000062],[-99.27617964599995,21.959768600000075],[-99.27414253799996,21.95767690800005],[-99.27327744599995,21.956576415000033],[-99.27324524599997,21.956485585000053],[-99.27322875399993,21.956385323000067],[-99.27323175399991,21.956245508000052],[-99.27329975399992,21.955993154000055],[-99.27338109199994,21.955865046000046],[-99.27352843099999,21.95550703100002],[-99.27363416899998,21.955157692000057],[-99.27366613799994,21.954946431000053],[-99.27366586199997,21.954799862000073],[-99.27369792299997,21.954631708000026],[-99.27373473799994,21.95453249200005],[-99.2739343539999,21.954199862000053],[-99.2739926149999,21.953821954000034],[-99.27391098499999,21.95354044600003],[-99.27386652299997,21.953423738000026],[-99.27379256899994,21.95330021500007],[-99.27359309199994,21.953067],[-99.27348232299988,21.952971015000063],[-99.27325359999998,21.952868354000035],[-99.27316503099995,21.95280667700007],[-99.27297004599994,21.952924185000033],[-99.27284658499994,21.95299890800004],[-99.27258507699995,21.953114508000056],[-99.27250896899993,21.953233200000053],[-99.27244381499995,21.953382354000038],[-99.2723642,21.953568785000076],[-99.27230263099992,21.95369423100004],[-99.27224827699993,21.953778999999997],[-99.27208483099994,21.953853785000035],[-99.27177955399995,21.95389493800008],[-99.271615985,21.95389860000006],[-99.27145615399994,21.953959846000032],[-99.27129373799994,21.953965154000063],[-99.27115572299992,21.953965385000064],[-99.27108187699994,21.953944569000043],[-99.27104323099995,21.953875846000077],[-99.27103339999995,21.95377418500004],[-99.27106213799999,21.95369338500006],[-99.27116195399998,21.95362924600004],[-99.27124353799995,21.95344246200005],[-99.27126139999994,21.95326003100007],[-99.27132941499997,21.953119923000028],[-99.27146578499998,21.953009415000054],[-99.27156570799997,21.95289895400003],[-99.27162007699995,21.952763123000068],[-99.27164707699994,21.95259340000007],[-99.27172869199994,21.952419338000023],[-99.27184230799995,21.952321585000046],[-99.27206710799996,21.95207881500005],[-99.27222813799992,21.951880000000003],[-99.27249218499993,21.95152456900007],[-99.27282815399992,21.951005369000036],[-99.27284818499996,21.95071770800007],[-99.27284772299996,21.950478],[-99.27284556899995,21.950261031000025],[-99.27275632299992,21.95010295400004],[-99.2727116309999,21.950018462000063],[-99.27259984599996,21.949893908000032],[-99.27233189199991,21.949757154000054],[-99.27213103099992,21.949720062000036],[-99.27193469199995,21.949712062000057],[-99.27155084599997,21.949642015000048],[-99.27116252299996,21.949559508000046],[-99.27095698499991,21.94957293800007],[-99.27078872299991,21.949586292000042],[-99.27059236899997,21.94958661500004],[-99.27044510799996,21.94958358500002],[-99.2704205539999,21.949574415000033],[-99.26913167699995,21.949368277000076],[-99.26831078499998,21.949108954000053],[-99.26751000000002,21.948855000000002],[-99.26717773799997,21.948744569000034],[-99.26667161499992,21.94848807700003],[-99.26548639999997,21.948315815000054],[-99.26418473799998,21.949682369000072],[-99.26265535399993,21.95101856900004],[-99.262073908,21.951390892000063],[-99.26144000000001,21.950740969000034],[-99.26086346199999,21.95085727700007],[-99.26041036899994,21.95098155400007],[-99.26006101499995,21.95089630800004],[-99.25865335399999,21.95013515400007],[-99.25707567699999,21.949769108000048],[-99.25557295399992,21.950037262000023],[-99.25455390800002,21.95000333800004],[-99.25390349199996,21.950035292000052],[-99.25333269199996,21.950376446000064],[-99.25254016899997,21.951719231000023],[-99.25161335399997,21.952352569000027],[-99.25019703099996,21.95207067700005],[-99.24757826199999,21.95186761500003],[-99.24658092299994,21.951489569000046],[-99.24576819999996,21.951455277000033],[-99.24512978499996,21.951255031000077],[-99.24445384599996,21.950923123000052],[-99.24386567699997,21.950400292000037],[-99.24358829199997,21.950129862000033],[-99.24339061499995,21.949627154000037],[-99.24272792299995,21.949113954000037],[-99.241862246,21.94839335400007],[-99.24033049199991,21.94686464600005],[-99.23987409199995,21.946112985000067],[-99.23981690799995,21.945622015000023],[-99.23976059999995,21.94493353800004],[-99.23955070799995,21.944151877000024],[-99.23907596899994,21.943354415000044],[-99.23892167699995,21.942971923000076],[-99.23921343099995,21.942052692000058],[-99.239567046,21.941272615000056],[-99.23974703099996,21.941053800000077],[-99.240665677,21.94035476900007],[-99.24374718499995,21.940901477000068],[-99.24491367699996,21.940620985000063],[-99.2457920149999,21.940161200000027],[-99.24698761499995,21.939121662000048],[-99.24943913799993,21.936485246000075],[-99.25104787699993,21.935097908000046],[-99.25262624599998,21.93432680000006],[-99.253937969,21.933551123000036],[-99.25445478499994,21.93284690800004],[-99.25501513799995,21.932337446000076],[-99.25543803099994,21.93182404600003],[-99.25565,21.93094532300006],[-99.25549590799992,21.93013155400007],[-99.25543255399995,21.929573477000076],[-99.25543089199991,21.92750555400005],[-99.25571052299993,21.926413708000037],[-99.25589272299997,21.924539646000024],[-99.25533592299993,21.923665585000034],[-99.25506290799994,21.922792954000037],[-99.25402793799998,21.92056956900006],[-99.25383267699999,21.91907310800008],[-99.25367626199994,21.917475431000074],[-99.25383450799994,21.916222708000078],[-99.25430769199994,21.91460935400005],[-99.25409718499998,21.913095200000043],[-99.25350887699992,21.911888262000048],[-99.25186256899997,21.90957178500003],[-99.25153621499997,21.90705241500007],[-99.25157415399995,21.906741292000042],[-99.25120658499998,21.90674106200003],[-99.25119955399995,21.90655573800007],[-99.25119056899997,21.906029154000066],[-99.25103623099993,21.905457646000052],[-99.2508471689999,21.904979015000038],[-99.25069809199992,21.90402335400006],[-99.25065346199996,21.902888477000033],[-99.25076,21.90158301500003],[-99.25075781499996,21.900804462000057],[-99.25071693799997,21.90048764600004],[-99.25048584599993,21.90012813800007],[-99.25034099999999,21.899666462000027],[-99.25016972299994,21.89926630800005],[-99.25030650799991,21.89898458500005],[-99.25021910799995,21.898724538000064],[-99.24976692299995,21.89818953800005],[-99.24926461499999,21.897685585000033],[-99.24854795399992,21.897205662000037],[-99.24772040000002,21.89693583100006],[-99.24679889199996,21.89673750800005],[-99.24619841499995,21.896368954000025],[-99.24568338499996,21.895850477000067],[-99.24455853799998,21.89576229200003],[-99.24308036899998,21.895754492000037],[-99.24202084599995,21.896295262000027],[-99.24092952299998,21.89702580000005],[-99.23982658499995,21.897227108000035],[-99.23941070799998,21.897084800000076],[-99.23832386199997,21.89545044600004],[-99.23780638499994,21.892109431000048],[-99.23812126199994,21.89090592300005],[-99.24015829199998,21.891300538000053],[-99.24035058499999,21.891530123000056],[-99.24167993799995,21.891108354000043],[-99.24278726199998,21.891430077000052],[-99.24394643099998,21.891429954000046],[-99.24457190799994,21.89129738500003],[-99.24623273799992,21.889763523000056],[-99.24826621499993,21.886013154000068],[-99.24997050799996,21.87887321500006],[-99.25013226199995,21.877644492000062],[-99.25010884599996,21.87717935400008],[-99.24999259999998,21.876659492000044],[-99.24938676899995,21.87578241500006],[-99.24889687699991,21.874544938000042],[-99.249083785,21.872651031000032],[-99.24998523099997,21.869414046000028],[-99.25053247699996,21.86675776900006],[-99.24938964599995,21.864716154000064],[-99.24811035399992,21.863467185000047],[-99.24809241499996,21.86341767700003],[-99.24789496899999,21.862872938000066],[-99.24773835399994,21.862244385000047],[-99.24752947699996,21.861374062000042],[-99.24716369199997,21.859705908000027],[-99.24689832299997,21.85674316900003],[-99.24715507699995,21.855315908000026],[-99.24756827699997,21.85442047700008],[-99.24891463100002,21.853523631000026],[-99.24902029199995,21.853197369000046],[-99.24933843099994,21.852215015000073],[-99.24894664599996,21.85129981500006],[-99.247478662,21.847870631000035],[-99.24685147699995,21.84485369200008],[-99.24658512299996,21.844140723000066],[-99.24565156899996,21.843876092000077],[-99.243708,21.84409663100007],[-99.24226889199997,21.844012323000076],[-99.24065966200001,21.84287141500005],[-99.24021221499999,21.84205421500008],[-99.24000539999997,21.840773354000078],[-99.24008778499996,21.839305154000048],[-99.23972784599992,21.837510492000035],[-99.23910186199998,21.835141338000028],[-99.238967985,21.83255381500004],[-99.23829313799995,21.831950185000043],[-99.23681616899995,21.832145785000026],[-99.23598798499992,21.832848308000056],[-99.23536718499996,21.83359890800006],[-99.23490155399996,21.834131631000048],[-99.23446150799998,21.834470846000045],[-99.23391763099994,21.83471346200003],[-99.23376,21.834641123000043],[-99.23288135399993,21.834980954000066],[-99.23173053799994,21.834709923000048],[-99.230926631,21.834420831000042],[-99.23027784599998,21.833889692000074],[-99.22939526199997,21.83302027700006],[-99.22827896899996,21.831860985000052],[-99.22773375399997,21.83125712300006],[-99.22724049199996,21.830725738000073],[-99.22654055399993,21.83060578500005],[-99.22580524599991,21.830717569000058],[-99.22502999999999,21.830887908000026],[-99.22416755399995,21.830966262000064],[-99.22634379999994,21.829823646000026],[-99.22457198499995,21.826681708000027],[-99.22470041499996,21.821587046000047],[-99.22338843099998,21.817569723000084],[-99.22652083099993,21.816752708000028],[-99.224959062,21.814724754000054],[-99.22346861499993,21.809503692000078],[-99.23033858499996,21.80741203100007],[-99.22343293799995,21.806188538000068],[-99.22051841499996,21.805967677000073],[-99.22438146199994,21.80441147700003],[-99.22412712299995,21.80373770800003],[-99.22338498499991,21.803820877000074],[-99.21820749199998,21.804468554000035],[-99.21789615399993,21.802892169000078],[-99.21774755399996,21.80188740000006],[-99.21769618499997,21.801703508000056],[-99.21757879999994,21.801751046000053],[-99.216620231,21.80191741500005],[-99.21645655399998,21.801914831000033],[-99.21595783099995,21.802178123000036],[-99.21600887699996,21.80243712300006],[-99.21612447699994,21.802434754000046],[-99.21630155399997,21.80268949200007],[-99.21652336899999,21.80490004600006],[-99.21640921499994,21.805034446000036],[-99.21616209199999,21.807285938000067],[-99.21473995399998,21.80693507700005],[-99.21445484599997,21.80684444600007],[-99.21210293799996,21.805900846000043],[-99.21226406199999,21.805850523000064],[-99.21241876899995,21.80578796900005],[-99.21240619999995,21.805413338000047],[-99.20794301499996,21.804578477000067],[-99.20792236899997,21.805014569000033],[-99.20679289199992,21.804447246000052],[-99.20241992299998,21.804428092000023],[-99.20167995399999,21.80462889200004],[-99.20216852299994,21.805988092000067],[-99.20298635399993,21.806220954000025],[-99.20324124599996,21.80646386200004],[-99.2033817079999,21.806674846000078],[-99.20332153799994,21.806718600000064],[-99.20338712299994,21.807126892000042],[-99.20295867699994,21.809808877000027],[-99.20250961499994,21.80711116900006],[-99.20179378499996,21.806464615000042],[-99.20059166199997,21.80665852300007],[-99.19866426199997,21.807311354000035],[-99.19724632299993,21.806472815000063],[-99.19585407699996,21.80424560000006],[-99.19352087699995,21.803769508000073],[-99.19187987699993,21.801749446000027],[-99.19084452299994,21.80095740000008],[-99.18947223099993,21.801139677000034],[-99.18886255399993,21.80262207700002],[-99.18879841499992,21.80284621500004],[-99.18888998499993,21.803252662000034],[-99.18873887699996,21.80354647700005],[-99.18849539999994,21.803722923000066],[-99.18816478499997,21.803773],[-99.18766489199999,21.804141277000042],[-99.18736869199995,21.80447227700006],[-99.18748010799997,21.804593215000068],[-99.18704792299994,21.80495781500003],[-99.18662950799995,21.805193185000064],[-99.18655886199996,21.80525380000006],[-99.18645363099995,21.805279215000038],[-99.18603078499994,21.805832615000043],[-99.18577173799993,21.80608860000007],[-99.18538999999998,21.80653624600006],[-99.18511550799994,21.806697369000066],[-99.18486343099994,21.806740123000054],[-99.18472610799994,21.80671587700004],[-99.18460629199996,21.80660216900003],[-99.18437856899997,21.806541892000038],[-99.18388703099995,21.806346385000033],[-99.18335818499995,21.806106646000046],[-99.1830682,21.80608258500007],[-99.18297169199994,21.80604655400003],[-99.18286932299993,21.805884031000065],[-99.1827107079999,21.80570352300003],[-99.18223026199995,21.80546913800003],[-99.18214575399995,21.805358108000068],[-99.18203147699992,21.805340169000033],[-99.18186778499995,21.805275292000033],[-99.18168418499994,21.805216769000026],[-99.18154273799993,21.80521964600006],[-99.18129712299996,21.805167508000068],[-99.18072624599995,21.805113923000082],[-99.18052033799994,21.80508704600004],[-99.18036652299993,21.805103477000046],[-99.18026393799994,21.805069262000075],[-99.18007115399992,21.805094769000053],[-99.17991932299994,21.80506510800007],[-99.17978158499992,21.80493878500005],[-99.17963413799995,21.804782631000023],[-99.17957747699991,21.80441498500005],[-99.17969764599995,21.80404172300007],[-99.17983769199996,21.80385183100003],[-99.18001149199995,21.803571569000045],[-99.18009644599992,21.803125154000046],[-99.18017012299995,21.803009431000078],[-99.18022761499998,21.802797062000025],[-99.18031338499996,21.802521400000046],[-99.18042550799997,21.802448999999996],[-99.18069166199994,21.802295123000086],[-99.18042390799995,21.801477769000034],[-99.18004972299995,21.800137523000043],[-99.17399121499992,21.789610277000058],[-99.17244644599997,21.786925800000063],[-99.17203830799991,21.78472607700007],[-99.16317603099996,21.74049492300003],[-99.17170384599994,21.741145785000075],[-99.17333406199997,21.741270154000066],[-99.1735021379999,21.741282969000054],[-99.17662679999995,21.74075503100005],[-99.17884246199995,21.740576431000022],[-99.18525049199995,21.739910477000027],[-99.18706046199998,21.737178846000067],[-99.19229735399993,21.729276385000045],[-99.196625785,21.716292800000076],[-99.19942475399995,21.70696729200006],[-99.2003008,21.707077708000046],[-99.20126216899996,21.707199169000035],[-99.20257104599993,21.70344532300004],[-99.20174464599995,21.697982046000053],[-99.20152356899996,21.69451744600008],[-99.20176547699998,21.69190607700006],[-99.20266990799996,21.69044],[-99.20405316899996,21.688167354000033],[-99.20366726199995,21.686584923000055],[-99.20287846199993,21.685622769000076],[-99.20146358499996,21.68503723100002],[-99.19923821499997,21.682714338000032],[-99.19521784599996,21.68117415400008],[-99.19154261499993,21.68078270800003],[-99.18989963099993,21.680135892000067],[-99.18797923099997,21.678439523000062],[-99.18653906199995,21.67641733800008],[-99.18622298499997,21.67514376900004],[-99.18598092299995,21.673161785000048],[-99.18637684599994,21.67166335400003],[-99.18674107699992,21.67115880000006],[-99.18810832299991,21.66991709200005],[-99.18817506199994,21.670005431000053],[-99.19082079999998,21.668296138000073],[-99.19124343099998,21.66814013800007],[-99.19204473799991,21.667855308000078],[-99.19273263099993,21.667253400000053],[-99.19391167699993,21.666553631000056],[-99.19633719999995,21.66556524600003],[-99.19767436899997,21.66515290800004],[-99.19829455399996,21.665013292000026],[-99.1988609539999,21.664978154000046],[-99.19941483099994,21.664978492000053],[-99.20003132299993,21.66504864600006],[-99.20027629199996,21.665116785000066],[-99.20059552299993,21.66518809200005],[-99.20090101499993,21.66512809200003],[-99.20152958499996,21.665254815000026],[-99.20193530799996,21.665336615000054],[-99.20323203099996,21.66565933800007],[-99.20449632299993,21.666068154000076],[-99.20491453799997,21.666231754000023],[-99.20607841499994,21.66667687700004],[-99.20681869199996,21.666840923000056],[-99.20756167699994,21.66700558500003],[-99.20838981499993,21.667150662000044],[-99.20925273799996,21.667311015000056],[-99.21001116899997,21.66741686200003],[-99.21079587699994,21.667542985000065],[-99.21166035399995,21.667611585000028],[-99.21232081499993,21.667542662000074],[-99.21268347699998,21.667564123000037],[-99.21345213799997,21.667410262000033],[-99.214229062,21.667266892000043],[-99.21553881499992,21.66696875400004],[-99.21630432299996,21.667032031000076],[-99.21715238499996,21.666940431000057],[-99.21769755399998,21.66664647700003],[-99.21817359999994,21.66616161500008],[-99.21828359999994,21.665522754000047],[-99.21822903099996,21.663972015000073],[-99.21842041499997,21.662999785000068],[-99.21836,21.662451631000067],[-99.21811176899996,21.66163660000006],[-99.21794493799996,21.660903492000045],[-99.21765059999997,21.65968624600003],[-99.21741336899998,21.658713431000024],[-99.21714444599998,21.657935662000064],[-99.21697906199996,21.657217692000074],[-99.21691216899994,21.656875985000063],[-99.21686538499996,21.656584000000002],[-99.21683879999995,21.656106246000036],[-99.216806723,21.655491308000023],[-99.21668044599996,21.654699692000065],[-99.21668636899994,21.653987692000047],[-99.2167310149999,21.65336626200008],[-99.21704226199994,21.652641015000032],[-99.217390262,21.65218801500004],[-99.21782307700002,21.65184515400006],[-99.21818573799999,21.651664692000054],[-99.21861963099997,21.65164164600003],[-99.21883693799997,21.65154073800005],[-99.21883519999993,21.651173754000077],[-99.21890483099996,21.650974062000053],[-99.219139769,21.650925908000037],[-99.21931941499997,21.65031575400008],[-99.21941889199995,21.649788323000056],[-99.21992259999996,21.648951000000004],[-99.22067493799993,21.648077215000054],[-99.22136641499996,21.647783369000027],[-99.22208395399996,21.647467585000076],[-99.22265376899998,21.646887569000057],[-99.22278383099994,21.646359415000063],[-99.22262152299997,21.645570538000072],[-99.22222284599995,21.64499244600006],[-99.22249216899993,21.643316923000043],[-99.22295983099995,21.642516846000028],[-99.22396621499995,21.64185652300006],[-99.22478049199998,21.64126721500003],[-99.22543950799994,21.64026543100005],[-99.22582341499998,21.639147723000068],[-99.22592209199995,21.638262092000044],[-99.22573647699991,21.637216646000073],[-99.22542378499998,21.636340323000073],[-99.22495930799991,21.63587149200004],[-99.22469921499999,21.635451415000038],[-99.22465643099997,21.63486561500003],[-99.22481379999994,21.63445853800005],[-99.22499878499997,21.633936800000075],[-99.22512459999997,21.633286200000043],[-99.22551178499998,21.63267529200004],[-99.22598273799994,21.632197923000035],[-99.22671046199997,21.63175750800008],[-99.22777319999993,21.631491585000052],[-99.22843616899993,21.631631831000046],[-99.22981773799991,21.63151332300004],[-99.23090381499995,21.63146163100004],[-99.23188087699997,21.631346323000063],[-99.23241396900002,21.630987754000053],[-99.23273784599994,21.629917354000046],[-99.23303121499995,21.629383785000076],[-99.23338195399997,21.629046154000036],[-99.23389833799993,21.628786215000044],[-99.23853781499994,21.630373831000043],[-99.24332184599997,21.634088138000042],[-99.24373969199996,21.634774169000032],[-99.24958893799999,21.63889795400008],[-99.25023512299995,21.64099643100008],[-99.25168704599997,21.64571129200004],[-99.25355606199997,21.651780123000037],[-99.24840383099995,21.656171446000034],[-99.24377178499998,21.66011904600003],[-99.24666693799998,21.66398372300006],[-99.25573913799992,21.676092323000034],[-99.25959923099995,21.68499984600004],[-99.26925709199998,21.695893385000034],[-99.26919276899996,21.69872212300004],[-99.28619506199999,21.69964092300006],[-99.29956704599994,21.706338215000073],[-99.30930561499996,21.711157938000046],[-99.31883707699993,21.71347246200003],[-99.31898926199993,21.713491538000028],[-99.32176852299992,21.71383961500004],[-99.32179350799997,21.71384275400004],[-99.3284720459999,21.714678969000037],[-99.33301,21.71524661500007],[-99.33644047699993,21.715676308000067],[-99.33692136899998,21.71495553800003],[-99.33750929199994,21.714221862000045],[-99.33802616899996,21.71462953800005],[-99.33901198499994,21.71534786200004],[-99.33938409199999,21.71561120000007],[-99.33963787699994,21.71567809200008],[-99.33987096899992,21.715562738000074],[-99.34018644599996,21.715247677000033],[-99.34052298499996,21.715125062000027],[-99.34076544599999,21.715907400000052],[-99.34112310799998,21.715990077000075],[-99.34152950799997,21.71632930800007],[-99.34153701499996,21.716605215000072],[-99.341551569,21.717038231000057],[-99.341916369,21.717562677000043],[-99.34229030799996,21.718289077000062],[-99.34240255399995,21.71882972300006],[-99.34184404599996,21.71917444600007],[-99.34158616899995,21.719290985000043],[-99.34133010799994,21.719381431000045],[-99.34134316899997,21.719792769000037],[-99.34305186199998,21.726312154000027],[-99.34389710799994,21.726573308000066],[-99.344192046,21.727275508000048],[-99.34482521499994,21.727848169000033],[-99.34561041499994,21.729161262000048],[-99.34597441499993,21.72909247700005],[-99.34676681499994,21.72961023100003],[-99.34728024599998,21.729923015000054],[-99.34765760000002,21.73014149200003],[-99.34833359999999,21.730339108000067],[-99.34847249199997,21.730472169000056],[-99.348924062,21.73083135400003],[-99.34939890799994,21.730981862000082],[-99.34990827699993,21.730804338000038],[-99.35019103099994,21.73060967700007],[-99.35071381499993,21.730267769000026],[-99.35106536899997,21.730257277000074],[-99.35122949199999,21.73058986200004],[-99.35183370799996,21.730570862000036],[-99.35273866199996,21.73000444600007],[-99.35301383099993,21.72931433800005],[-99.3537977079999,21.72914361500005],[-99.35468270799996,21.72919810800005],[-99.36024155399996,21.729196585000064],[-99.36009447699993,21.724496231000042],[-99.35791724599994,21.720433046000032],[-99.35703119999992,21.71843101500008],[-99.36681655399995,21.71987212300008],[-99.38429293799997,21.708170062000026],[-99.39025389199996,21.704266431000065],[-99.39219176899995,21.698165062000047],[-99.39356264599996,21.693847662000056],[-99.39648690799996,21.692890262000052],[-99.39810112299992,21.69234040000003],[-99.40037759999994,21.69228263100007],[-99.40090610799996,21.692750938000074],[-99.40110110799998,21.69340452300003],[-99.40477901499996,21.696134585000035],[-99.40782001499997,21.69623107700005],[-99.41308630799993,21.693436985000062],[-99.41373987699994,21.692013846000066],[-99.41424121499993,21.691544385000043],[-99.41542243099997,21.69115055400005],[-99.41621584599996,21.690813431000038],[-99.42047773799997,21.691155877000032],[-99.42209358499996,21.692185015000067],[-99.42299166199997,21.692998723000077],[-99.42483289199997,21.69779518500008],[-99.42745416899997,21.702113569000062],[-99.43365441499999,21.703178],[-99.50304304599997,21.731427385000075],[-99.50303023099995,21.746391969000058],[-99.50302955399995,21.747727185000027],[-99.51789789199992,21.80462558500005],[-99.52060004599997,21.814960938000073],[-99.51838846199995,21.813052646000077],[-99.51704310799994,21.81200250800003],[-99.51583647699991,21.811651138000066],[-99.51510566199995,21.811298277000052],[-99.51453386199996,21.811063292000032],[-99.51412129199997,21.811005385000048],[-99.51386912299995,21.811450092000033],[-99.51368081499996,21.812013],[-99.51330238499996,21.81263567700006],[-99.51257661499993,21.81370335400004],[-99.5122316,21.814799446000055],[-99.51182175399998,21.815511],[-99.51086992299997,21.815454769000045],[-99.51001189199995,21.81501349200005],[-99.50937413799991,21.81406840000006],[-99.50854898499992,21.81395256900004],[-99.50822792299991,21.81285853800006],[-99.50792023099996,21.81187120000004],[-99.50735024599999,21.812205723000037],[-99.50713123099995,21.81306466200005],[-99.50692755399993,21.81373223100007],[-99.50611844599997,21.814549738000036],[-99.50589533799995,21.814915569000057],[-99.50544867699992,21.815151585000024],[-99.50500387699994,21.815387585000053],[-99.50462861499994,21.81545044600006],[-99.50438558499995,21.81544649200003],[-99.50414241499996,21.815450108000054],[-99.50389156899995,21.815430908000053],[-99.50364769199994,21.815472292000035],[-99.50347099999999,21.815605462000068],[-99.50342890799999,21.815769],[-99.50279632299996,21.816155815000066],[-99.50264090799996,21.816230492000045],[-99.50246920000001,21.816410862000055],[-99.50235252299991,21.816596569000072],[-99.50217093799994,21.81678980000003],[-99.50199984599999,21.816940938000076],[-99.50105415399996,21.816871400000032],[-99.49992364599998,21.817188738000034],[-99.49977221499994,21.81726281500005],[-99.49967503099998,21.817309508000047],[-99.49946330799997,21.817385000000005],[-99.49930336899995,21.817344338000055],[-99.49919792299991,21.817213015000053],[-99.49905379999996,21.81713416900005],[-99.49879064599997,21.81705910800003],[-99.49860755399999,21.817044369000033],[-99.49838273799995,21.817054600000066],[-99.49809255399997,21.817068477000085],[-99.497664554,21.817096062000083],[-99.49734489199994,21.817056000000004],[-99.49690000000001,21.81700904600007],[-99.49636966199998,21.817098969000035],[-99.49597255399999,21.817037462000034],[-99.49553593799999,21.817016308000063],[-99.495019169,21.81714096900004],[-99.49465579999999,21.817268031000033],[-99.49421438499998,21.817436631000078],[-99.49397755399995,21.817682938000075],[-99.49370212299999,21.817950985000046],[-99.493202538,21.818246277000068],[-99.49246838499994,21.818517108000037],[-99.49203472299995,21.81858430800003],[-99.49170312299998,21.818670862000033],[-99.49152281499994,21.818744677000037],[-99.49130763099998,21.81886843100006],[-99.491041646,21.81895261500006],[-99.49075519999995,21.818862569000036],[-99.49048804599994,21.81897423100003],[-99.490294969,21.819028785000057],[-99.49010858499997,21.818954092000077],[-99.48993506199997,21.818813354000046],[-99.48977419999993,21.818839369000045],[-99.488513185,21.819456185000035],[-99.487463769,21.81994296900007],[-99.48641846199996,21.820389985000077],[-99.48518070799996,21.820216062000043],[-99.48346923099997,21.820665],[-99.48226092299994,21.81981027700004],[-99.48051316899996,21.81889792300007],[-99.48000138499998,21.817626800000028],[-99.47919524599996,21.815612815000062],[-99.47878658499994,21.81465155400003],[-99.47846773799994,21.814316585000032],[-99.47832727699993,21.814877492000058],[-99.47819935399995,21.81544049200005],[-99.47796519999997,21.81640366200003],[-99.47773207699996,21.817327692000053],[-99.47759849199997,21.81830443100006],[-99.47698267699994,21.81847807700007],[-99.47644603099994,21.818546462000032],[-99.47629361499997,21.818732569000076],[-99.47620616899995,21.818969800000048],[-99.47622139999999,21.819382862000055],[-99.47627984599995,21.819562785000077],[-99.47634209199997,21.819718538000075],[-99.47637392299997,21.819954692000074],[-99.47624727699996,21.82007673800007],[-99.47610486199994,21.820160292000025],[-99.475963585,21.820183231000037],[-99.47579086199993,21.82018420000003],[-99.47561039999992,21.820213985000066],[-99.47541706199995,21.820289369000026],[-99.47518552299991,21.82042935400005],[-99.47494176899994,21.820508077000056],[-99.47471659999995,21.82051849200008],[-99.47442790799994,21.82057023100003],[-99.47424709199998,21.82065233800006],[-99.47409532299996,21.82075653800007],[-99.47395324599994,21.82087016900005],[-99.47380306199994,21.820977554000027],[-99.47364270799993,21.821052262000027],[-99.47344421499996,21.82113278500003],[-99.47327146199994,21.821298662000064],[-99.47309521499993,21.821541615000058],[-99.47305487699997,21.821878569000038],[-99.47296975399995,21.822417815000044],[-99.47259381499997,21.823116646000074],[-99.47319459999994,21.824563031000025],[-99.47362912299995,21.825624831000024],[-99.47393550799993,21.82639113800008],[-99.47429755399996,21.827420477000032],[-99.47497213799991,21.82799306200008],[-99.47509878499993,21.828098862000047],[-99.47546581499994,21.829119492000075],[-99.47575550799993,21.830231877000074],[-99.47581310799994,21.83059730800005],[-99.47590126199998,21.830791554000033],[-99.47556115399996,21.833436892000066],[-99.47515383099993,21.834977031000054],[-99.47458296899997,21.836027446000063],[-99.47423555399995,21.836501969000043],[-99.47398496899996,21.837479338000037],[-99.47360669199996,21.838220308000075],[-99.47313441499993,21.839316692000068],[-99.47288384599993,21.84006506200007],[-99.47231264599998,21.840266092000036],[-99.47187246199995,21.840418800000066],[-99.47153046199998,21.840867985000045],[-99.47139910799994,21.841489277000044],[-99.47136832299994,21.841876800000026],[-99.47132687699994,21.841998323000045],[-99.47105516899995,21.84227067700004],[-99.47097775399995,21.84241943100005],[-99.47090581499997,21.843066062000048],[-99.47081273799994,21.843322138000076],[-99.47066861499995,21.843575262000062],[-99.47048187699991,21.843921123000033],[-99.47027219999994,21.844575985000066],[-99.47016229199991,21.844672246000073],[-99.47002150799993,21.844653477000065],[-99.46985903099994,21.84456864600003],[-99.46972826199999,21.844482431000074],[-99.46964486199995,21.844423262000078],[-99.46953773799996,21.844317354000054],[-99.46925079999995,21.84380872300006],[-99.46920526199996,21.843568785000055],[-99.46921653799994,21.843381738000065],[-99.46920581499994,21.84319053800004],[-99.46924823099994,21.842933323000068],[-99.46922712299991,21.842763877000035],[-99.46895801499993,21.84237516900004],[-99.46849935399995,21.84180338500005],[-99.46819281499994,21.841386015000072],[-99.46793012299996,21.841036554000027],[-99.46775713799995,21.840997677000075],[-99.46698729199994,21.841236892000037],[-99.46656044599997,21.841304723000064],[-99.46604563099999,21.841086877000063],[-99.46548764599999,21.840934154000024],[-99.46501266199999,21.840977338000076],[-99.46460632299994,21.841063015000035],[-99.46428433799997,21.84111966200004],[-99.46375712299991,21.84094650800006],[-99.46333359999994,21.840845815000026],[-99.46323158499996,21.840770062000047],[-99.46322136899995,21.84063621500007],[-99.46327981499995,21.84039675400004],[-99.46332852299996,21.84023289200007],[-99.46334878499992,21.840055077000045],[-99.46330475399998,21.83992836900007],[-99.46314261499998,21.839795785000035],[-99.46285689199999,21.839724138000065],[-99.46255000000001,21.83971912300007],[-99.46204935399997,21.839623662000065],[-99.46167916899999,21.839610938000078],[-99.46129852299998,21.839527646000075],[-99.46092450799996,21.839343246000052],[-99.46042720000001,21.83896824600004],[-99.46012456899999,21.83879316900004],[-99.45977792299996,21.838779185000078],[-99.45938507699996,21.83883858500008],[-99.45891924599994,21.839039585000023],[-99.45838143099994,21.838893185000078],[-99.457966431,21.838716692000045],[-99.45778218499997,21.83855861500007],[-99.45753619999992,21.838138154000035],[-99.45728736899997,21.83780356900008],[-99.45639969199998,21.838494231000027],[-99.45561747699995,21.837812446000047],[-99.45421503099999,21.837796185000062],[-99.44949910799994,21.838643908000044],[-99.44757678499997,21.83963570800006],[-99.444322662,21.839669800000024],[-99.44153479999996,21.83258147700008],[-99.43905407699998,21.828169308000042],[-99.43608241499997,21.825441415000057],[-99.43436224599999,21.828239323000044],[-99.43251653799996,21.83037518500004],[-99.43190349199996,21.831816662000055],[-99.43008796899994,21.833750831000028],[-99.42922766199997,21.83510655400005],[-99.42664255399993,21.83497340000003],[-99.42522203099996,21.83480427700005],[-99.42380464599997,21.835700646000078],[-99.42254201499995,21.836740600000034],[-99.42093784599996,21.83711906200006],[-99.41946044599997,21.838620292000027],[-99.41597529199998,21.83975223100003],[-99.41597083099997,21.840928400000056],[-99.41681036899996,21.842999708000036],[-99.41746829199997,21.84630975400006],[-99.41901819999998,21.848465631000067],[-99.42000866199999,21.849327031000026],[-99.42082047699995,21.852538262000053],[-99.42095943099997,21.856438877000073],[-99.42195256899998,21.858192985000073],[-99.42357776899995,21.86211798500005],[-99.42397190799993,21.86227350800004],[-99.42443953799993,21.862559738000073],[-99.42469992300002,21.862752062000023],[-99.42472716899992,21.863023],[-99.42462626199996,21.86315466200006],[-99.42432281499997,21.86329504600008],[-99.42406173799995,21.86338352300004],[-99.42981330799995,21.879947954000045],[-99.42213096899995,21.88320527700005],[-99.41904273799996,21.882409092000042],[-99.40935790799993,21.886824508000075],[-99.409179554,21.886478092000058],[-99.40904470799995,21.885690292000046],[-99.40889330799993,21.88490252300005],[-99.4084938,21.884300800000062],[-99.408194462,21.883946108000032],[-99.40792906199995,21.88386949200003],[-99.40763049199995,21.88379296900007],[-99.40724930799996,21.883793908000026],[-99.40703436899997,21.883979892000067],[-99.40678606199998,21.884088677000026],[-99.40653776899995,21.88419746200003],[-99.40635583099997,21.884337],[-99.40594221499995,21.88460073800007],[-99.40547875399992,21.884818231000054],[-99.40483275399995,21.884958908000048],[-99.40440000000001,21.88502178500005],[-99.40422024599998,21.88522312300006],[-99.40432404599996,21.886768262000032],[-99.40444276899996,21.887726092000033],[-99.40464332299997,21.888312846000073],[-99.404645369,21.88903918500005],[-99.40461327699997,21.889410154000075],[-99.40459330799996,21.889687246000047],[-99.40248949199997,21.89092298500003],[-99.40873176899996,21.909867292000058],[-99.42233436899993,21.91927383100005],[-99.43793438499996,21.93072578500005],[-99.44248563099995,21.936512908000047],[-99.45213572299996,21.941498031000034],[-99.44942369200001,21.946815554000068],[-99.44867160000001,21.94673603100005],[-99.44698515399993,21.94737123100003],[-99.44599301499993,21.947992785000054],[-99.44542344599998,21.948789354000034],[-99.44501386199995,21.949212369000062],[-99.44454813799996,21.948647169000026],[-99.44369612299994,21.948247446000035],[-99.44188113799997,21.949386154000024],[-99.44158432299997,21.94938695400003],[-99.44035401499997,21.949071338000067],[-99.439526292,21.949446677000022],[-99.43918973799998,21.95003752300004],[-99.43919361499997,21.950924708000063],[-99.440052585,21.95191438500007],[-99.44005941499996,21.952375123000028],[-99.43982401499994,21.95279495400007],[-99.43922510799996,21.953070292000064],[-99.43863487699996,21.953056508000028],[-99.43840341499998,21.95289632300006],[-99.43813449199995,21.95204960000006],[-99.43780038499993,21.95145061500006],[-99.43691563099998,21.95120180000003],[-99.43596538499997,21.95170844600005],[-99.43559338499993,21.952499046000064],[-99.43584419999995,21.954746154000077],[-99.43561383099996,21.95580830800003],[-99.43449495399994,21.95603080000006],[-99.43423810799999,21.955968246000054],[-99.43405829199997,21.955751892000023],[-99.43272621499993,21.95369555400003],[-99.43136181499993,21.952465046000043],[-99.43044809199995,21.954367385000072],[-99.42992350799993,21.954730123000047],[-99.4286801379999,21.955299846000056],[-99.42833403099993,21.955369400000052],[-99.42823641499996,21.955310031000064],[-99.42802999999999,21.955003400000066],[-99.42753618499995,21.95381033800004],[-99.42723743099998,21.951256169000036],[-99.42535858499996,21.952763477000076],[-99.42512573799995,21.95285441500005],[-99.42497287699995,21.952839462000043],[-99.42329118499998,21.951639508000024],[-99.42277950799993,21.951462846000027],[-99.42268684599996,21.95124083100006],[-99.42265786199992,21.95073769200007],[-99.42339647699997,21.950602985000042],[-99.42382287699994,21.950601892000066],[-99.42401101499995,21.95065560000006],[-99.42540796899996,21.951263631000074],[-99.42652724599996,21.95140798500006],[-99.42737655399995,21.951145585000063],[-99.42787838499997,21.95023361500006],[-99.42779275399992,21.948929262000032],[-99.42741204599997,21.94720467700006],[-99.42702541499993,21.94664553800003],[-99.42618841499993,21.946057769000053],[-99.42575578499998,21.945589092000024],[-99.42511570799995,21.944691831000053],[-99.42383878499997,21.943910938000037],[-99.42268790799993,21.94566929200004],[-99.42228178499994,21.94587361500004],[-99.42178227699995,21.945909231000023],[-99.42113586199997,21.945709415000064],[-99.42097356899995,21.945580631000034],[-99.42097347699993,21.945549923000037],[-99.420426508,21.94547104600002],[-99.42000450799996,21.94535890800006],[-99.41952606200002,21.945231769000028],[-99.41940950799994,21.945186800000037],[-99.41878787699991,21.94529764600003],[-99.418815985,21.94455232300004],[-99.41757649199997,21.944430846000042],[-99.41536835399994,21.944238154000058],[-99.41437479999996,21.94402590800007],[-99.41636079999994,21.950414108000075],[-99.41646790799997,21.951308923000056],[-99.41712798500001,21.95370284600005],[-99.41747535399996,21.955539877000025],[-99.41762587699999,21.95605012300007],[-99.41775215399996,21.956690831000056],[-99.41755146199995,21.957047600000067],[-99.41743278499995,21.95805170800003],[-99.417603108,21.958931138000025],[-99.41964727699995,21.972447662000032],[-99.42146076899996,21.972456354000027],[-99.42151709199997,21.970847708000065],[-99.42185763099995,21.970768400000054],[-99.42220978499996,21.97067],[-99.42232786199996,21.97113138500003],[-99.42248501499994,21.97165990800005],[-99.42276552299992,21.97163896900003],[-99.42300972299995,21.971817815000065],[-99.42296752299994,21.972271523000074],[-99.42302336899996,21.972784138000062],[-99.42300492299995,21.97295540000005],[-99.42344673799992,21.97284258500002],[-99.42358289199993,21.972779877000043],[-99.42362946199998,21.972745831000047],[-99.42363849199995,21.97279078500003],[-99.42397873799993,21.972568892000027],[-99.42489139999998,21.972198815000066],[-99.42503009199996,21.97269352300003],[-99.42553795399996,21.972565831000047],[-99.42579703099992,21.97224392300006],[-99.42670509199995,21.97226653800004],[-99.43302512299992,21.99605513800003],[-99.43378876899999,21.998712538000056],[-99.43841058499999,22.01019329200005],[-99.44062249199999,22.010712200000054],[-99.45694569199998,22.013669738000033],[-99.45702330799998,22.01455873800007],[-99.45815704599994,22.014824569000044],[-99.46447756899994,22.026892215000032],[-99.48964938499994,22.02536275400007],[-99.49432152299994,22.027071431000028],[-99.49227907699995,22.031357369000037],[-99.49484470799996,22.03720540000007],[-99.48396749199998,22.05576030800006],[-99.48402607699995,22.055805831000043],[-99.49738356899996,22.074637062000026],[-99.49806379999997,22.082106431000053],[-99.49755301499992,22.094581846000036],[-99.49068647699994,22.12792801500007],[-99.50228490799998,22.153815646000055],[-99.51485036899999,22.186371923000028],[-99.519055446,22.196867615000034],[-99.51131055399996,22.197845692000048],[-99.50241458499994,22.198968646000033],[-99.50106767699995,22.19720575400004],[-99.497681877,22.200621631000043],[-99.49607066199997,22.199819431000037],[-99.49468161499999,22.198832231000036],[-99.492909646,22.198053492000046],[-99.49130000000001,22.197735231000024],[-99.49030129199997,22.196490600000057],[-99.48926389199995,22.19599603100005],[-99.48697627699993,22.19564321500007],[-99.48408001499995,22.19584181500005],[-99.48132766199997,22.196790092000075],[-99.48114979999998,22.196851369000065],[-99.47927918499994,22.198484262000026],[-99.47788246199997,22.19959813800006],[-99.47709423099995,22.20004356900006],[-99.47688659999992,22.199948431000056],[-99.47573889199995,22.199469892000025],[-99.47543444599995,22.201308246000053],[-99.47491403099997,22.20155726200005],[-99.45431019999995,22.21268410800008],[-99.40857616899993,22.233681354000055],[-99.4052908,22.228892877000074],[-99.40009573799995,22.22544480000004]]]}},{"type":"Feature","properties":{"code":"24037","cve_ent":"24","cve_mun":"037","municipio":"Tamazunchale","estado":"San Luis Potosí","region":"Huasteca Potosina","fuente":"Marco Geoestadístico / INEGI (consolidado GeoJSON para el visor)"},"geometry":{"type":"Polygon","coordinates":[[[-98.68894613799992,21.327154877000055],[-98.68425436899997,21.317003969000044],[-98.68342544599993,21.315476123000057],[-98.68223112299992,21.315104708000035],[-98.681171985,21.315010938000054],[-98.68101996899996,21.315101108000086],[-98.68090870799992,21.315497385000075],[-98.68078815399993,21.315625185000044],[-98.68062938499997,21.315638092000025],[-98.68054769199995,21.315515446000067],[-98.68056172299995,21.315274000000002],[-98.68054869199993,21.31513343100005],[-98.68010279999997,21.314673277000054],[-98.67956264599995,21.314171154000068],[-98.67911436899998,21.31391878500006],[-98.6789928309999,21.313770769000033],[-98.67892293799994,21.313242877000047],[-98.67882979999999,21.313061308000044],[-98.67875950799996,21.312573123000053],[-98.6785488309999,21.312209523000032],[-98.67788759999993,21.31194192300007],[-98.67755672299994,21.311241415000044],[-98.67695304599992,21.310080754000076],[-98.67640263099995,21.309065815000057],[-98.67572310799991,21.308170415000067],[-98.67487415399992,21.30727667700006],[-98.67472524599998,21.306147477000025],[-98.67429869199998,21.305829662000065],[-98.67444653799996,21.305536738000054],[-98.67404636899992,21.30510666200007],[-98.67340715399992,21.30493732300005],[-98.67319263099994,21.304681015000032],[-98.67310850799996,21.30442515400006],[-98.67276150799992,21.303986462000076],[-98.67219973799993,21.303872538000064],[-98.67192987699995,21.30331883100007],[-98.67184619999993,21.302666338000044],[-98.67255189199992,21.30238561500005],[-98.67279435399992,21.302386200000054],[-98.67314487699993,21.301709369000037],[-98.67324123099993,21.30133681500007],[-98.67313584599997,21.300996677000057],[-98.67322483099996,21.300651231000074],[-98.67380215399994,21.30020116900005],[-98.67410941499995,21.299771323000076],[-98.6744775229999,21.29935758500005],[-98.67486004599999,21.299584985000024],[-98.67479419999994,21.299002077000065],[-98.67476267699996,21.298677738000034],[-98.67527729199993,21.298285862000057],[-98.67554721499991,21.297884200000055],[-98.67573444599996,21.297793969000054],[-98.67639590799993,21.29796552300008],[-98.67631052299996,21.297561677000033],[-98.67680581499992,21.297231800000077],[-98.67753341499996,21.29681624600005],[-98.67840124599994,21.296487031000026],[-98.67872483099991,21.296272785000042],[-98.67918713799992,21.29562970800003],[-98.6794472619999,21.295433538000047],[-98.67966924599995,21.29541989200003],[-98.67984587699993,21.29562343100002],[-98.68025764599997,21.29571189200004],[-98.68032276899996,21.295055938000075],[-98.68029509199994,21.29493633800007],[-98.67996483099994,21.294125169000043],[-98.67966287699988,21.293336431000053],[-98.68025278499992,21.293015354000033],[-98.68042298499995,21.292856215000032],[-98.68054850799994,21.29260380000004],[-98.68031483099995,21.292609738000063],[-98.68050384599995,21.291731769000027],[-98.68043815399989,21.291679738000024],[-98.68062641499995,21.291535323000065],[-98.68114752299991,21.29096616900006],[-98.68135061499997,21.290776923000067],[-98.68168139999993,21.29057709200003],[-98.68155279999995,21.290578708000055],[-98.68048049199993,21.29011029200006],[-98.68013276899994,21.289918954000033],[-98.68017543099994,21.289492923000065],[-98.68023912299996,21.288910569000052],[-98.68021606199994,21.28833792300002],[-98.68020992299995,21.287747692000035],[-98.67994581499988,21.287324831000028],[-98.67969103099993,21.28698409200007],[-98.67951772299992,21.28675047700005],[-98.68016609199998,21.286120231000034],[-98.68030247699991,21.286088215000063],[-98.68043264599997,21.286117169000025],[-98.68250627699994,21.28614932300007],[-98.68269730799992,21.28627815400006],[-98.68319436899995,21.28671138500004],[-98.68339698499992,21.286890138000047],[-98.68343106199994,21.28686344600004],[-98.68380926199995,21.28401086200006],[-98.68366450799991,21.283701277000024],[-98.68323161499994,21.28278901500004],[-98.68397390799997,21.282578969000042],[-98.68492964599994,21.28242480000005],[-98.68505083099991,21.282612523000058],[-98.68594241499991,21.28242601500005],[-98.68644558499993,21.282365892000026],[-98.6864655539999,21.28236338500005],[-98.68657015399995,21.28234230800006],[-98.68674999999999,21.283206908000064],[-98.68692689199996,21.283842323000037],[-98.68698438499993,21.284088],[-98.68730866199995,21.285013662000036],[-98.68752576899999,21.28553866200008],[-98.6876886,21.285806831000055],[-98.68750103099994,21.286693123000077],[-98.68714096899998,21.287520462000032],[-98.68981581499995,21.288272938000024],[-98.68981898499999,21.28829069200003],[-98.69032487699994,21.288360846000042],[-98.69069759999995,21.288611369000023],[-98.69083016899997,21.28850936900005],[-98.69130203099994,21.288154231000075],[-98.69145559999998,21.28786832300006],[-98.6917086,21.28738887700007],[-98.69182635399991,21.287517523000076],[-98.69197687699992,21.287894877000042],[-98.69203606199993,21.28793929200003],[-98.69266343099997,21.28712558500007],[-98.6927410769999,21.287191185000037],[-98.69280067699997,21.287239923000072],[-98.69291126199994,21.287340015000037],[-98.69288389199993,21.287479538000067],[-98.69312786199998,21.287533908000054],[-98.69340372299993,21.28757332300006],[-98.69356744599997,21.28759524600002],[-98.69399259999993,21.287628999999995],[-98.69408901499996,21.287406785000027],[-98.69393947699996,21.287053462000078],[-98.69402067699997,21.28708221500005],[-98.69504090799994,21.28677343100003],[-98.69531655399996,21.28678766200005],[-98.6953961999999,21.286431877000034],[-98.69543198499996,21.28630550800005],[-98.69557275399993,21.286141200000024],[-98.69544961499996,21.28590938500002],[-98.69418201499994,21.286088185000036],[-98.69350335399996,21.28193236900006],[-98.69385083099993,21.281827708000037],[-98.69395767699993,21.281717108000066],[-98.69399138499993,21.28145833800005],[-98.69407261499997,21.280373354000062],[-98.69321890799995,21.280245754000077],[-98.69309629199992,21.279501877000026],[-98.69209616899994,21.273374615000026],[-98.68887513799993,21.27383341500007],[-98.68727863099996,21.27405547700005],[-98.68637303099993,21.268803154000068],[-98.68068986199992,21.273107200000027],[-98.67381466199998,21.268686800000065],[-98.67023778499997,21.26641135400007],[-98.67056129199993,21.266186369000025],[-98.67102807699993,21.265958908000076],[-98.67124326199996,21.264902954000036],[-98.67164135399995,21.264528692000056],[-98.6719944,21.264454108000056],[-98.67219815399989,21.264232615000026],[-98.67282844599997,21.263990523000075],[-98.67497999999999,21.26358063100002],[-98.67675795399995,21.262442231000012],[-98.67682179999996,21.26240140000004],[-98.67712050799996,21.26217586200005],[-98.67767353799994,21.261245123000037],[-98.67737670799991,21.259995523000043],[-98.67694792299991,21.25968793800007],[-98.67685266199996,21.25951776900007],[-98.67693949199996,21.258636600000038],[-98.67775450799994,21.257630385000027],[-98.67842007699991,21.25673687700003],[-98.67822804599996,21.256318400000055],[-98.67836256899992,21.25611475400007],[-98.67846004599993,21.25512123100003],[-98.67839310799992,21.25497898500004],[-98.67846210799992,21.254691769000036],[-98.67845543099995,21.254110523000065],[-98.67829218499995,21.253290969000034],[-98.67832961499992,21.252695154000037],[-98.67800893799992,21.251781246000064],[-98.67741801499992,21.251327877000044],[-98.67748207699995,21.250095323000043],[-98.67730846199997,21.24966926200005],[-98.67755967699995,21.249249738000056],[-98.67782283099994,21.24865669200005],[-98.67765396899996,21.247701754000044],[-98.67807192299992,21.24754595400003],[-98.67684124599997,21.246231877000067],[-98.67659181499991,21.245584523000044],[-98.67510638499999,21.244610523000063],[-98.67387541499988,21.243796969000073],[-98.67386218499993,21.242714923000047],[-98.67276147699991,21.241969108000035],[-98.67184812299992,21.241589938000057],[-98.67034453799991,21.241432631000063],[-98.66944770799991,21.240975723000084],[-98.66860707699996,21.233316492000032],[-98.66877419999994,21.233267815000033],[-98.66829715399994,21.231390662000027],[-98.66801123099997,21.231280462000033],[-98.66813216899997,21.22703204600003],[-98.66798015399993,21.227026554000076],[-98.65745569199998,21.228948462000066],[-98.65724367699994,21.229106415000047],[-98.65663289199993,21.229319923000045],[-98.65471427699997,21.229007215000024],[-98.65395786199996,21.228714108000077],[-98.65378118499993,21.22859476900004],[-98.65340069199999,21.22844227700005],[-98.65256958499995,21.22804167700007],[-98.65180836899997,21.227731738000042],[-98.65083976899993,21.227242538000034],[-98.64909693799993,21.22644635400007],[-98.64645355399993,21.225117062000034],[-98.64617410799995,21.224817569000034],[-98.64601001499992,21.22450053800003],[-98.64574104599994,21.224170077000053],[-98.64566390799995,21.22395652300003],[-98.64508267699993,21.223306969000078],[-98.64468803099997,21.222837677000026],[-98.64451596899995,21.222633077000058],[-98.64448761499993,21.222526354000017],[-98.64423987699995,21.222247785000032],[-98.64411283099996,21.221801200000076],[-98.64380295399994,21.22149050800004],[-98.64317406199996,21.220651585000038],[-98.64245918499995,21.219741138000074],[-98.64230795399997,21.219672385000024],[-98.64090364599997,21.219485846000055],[-98.64052427699994,21.219502785000028],[-98.63903286199994,21.219400292000046],[-98.63825873799996,21.219347077000066],[-98.63812078499994,21.219351338000024],[-98.63288164599997,21.21892404600004],[-98.62122846199998,21.217932877000067],[-98.63446621499996,21.19917369200004],[-98.63265106199998,21.197949415000043],[-98.63339669199995,21.19668486200004],[-98.63437663099994,21.195202754000032],[-98.63608249199994,21.192362923000076],[-98.63722632299991,21.190658738000028],[-98.63852647699996,21.188543431000024],[-98.63907709199997,21.187526862000027],[-98.64054333799997,21.18540332300006],[-98.64059064599996,21.185011446000033],[-98.63959804599993,21.183140215000034],[-98.64010801499994,21.182891185000077],[-98.64035458499995,21.182742446000073],[-98.64058892299992,21.182769615000037],[-98.64099236899993,21.18292529200005],[-98.64130996899996,21.18275610800003],[-98.64154869199997,21.18260718500005],[-98.64171167699999,21.18235384600007],[-98.64210773799991,21.18217903100003],[-98.64242164599995,21.18215655400007],[-98.64298586199999,21.18246258500005],[-98.64335152299994,21.182560415000072],[-98.64390946199997,21.18264469200005],[-98.64472658499994,21.18290444600007],[-98.64535830799994,21.182892585000044],[-98.64586139999993,21.182754415000034],[-98.64635996899995,21.182674738000056],[-98.64685201499994,21.182685523000032],[-98.64715150799998,21.18276706200004],[-98.64793158499998,21.18332046200004],[-98.64849678499995,21.183488600000032],[-98.64933956899995,21.183501292000074],[-98.65007149199992,21.183517338000055],[-98.65062533799993,21.183517954000024],[-98.65078998499995,21.183331246000023],[-98.65093232299992,21.183051800000044],[-98.65103876899994,21.182731200000028],[-98.65086143099994,21.18243898500003],[-98.65049587699993,21.181756077000042],[-98.65050392299996,21.18143350800005],[-98.65039676899993,21.18109301500004],[-98.65052163099993,21.180932662000032],[-98.65069558499991,21.180936477000046],[-98.65080264599996,21.181101908000077],[-98.65092926199998,21.181258708000033],[-98.65110909199996,21.18135812300006],[-98.65130279999993,21.181442138000023],[-98.65145932299995,21.18148146200003],[-98.65152181499994,21.18153469200007],[-98.65141921499996,21.181895400000034],[-98.65166938500002,21.182104308000078],[-98.65189772299996,21.182165138000073],[-98.65237259999995,21.182152431000077],[-98.65249755399995,21.182262862000073],[-98.65251424599995,21.18244670800004],[-98.65262653799991,21.182724369000027],[-98.65281467699994,21.18286010800006],[-98.65312959999994,21.18286301500007],[-98.65352393799998,21.18275198500004],[-98.65375446199994,21.182790923000027],[-98.65392370799995,21.18300203100005],[-98.65438670799992,21.183211600000046],[-98.65433256899993,21.18338398500003],[-98.65427,21.183544077000022],[-98.65422009199995,21.183684585000034],[-98.65430492299996,21.183820277000052],[-98.65451355399995,21.18387601500007],[-98.65486775399991,21.183820785000027],[-98.65523555399992,21.183726492000062],[-98.65549053799992,21.183775369000045],[-98.65575979999993,21.18392689200004],[-98.65592489199996,21.184078523000043],[-98.6560064769999,21.184344015000026],[-98.65614559999993,21.18449269200005],[-98.65648759999999,21.184590692000032],[-98.65683867699988,21.18483060000005],[-98.65686453799997,21.185195],[-98.65693667699995,21.18550358500004],[-98.65704336899995,21.185604323000064],[-98.65757867699992,21.185529431000074],[-98.65785233799991,21.185503938000064],[-98.65810132299995,21.18562746200007],[-98.65845844599993,21.185961954000053],[-98.65852469199997,21.186105215000055],[-98.65868764599996,21.186140262000034],[-98.65894198499994,21.186047415000075],[-98.65895272299993,21.18578395400004],[-98.65884873799992,21.185573062000056],[-98.65883412299992,21.185316908000058],[-98.65891193799993,21.18505883100005],[-98.65888653799995,21.184896908000045],[-98.65863886199995,21.18472223100002],[-98.65834595399994,21.18447261500006],[-98.65830664599996,21.18437193800003],[-98.65829249199997,21.18428],[-98.65823772299993,21.184172446000048],[-98.65823896899994,21.18398392300003],[-98.65829032299993,21.183819262000043],[-98.65821776899996,21.183394631000052],[-98.65816972299996,21.183064415000047],[-98.65829707699996,21.18280592300005],[-98.66030821499996,21.182845815000064],[-98.66378250799991,21.184050585000023],[-98.66426826199996,21.185619308000067],[-98.66445278499998,21.18625844600007],[-98.66510039999994,21.187479154000076],[-98.66552389199995,21.188177523000036],[-98.66581238499997,21.18916744600006],[-98.66667684599996,21.189398462000042],[-98.66710869199993,21.190270292000037],[-98.66709641499993,21.191012200000042],[-98.66757032299994,21.191793046000043],[-98.66831258499994,21.19224018500006],[-98.66908424599995,21.19285449200004],[-98.66935089199994,21.193244954000026],[-98.66929015399994,21.19382980000006],[-98.66878359999997,21.194330200000024],[-98.66875323099997,21.194636538000047],[-98.66893113799992,21.19485970800003],[-98.66934759999997,21.194721231000074],[-98.67018081499995,21.194388631000034],[-98.67092464599995,21.194139385000025],[-98.67199446199999,21.194364292000046],[-98.67306432299993,21.194561354000037],[-98.67344995399995,21.19495203100007],[-98.67415412299991,21.195652185000032],[-98.67513710799989,21.196726969000053],[-98.67549521499993,21.197252585000058],[-98.67591695399992,21.197759877000067],[-98.67631190799992,21.197980000000005],[-98.67640170799994,21.198131385000067],[-98.67667781499992,21.198319477000037],[-98.67679547699996,21.198576554000056],[-98.67692961499995,21.198706062000042],[-98.67706858499996,21.19898546200006],[-98.6770827999999,21.199120831000073],[-98.6769863229999,21.199311292000058],[-98.67691775399996,21.199367662000046],[-98.67715449199994,21.199471215000077],[-98.67862449199998,21.19936423100006],[-98.67872876899995,21.199435969000035],[-98.67937673799993,21.19930583100006],[-98.67962703099992,21.19915484600006],[-98.67972498499995,21.199077262000063],[-98.67971098499997,21.19895015400005],[-98.67969092299994,21.198840477000033],[-98.67966295399997,21.198589815000044],[-98.67974524599997,21.198476215000028],[-98.67984256899994,21.19836555400008],[-98.68038984599995,21.198480231000072],[-98.68072447699994,21.198674],[-98.68116096899995,21.198956369000033],[-98.68169673799994,21.199791523000044],[-98.68169678499999,21.199869662000033],[-98.68177215399994,21.200034338000023],[-98.68182249199998,21.20026960000007],[-98.68197698499995,21.200414292000062],[-98.68207412299992,21.200568969000077],[-98.68233659999996,21.200723738000015],[-98.68266006199997,21.20063786200006],[-98.68304727699993,21.200262123000076],[-98.68315727699994,21.19999478500006],[-98.68334253799993,21.199642185000073],[-98.683427785,21.199539277000035],[-98.68355312299994,21.199374508000066],[-98.68360326199996,21.19930387700003],[-98.68372850799992,21.19899792300004],[-98.68375344599995,21.198762615000078],[-98.68374601499991,21.198727923000032],[-98.68372827699991,21.19864498500004],[-98.68365287699996,21.198433277000046],[-98.68337672299992,21.19819813800007],[-98.68322616899995,21.19817469200007],[-98.68322609199998,21.19805704600003],[-98.68345164599998,21.197656923000068],[-98.68396518499996,21.19705069200007],[-98.68451992299998,21.19704141500006],[-98.68478070799993,21.19698072300003],[-98.68492629199994,21.196893908000053],[-98.68523639999994,21.196791785000077],[-98.68524138499997,21.196689077000027],[-98.68517873799998,21.19661527700003],[-98.68517898499991,21.196615246000082],[-98.68568141499995,21.19652101500003],[-98.68618069199992,21.195767138000065],[-98.68550055399996,21.19567087700005],[-98.68549572299995,21.195670200000052],[-98.68560984599996,21.195396477000028],[-98.68635196899997,21.195123969000065],[-98.68659833799992,21.194900846000056],[-98.68653735399991,21.19455633800004],[-98.68614276899993,21.194423538000024],[-98.68544658499994,21.194338031000033],[-98.68544826199994,21.194314738000063],[-98.68571563099991,21.19408875400007],[-98.68529829199996,21.19348392300003],[-98.68533001499992,21.192620523000073],[-98.68550503099995,21.191726308000053],[-98.68555506199999,21.19149098500003],[-98.68552984599995,21.191302785000065],[-98.68542941499997,21.191185200000067],[-98.68532901499997,21.191138200000072],[-98.68510324599998,21.19116186200006],[-98.68502798499996,21.191185431000065],[-98.68485239999994,21.19123260000003],[-98.68472689199993,21.19113855400008],[-98.68475192299994,21.191044415000086],[-98.68480195399994,21.19083263100003],[-98.68515276899994,21.19019713800003],[-98.68522803099991,21.190173554000072],[-98.68546527699999,21.19014995400005],[-98.68576949199995,21.190131508000036],[-98.68615498499997,21.190037154000038],[-98.68692587699994,21.189886477000076],[-98.68761533799993,21.189887754000043],[-98.68850753799993,21.189908415000048],[-98.68893369199998,21.189757092000033],[-98.68927863099997,21.189662662000046],[-98.68940084599994,21.18939669200006],[-98.68941715399993,21.189229892000068],[-98.68964279999999,21.189017985000078],[-98.68984339999996,21.188876692000065],[-98.69009416899995,21.188711831000028],[-98.69031992299993,21.18864110800007],[-98.69042019999995,21.188546923000043],[-98.69062086199993,21.188476215000033],[-98.69114759999995,21.18831118500003],[-98.69142347699994,21.188193369000032],[-98.69157395399998,21.188122692000032],[-98.69169933799995,21.188028492000054],[-98.69151401499991,21.187710677000037],[-98.69113606199994,21.187223308000057],[-98.69098223099994,21.18698038500003],[-98.69102066199999,21.186717677000043],[-98.69112459999997,21.186390492000044],[-98.69125738499996,21.186189708000033],[-98.69134735399992,21.185910138000054],[-98.69139407699997,21.185739708000025],[-98.69164839999995,21.185460354000043],[-98.69166886199997,21.18520241500005],[-98.69154869199997,21.18491495400008],[-98.69147026199994,21.18465487700007],[-98.69170141499994,21.18445452300006],[-98.69173315399993,21.184228185000055],[-98.69187413799992,21.184203369000045],[-98.692259585,21.184194185000027],[-98.69267224599996,21.184212354000067],[-98.69300195399994,21.184134354000037],[-98.69318506199991,21.184145800000067],[-98.69336053799996,21.18417250800007],[-98.69352075399995,21.184199200000023],[-98.69361803099994,21.184222092000027],[-98.69399186199995,21.183897846000036],[-98.69384446199997,21.18368292300005],[-98.69382938499997,21.18366093800006],[-98.69374666199995,21.18349655400004],[-98.69377984599997,21.183246677000053],[-98.69385638499993,21.18292318500005],[-98.69399813799996,21.182737215000024],[-98.69406338499992,21.182623754000076],[-98.6941182,21.182594954000024],[-98.69429296899995,21.18250310800004],[-98.69457230799995,21.182305785000036],[-98.69464839999995,21.182196769000033],[-98.69462684599996,21.18203480000005],[-98.6946898,21.18194046200006],[-98.69473370799993,21.181815708000048],[-98.69475361499997,21.181759123000063],[-98.69474730799996,21.181605200000032],[-98.69468659999995,21.181506892000073],[-98.69467638499995,21.181504508000046],[-98.69463689199995,21.181495277000067],[-98.69460943099995,21.181488862000037],[-98.694586185,21.18148343100006],[-98.69454044599996,21.181517],[-98.69422621499994,21.181747723000058],[-98.69420829199998,21.181750338000032],[-98.69410213799993,21.181765892000044],[-98.69409950799995,21.18176627700006],[-98.69398827699992,21.181669231000054],[-98.69390603099997,21.181574692000027],[-98.69380303099996,21.181288600000073],[-98.69377443099994,21.18112073800006],[-98.69371147699994,21.180994862000034],[-98.69361421499995,21.18086133800006],[-98.69342538499995,21.180266246000027],[-98.69340781499992,21.180152477000036],[-98.69338532299994,21.180006862000024],[-98.69334524599998,21.17986113800004],[-98.69324864599997,21.17950987700004],[-98.6931071229999,21.17917103100007],[-98.694599462,21.178270092000048],[-98.69364730799997,21.17729573800006],[-98.69389787699994,21.176899600000073],[-98.69392960000002,21.176291323000044],[-98.69375841499999,21.175750723000082],[-98.69344643099997,21.175486231000033],[-98.69337090799993,21.175109800000026],[-98.69333526199995,21.17471615400007],[-98.69316958499996,21.174239338000064],[-98.69304389199999,21.17386295400007],[-98.69289321499996,21.173651277000033],[-98.69284290799997,21.17346307700006],[-98.69266723099996,21.17334553800003],[-98.69261689199998,21.17311027700003],[-98.69264170799993,21.172733785000045],[-98.69271655399994,21.172169031000067],[-98.69274127699995,21.17167490800006],[-98.69276618499997,21.171416062000045],[-98.69284107699994,21.17092190800003],[-98.69281581499993,21.17066309200004],[-98.69269019999996,21.170404354000027],[-98.69253944599996,21.17007503100007],[-98.69221312299996,21.16976935400003],[-98.69219683099996,21.16949016900003],[-98.69216689199999,21.169273123000043],[-98.69214776899996,21.169137462000037],[-98.69173419999996,21.169048723000063],[-98.69153639999993,21.16892095400004],[-98.69154169199999,21.168705999999997],[-98.69173473799997,21.168594769000038],[-98.69185366199999,21.168539631000037],[-98.69211749199995,21.168508615000064],[-98.69217756899994,21.168342062000022],[-98.69202409199991,21.167982031000065],[-98.69152183099999,21.16769313800006],[-98.69109629199994,21.167471631000073],[-98.69111786199994,21.167051169000054],[-98.69123773799997,21.166728523000074],[-98.69138353799995,21.16649036900003],[-98.69151878499997,21.166225769000054],[-98.69167029199997,21.16598250800007],[-98.69190784599999,21.16588273800005],[-98.69217766199992,21.165836108000065],[-98.69232895399992,21.165828892000036],[-98.69247929199996,21.165704369000025],[-98.69264461499995,21.165579092000026],[-98.69293106199994,21.165224508000048],[-98.69313449199994,21.16492036900008],[-98.6933910769999,21.16454967700002],[-98.69356436899994,21.164434877000076],[-98.69377556899995,21.164233277000047],[-98.69419084599996,21.16382281500006],[-98.69433387699993,21.163709938000064],[-98.69458392299998,21.163604538000072],[-98.69496747699996,21.163326785000034],[-98.69534647699996,21.16295972300003],[-98.69551483099995,21.162710815000022],[-98.69569612299993,21.162606508000064],[-98.69595927699997,21.162416338000067],[-98.69648303099994,21.161603615000047],[-98.69664050799996,21.161460123000044],[-98.6967092149999,21.161461615000068],[-98.69675492299996,21.161503831000058],[-98.69674339999993,21.161637585000047],[-98.69673147699994,21.161786800000073],[-98.69672749199998,21.161949062000076],[-98.69676449199994,21.16212253800006],[-98.69680401499993,21.162192969000046],[-98.69688461499996,21.162269431000027],[-98.69700509199998,21.162290077000023],[-98.69702816899995,21.162246754000023],[-98.69700506199996,21.162179262000052],[-98.69697216899999,21.161727585000047],[-98.69707930799994,21.16184327700006],[-98.69721087699996,21.161972385000073],[-98.69730612299995,21.162013108000053],[-98.69738412299994,21.161860169000033],[-98.69746566199996,21.16178720000004],[-98.69764543099996,21.161744708000075],[-98.697883446,21.16179364600003],[-98.69799389199994,21.161943323000063],[-98.69816209199993,21.162037154000075],[-98.69833018499995,21.162133538000024],[-98.69925596899999,21.16183536900008],[-98.69988284599997,21.16155260000005],[-98.70053483099996,21.161293338000064],[-98.70103636899995,21.161128292000058],[-98.701820092,21.16077113800003],[-98.70251846199994,21.161885600000062],[-98.70264649199997,21.163078523000028],[-98.70271541499993,21.163908538000044],[-98.70301172299995,21.164414169000057],[-98.70288044599991,21.165440646000032],[-98.70305812299993,21.16639604600004],[-98.703166846,21.16679204600007],[-98.70319490799994,21.16685861500003],[-98.70322159999996,21.166951154000067],[-98.70365512299995,21.16848144600004],[-98.70285670799993,21.170332985000073],[-98.70232156899996,21.170832938000046],[-98.70151343099997,21.171336862000032],[-98.70155910799997,21.172019554000027],[-98.70191056899996,21.172772723000037],[-98.70172307699991,21.173402323000065],[-98.70153035399991,21.174120185000053],[-98.70109339999998,21.174072031000033],[-98.70034352299996,21.175040615000054],[-98.69949778499995,21.175631492000033],[-98.69937296899994,21.17622852300008],[-98.69977856899995,21.177243092000026],[-98.70060778499997,21.178747908000044],[-98.7010485229999,21.18007136900008],[-98.70150059999997,21.18074030800005],[-98.70193250799994,21.18085647700008],[-98.70200584599995,21.180880738000045],[-98.70200430799996,21.180978477000057],[-98.70232996899996,21.181073354000034],[-98.70274298499997,21.181529938000036],[-98.70225032299997,21.18197806200005],[-98.70188741499997,21.182204569000078],[-98.70159132299993,21.182454677000067],[-98.701174569,21.18296687700007],[-98.70117093799993,21.18301620000005],[-98.701164615,21.183102046000037],[-98.70133979999997,21.183279062000054],[-98.70172239999992,21.183474800000056],[-98.70166821499998,21.183897],[-98.70196766199996,21.18448195400003],[-98.70199264599997,21.184680338000078],[-98.70200798499995,21.18480223100005],[-98.70212076899998,21.185118277000072],[-98.70229439999997,21.18515272300004],[-98.70270098499995,21.185139385000067],[-98.70275787699993,21.185223923000024],[-98.70289235399994,21.185335923000025],[-98.70318147699997,21.185487877000067],[-98.70338176899996,21.18572684600002],[-98.70374306199993,21.185816154000065],[-98.70380153799991,21.18594627700002],[-98.70390386199995,21.186157862000076],[-98.70402010799994,21.186219523000027],[-98.70436855399997,21.186302862000044],[-98.70454569199997,21.186348415000055],[-98.704727646,21.186421046000078],[-98.704867015,21.186464215000058],[-98.70487743099993,21.186520785000027],[-98.70487646199997,21.186533631000028],[-98.70487244599997,21.186586831000053],[-98.70490669199997,21.186709692000022],[-98.70500229199995,21.186893785000056],[-98.70523313799997,21.187196831000048],[-98.70581164599997,21.187129923000043],[-98.70596658499994,21.187022200000055],[-98.70612016899997,21.18693913800007],[-98.70617352299995,21.187005877000047],[-98.70620458499997,21.187106800000034],[-98.70620076899996,21.18720204600003],[-98.70622692299996,21.18740838500003],[-98.70641347699996,21.18738196900006],[-98.70643235399994,21.187363600000026],[-98.70670129199999,21.18691404600003],[-98.70678623099994,21.186788092000032],[-98.70683992299995,21.186786708000053],[-98.70717467699994,21.186843415000055],[-98.70730479999997,21.186877723000073],[-98.70737,21.18710227700006],[-98.70743863099993,21.187310277000048],[-98.70746000000001,21.187396985000078],[-98.70755153799995,21.18741198500004],[-98.70765924600002,21.187352123000043],[-98.70774178499991,21.187128323000028],[-98.70786950799999,21.18677536900003],[-98.70798698500002,21.186675062000063],[-98.70819326199997,21.186599538000046],[-98.70832438499997,21.18652030800007],[-98.70856784599992,21.186639708000026],[-98.708600231,21.186705323000073],[-98.70861000000001,21.186877815000063],[-98.70860586199996,21.187006215000054],[-98.70866335399995,21.18726073800008],[-98.70875135399994,21.18725686200003],[-98.70911227699996,21.18714187700004],[-98.70917910799992,21.18710432300003],[-98.70934255399995,21.186929015000032],[-98.70947050799997,21.18677476900007],[-98.70977421499997,21.18625503100003],[-98.70989,21.186052092000065],[-98.71018035399999,21.185954385000063],[-98.71051563099996,21.185652200000046],[-98.71055401499994,21.185635246000057],[-98.71077458499995,21.185695338000073],[-98.71090709199996,21.185723999999997],[-98.71110566199998,21.18574404600002],[-98.71121129199999,21.18572884600007],[-98.71134918499996,21.185662969000077],[-98.71152512299994,21.185606523000043],[-98.71163823099994,21.185614692000055],[-98.71190827699995,21.185654923000076],[-98.71208963099997,21.185681185000078],[-98.71214710799994,21.18573961500004],[-98.712314662,21.185852585000074],[-98.71243812299994,21.185914492000055],[-98.71249663099995,21.185902415000044],[-98.71261746199998,21.185812523000035],[-98.71269892299995,21.18575723100002],[-98.71272647699996,21.18572393800002],[-98.71272833799995,21.185593354000044],[-98.71267990799998,21.185469677000068],[-98.71265733799997,21.18516106200008],[-98.71270543099995,21.185060769000074],[-98.71297690799996,21.18474780000002],[-98.71308192299993,21.18467595400006],[-98.71325195399999,21.184587738000065],[-98.71353607699993,21.184420508000073],[-98.71372961499998,21.184311600000058],[-98.7137914,21.184258015000076],[-98.71393233799994,21.184039631000076],[-98.71407232299997,21.18382630800005],[-98.71417670799997,21.183680462000037],[-98.71427144599993,21.183600954000042],[-98.71452116899997,21.183494246000066],[-98.71464847699995,21.18344275400005],[-98.71471841499992,21.183439969000062],[-98.71472546199999,21.183473323000044],[-98.71471238499998,21.183539892000052],[-98.71469804599997,21.183614400000067],[-98.71466724599999,21.183728323000025],[-98.71462041499997,21.183920831000023],[-98.714707708,21.18438698500006],[-98.71476503099996,21.184657600000037],[-98.71478778499994,21.184776277000022],[-98.71490069199999,21.184884631000045],[-98.71495347699995,21.184923738000066],[-98.71517043099998,21.185094292000027],[-98.71532886199998,21.185196369000032],[-98.71546783099994,21.185265662000067],[-98.715635938,21.185300215000034],[-98.71590487699994,21.185161385000068],[-98.71593350799998,21.185152323000068],[-98.71602227699998,21.185138015000064],[-98.71605452299997,21.18515849200003],[-98.71601049199995,21.185317385000076],[-98.71591756899994,21.18562140000006],[-98.71602872299995,21.185735185000052],[-98.71619636899997,21.18588710800003],[-98.71627716899995,21.185934169000067],[-98.71644015399993,21.18598638500003],[-98.71654638499997,21.185991985000044],[-98.71665844599993,21.185944846000034],[-98.71675235399991,21.185778477000042],[-98.71681476899995,21.18565490800006],[-98.71695773799995,21.18545523100005],[-98.71699555399992,21.185414046000062],[-98.717029262,21.185378185000047],[-98.717055954,21.18535643100006],[-98.717180785,21.185287031000026],[-98.71750338499999,21.18509913800005],[-98.71780127699998,21.184937292000033],[-98.71788192299992,21.18486612300007],[-98.71809601499993,21.184658123000084],[-98.71828007699996,21.184542785000076],[-98.71855095399995,21.184470938000057],[-98.71879698499998,21.18443316900004],[-98.71912078499999,21.184399062000065],[-98.71915986199997,21.184376108000038],[-98.71933286199997,21.18409030800007],[-98.719357985,21.184052938000036],[-98.71952329199998,21.184158846000063],[-98.71947252299994,21.184522215000072],[-98.71945329199998,21.18465984600004],[-98.71940350799997,21.185282938000054],[-98.71892478499997,21.186325492000037],[-98.71890810799991,21.186361846000068],[-98.71892706199998,21.186390338000024],[-98.71903913799996,21.18655887700004],[-98.71927875399993,21.186912846000038],[-98.71942858499995,21.18713416900005],[-98.72033850799991,21.187131],[-98.72087424599992,21.186489462000054],[-98.72092833799994,21.186467262000065],[-98.72093561499996,21.186464277000027],[-98.72122938499999,21.18634372300005],[-98.72143784599996,21.185587985000037],[-98.72151304599998,21.185477523000028],[-98.72210364599994,21.18485686200006],[-98.72288956899993,21.183837477000054],[-98.72334556899993,21.183329077000046],[-98.72335106199995,21.183325354000033],[-98.72339827699992,21.18329327700007],[-98.72354923099992,21.18319070800004],[-98.72383487699992,21.183049569000044],[-98.72388967699999,21.183044692000067],[-98.72436570799992,21.183002400000078],[-98.72460758499994,21.183214585000027],[-98.72474075399997,21.183331400000043],[-98.72491698499994,21.18353970800007],[-98.72504604599999,21.18374798500002],[-98.72537841499992,21.18400860000003],[-98.72577166199993,21.18425918500003],[-98.72628366199999,21.18447821500007],[-98.72648698499995,21.184530554000045],[-98.72702309199998,21.184618123000064],[-98.72731904599998,21.184566585000024],[-98.72748649199997,21.184547231000064],[-98.72766000000001,21.18458853800007],[-98.72802598499997,21.18442546200004],[-98.72833652299988,21.184342815000033],[-98.72842950799996,21.184048200000063],[-98.72833764599993,21.183718615000032],[-98.72819018499993,21.18345829200007],[-98.72789441499998,21.183242954000033],[-98.72745163099995,21.182687400000077],[-98.72671326199998,21.18197532300008],[-98.72652961499995,21.18128147700003],[-98.72651233799994,21.180622569000032],[-98.72655033799997,21.180067800000074],[-98.72677298499995,21.179652031000046],[-98.72706910799995,21.17951378500004],[-98.72730952299996,21.179496831000048],[-98.72766076899995,21.17954941500005],[-98.72810419999995,21.179740862000074],[-98.72839950799992,21.180053431000033],[-98.72879875399994,21.180389215000044],[-98.72927878499995,21.180806108000073],[-98.72961183099993,21.18095712300005],[-98.72983066199998,21.181162],[-98.73028723099996,21.181198277000078],[-98.73258766199997,21.18138107700003],[-98.73372579999995,21.181471492000075],[-98.73464393799996,21.181544431000077],[-98.73551175399996,21.182335215000023],[-98.73572879999992,21.182792923000022],[-98.73578352299994,21.183226477000062],[-98.73583792299993,21.183833415000038],[-98.73587435399995,21.18414556900007],[-98.73592939999996,21.18438840000005],[-98.73602090799994,21.184926046000044],[-98.73609392299991,21.185463662000075],[-98.73619095399992,21.186187169000053],[-98.73628246199996,21.18672481500004],[-98.73663298499997,21.18719350800006],[-98.73689123099996,21.187558031000037],[-98.73701952299997,21.18821710800006],[-98.73724090799999,21.18851220000004],[-98.73757289199993,21.18901553800003],[-98.73794192299992,21.189484262000065],[-98.7383481539999,21.189831662000074],[-98.738680446,21.19016161500003],[-98.73908664599998,21.190526354000042],[-98.739529615,21.19101252300004],[-98.73986176899997,21.191429169000063],[-98.74034161499996,21.191984738000034],[-98.74091592299997,21.19267036900004],[-98.741119446,21.192580538000072],[-98.741168046,21.192562277000032],[-98.74117836899994,21.19257353800003],[-98.74131386199998,21.192791800000066],[-98.74161826199999,21.192760492000044],[-98.74190087699998,21.192643999999998],[-98.741825846,21.192582908000077],[-98.74176384599998,21.192004908000055],[-98.74220530799994,21.191901154000053],[-98.74217747699997,21.191763108000032],[-98.74198000000001,21.191476277000046],[-98.74215864599994,21.191342169000055],[-98.74188827699996,21.190993000000002],[-98.74165661499997,21.190865831000057],[-98.74152326200002,21.190756092000075],[-98.74125024599995,21.190539354000066],[-98.74096000000002,21.190305662000075],[-98.74146789199995,21.19011449200008],[-98.74139052299995,21.18995129200005],[-98.741142692,21.190032323000025],[-98.74079479999995,21.190107400000045],[-98.74080466199997,21.190061954000043],[-98.74081066199996,21.189866123000062],[-98.74054110799993,21.18940684600005],[-98.74077758499999,21.189329554000032],[-98.74127238499995,21.189251862000052],[-98.74132703099995,21.189282323000043],[-98.74133673799996,21.18919941500008],[-98.74144349199999,21.18874293800007],[-98.74154346200001,21.188485831000033],[-98.74173843099997,21.18834118500007],[-98.74213681499997,21.187986477000038],[-98.74249067699998,21.18763935400005],[-98.74259447699995,21.187654108000064],[-98.74284116899996,21.18720706200003],[-98.74283173799994,21.187184631000036],[-98.74289139999995,21.18708155400003],[-98.74312324600001,21.186964092000043],[-98.74332172299992,21.186784446000043],[-98.74367732299997,21.18715576900008],[-98.74415495399997,21.186790215000027],[-98.74418087699995,21.186713815000076],[-98.74419483099997,21.18652366200007],[-98.74414000000002,21.186476],[-98.74439052299992,21.18630423100006],[-98.74452615399997,21.186253215000026],[-98.74454647699996,21.186171246000075],[-98.74414269199998,21.18596055400008],[-98.74453095399996,21.185442492000046],[-98.74507844599998,21.185000923000075],[-98.74530130799994,21.185329431000067],[-98.74587329199994,21.184960538000038],[-98.74600589199997,21.18483612300003],[-98.74631001499995,21.184550754000046],[-98.74652870799997,21.184328292000032],[-98.74667827699993,21.184354508000073],[-98.74705155399994,21.184555785000043],[-98.74726013799994,21.184680600000036],[-98.74781095399997,21.184826800000053],[-98.74837978499991,21.184856800000034],[-98.74862298499995,21.184944185000067],[-98.74882598499995,21.18495547700008],[-98.7494104,21.185021692000078],[-98.74976804599999,21.185062215000073],[-98.75004990799992,21.185128354000028],[-98.75025133799993,21.18510903100002],[-98.75050186199995,21.185137862000026],[-98.75087793799995,21.185169323000025],[-98.75117923099998,21.185175662000066],[-98.75147998499995,21.185205554000046],[-98.75175504599997,21.18525846200004],[-98.75184290799993,21.185285846000056],[-98.75207921499997,21.18535952300004],[-98.75235203099994,21.185506631000063],[-98.75275039999995,21.18565636900007],[-98.75322352299996,21.185831246000074],[-98.75352089199998,21.186002415000075],[-98.75384393799999,21.186150585000064],[-98.75411450799999,21.186391877000062],[-98.75448721499997,21.186564631000067],[-98.75486159999996,21.186666738000042],[-98.75513779999993,21.186672554000037],[-98.75569356899997,21.18654286200006],[-98.75579996899995,21.186495738000076],[-98.7559474769999,21.186430385000047],[-98.75620306199995,21.186247277000056],[-98.75658250799994,21.186137431000077],[-98.75691229199998,21.186003],[-98.75726663099994,21.185892631000055],[-98.75769516899997,21.18583093800003],[-98.75792170799997,21.185812138000074],[-98.7585782309999,21.185826723000048],[-98.75922000000001,21.185980846000064],[-98.75947284599991,21.18608030800004],[-98.75972056899995,21.18622687700002],[-98.75997109199993,21.186255692000035],[-98.76032375399994,21.186215969000045],[-98.7605765229999,21.186150585000064],[-98.76100843099992,21.185947600000077],[-98.76151398499998,21.185816846000023],[-98.76176563099995,21.185798554000026],[-98.76217810799992,21.185684923000053],[-98.76230706199999,21.185857323000054],[-98.76270272299993,21.18624247700006],[-98.76323395399999,21.185959015000037],[-98.76328663099997,21.185957154000054],[-98.76330310799993,21.18596050800005],[-98.76341061499994,21.185982277000047],[-98.76349367699999,21.185999108000033],[-98.76379016899993,21.18591004600006],[-98.76408770799996,21.18582066200003],[-98.76435270799996,21.18574104600003],[-98.76514418499994,21.18548640000006],[-98.76532147699997,21.18539466200008],[-98.76541012299997,21.18531975400003],[-98.766295169,21.184767754000067],[-98.766309462,21.184760877000027],[-98.76638973799996,21.184733215000048],[-98.76701523099995,21.184517738000068],[-98.76730346199999,21.184416662000046],[-98.76711163099998,21.18409970800008],[-98.76693023099993,21.183931200000075],[-98.76687621499995,21.183848615000045],[-98.76723173799995,21.183697262000067],[-98.76696395399996,21.183045754000034],[-98.76613310799995,21.18338916900007],[-98.76611447699997,21.183338323000044],[-98.7659,21.183450031000064],[-98.76585186199995,21.183424308000042],[-98.76583843099993,21.183434677000033],[-98.76550236899996,21.183354215000065],[-98.76526109199995,21.18325983100004],[-98.76527712299993,21.182748462000063],[-98.76480983099998,21.182346738000028],[-98.76459858499999,21.182160400000043],[-98.76456175399994,21.182112538000066],[-98.764513708,21.182050077000042],[-98.76447672299996,21.18195255400008],[-98.76426866199998,21.181761231000053],[-98.76417493799991,21.181642154000027],[-98.764139415,21.181581],[-98.76414676899999,21.18148990800006],[-98.76409898499998,21.181062246000067],[-98.76395989199995,21.18065944600005],[-98.76381264599996,21.180477600000074],[-98.764400692,21.18010535400003],[-98.76470752299996,21.17995776900006],[-98.76463827699995,21.17980652300003],[-98.76460266199999,21.179766],[-98.76408123099996,21.17972493800005],[-98.76408026199994,21.179570677000076],[-98.76413230799993,21.17946941500003],[-98.76417581499997,21.179434446000077],[-98.76451250799991,21.17955816900008],[-98.76469663099994,21.179307169000033],[-98.76472293799996,21.179320846000053],[-98.76476915399995,21.179266000000002],[-98.76447179999995,21.178943831000026],[-98.76450779999998,21.17884613800004],[-98.76447815399992,21.178812415000042],[-98.76464121499998,21.178630292000033],[-98.76458735399994,21.178563092000047],[-98.76498784599994,21.17817347700003],[-98.76500983099997,21.178163615000077],[-98.76520013799993,21.178053231000032],[-98.76532503099995,21.177986400000073],[-98.76558489199991,21.178202338000062],[-98.76582953799996,21.178077262000045],[-98.76571519999999,21.177999569000068],[-98.76564915399993,21.177902600000042],[-98.76581649199994,21.177761431000086],[-98.76587435399993,21.17712915400006],[-98.76582675399999,21.176944692000067],[-98.76622019999996,21.17662764600004],[-98.76659883099992,21.176525354000034],[-98.76655763099996,21.176244969000038],[-98.76634390799995,21.176104154000036],[-98.76619010799999,21.176109338000057],[-98.76616246199997,21.17603781500003],[-98.76604863099998,21.176020985000036],[-98.76604541499995,21.17598056900005],[-98.76588347699999,21.17587047700005],[-98.76586624599997,21.175811969000055],[-98.76606309199998,21.17572152300005],[-98.76626681499994,21.175602108000078],[-98.76632156899996,21.17564006200007],[-98.76653019999996,21.175684554000043],[-98.76662403100002,21.175765308000056],[-98.76675798499997,21.17562989200007],[-98.76682847699998,21.175593785000046],[-98.76689459999994,21.175473277000034],[-98.76730938499998,21.175041],[-98.7674313539999,21.174942800000053],[-98.76771724599996,21.17490987700006],[-98.76780209199995,21.174975462000088],[-98.76797466199999,21.175222938000044],[-98.76817169199994,21.17522710800006],[-98.76820004599993,21.175015185000067],[-98.76825829199998,21.175003092000054],[-98.76825635399996,21.174945231000038],[-98.76833372299994,21.174926431000078],[-98.76832195399997,21.174764046000067],[-98.76860592299994,21.174483831000032],[-98.76873279999994,21.17447107700008],[-98.76871249199995,21.174408338000035],[-98.76892767699995,21.174342677000027],[-98.76999970799994,21.173918769000075],[-98.77014693799997,21.173807108000066],[-98.77039827699994,21.174119062000045],[-98.77080172299995,21.17402875400007],[-98.77093233799992,21.173999538000032],[-98.77110906199994,21.17385472300004],[-98.77127713799995,21.17332824600004],[-98.77150095399996,21.17283618500005],[-98.77185695399997,21.172605800000042],[-98.77213443099997,21.172376985000028],[-98.77238773799992,21.172256908000065],[-98.77264143099994,21.172120646000053],[-98.77292138499995,21.171968769000056],[-98.77315775399994,21.172014215000047],[-98.77341381499994,21.172064031000048],[-98.77349052299994,21.172137815000042],[-98.77387798499994,21.17251047700006],[-98.77396935399996,21.172677646000068],[-98.7741323229999,21.172825969000034],[-98.77417326199998,21.17285672300006],[-98.77416647699992,21.17287961500006],[-98.77431281499994,21.17297232300007],[-98.77435741499993,21.17304404600003],[-98.77455273799994,21.173189954000065],[-98.77475669199998,21.17321016900008],[-98.77495398499998,21.17322826200007],[-98.77511164599996,21.173224615000038],[-98.77519901499993,21.173206954000026],[-98.77532423099994,21.173192877000076],[-98.77556484599994,21.17316664600003],[-98.77574889199992,21.17314224600005],[-98.77599079999996,21.17323693800006],[-98.77612944599998,21.173291231000064],[-98.77633513799995,21.17364164600008],[-98.776023492,21.173915954000055],[-98.77569567699997,21.17419493800003],[-98.77546556899995,21.17441578500007],[-98.77537613799991,21.17457441500006],[-98.77537495399993,21.174847031000073],[-98.77535884599993,21.175072400000033],[-98.77539006199997,21.175333877000067],[-98.77559916899996,21.175556862000064],[-98.77565615399998,21.175859000000003],[-98.77565190799997,21.17626016900005],[-98.77584889199991,21.17675084600006],[-98.77603403099992,21.177065738000074],[-98.77606523099995,21.17736356900003],[-98.77615330799995,21.17752260000003],[-98.77630827699991,21.177717],[-98.77633901499993,21.177998538000054],[-98.7763608769999,21.17836447700006],[-98.77653803099994,21.17869789200006],[-98.77660186199995,21.179212877000047],[-98.77650409199998,21.179788231000032],[-98.7764383539999,21.180535169000056],[-98.77650241499997,21.180898708000036],[-98.77647601499993,21.181037846000034],[-98.77650098499998,21.18127787700007],[-98.77651059999991,21.18137030800005],[-98.77655966199997,21.18184176900008],[-98.77657710799993,21.182009492000077],[-98.77664584599992,21.182186169000033],[-98.77674246199993,21.182383169000047],[-98.77702604599995,21.182452200000053],[-98.77725798499996,21.182500862000037],[-98.77747709199994,21.18251726200003],[-98.77776072299996,21.18246929200006],[-98.77803453799996,21.182369723000026],[-98.77837179999992,21.18225172300004],[-98.77876544599995,21.18226549200006],[-98.77919795399997,21.182398523000074],[-98.77946430799993,21.18265195400005],[-98.77979138499994,21.183252677000038],[-98.78008609199996,21.183628246000062],[-98.78019,21.183975246000045],[-98.78052316900002,21.184295631000055],[-98.78069986199996,21.18441646200006],[-98.78109926199996,21.18453223100004],[-98.78132539999996,21.18480340000008],[-98.78136263099998,21.185137215000047],[-98.78118789199996,21.18541812300003],[-98.78097759999996,21.18556507700003],[-98.78079107699992,21.185763569000073],[-98.78080933799997,21.185981815000048],[-98.78146169199994,21.18622558500004],[-98.78223606199998,21.186228],[-98.78237784599995,21.186179831000057],[-98.78320019999995,21.186119215000073],[-98.78395669199995,21.186120169000045],[-98.78510763099995,21.186275846000058],[-98.78599555399994,21.186369477000028],[-98.78710156899997,21.186651015000056],[-98.78772618499991,21.18686767700007],[-98.78842206199994,21.187237615000075],[-98.78906146199996,21.18744301500004],[-98.78941444599997,21.18762664600007],[-98.79007167699996,21.18801187700006],[-98.79084916899996,21.18804344600005],[-98.79134778499996,21.187953169000032],[-98.792964446,21.186722508000056],[-98.79311589199995,21.186605662000034],[-98.79402003099995,21.185956523000076],[-98.79478353799998,21.18550818500006],[-98.79526000000001,21.18481072300006],[-98.79597550799996,21.184250523000063],[-98.79676855399997,21.18336486200008],[-98.79723647699994,21.183301985000067],[-98.79797067699995,21.183343415000024],[-98.79832121499997,21.18376586200003],[-98.79871523099995,21.18425975400004],[-98.79880476899997,21.184373246000064],[-98.79921559999998,21.184893969000036],[-98.79911524599999,21.18563743100003],[-98.79908993799995,21.186266262000057],[-98.79879750799994,21.186831415000036],[-98.79836964599998,21.187442138000048],[-98.79752992299997,21.188414415000068],[-98.797195231,21.18901740000007],[-98.79685732299997,21.18975587700004],[-98.79666793799998,21.190209277000058],[-98.796897431,21.190764662000053],[-98.79735715399993,21.191320323000074],[-98.79771855399996,21.191629138000053],[-98.79854030799997,21.192031031000056],[-98.79951321499999,21.192306062000057],[-98.80001229199995,21.192512246000028],[-98.80119,21.19293420000002],[-98.80298527699993,21.193217200000046],[-98.80465298499996,21.19323147700004],[-98.80480498499998,21.19320301500005],[-98.80531270799995,21.193245185000027],[-98.80534887699993,21.19325206200006],[-98.80673479999996,21.193303800000024],[-98.8075242,21.193326],[-98.80814319999995,21.193244908000054],[-98.80860472299996,21.19244361500006],[-98.80882735399994,21.19176155400004],[-98.80865683099994,21.190673538000052],[-98.80837956899994,21.190210954000065],[-98.80808438499996,21.189563],[-98.80749316899994,21.18891470800003],[-98.80686910799993,21.18823552300006],[-98.80654084599995,21.187741723000045],[-98.80608104599996,21.187216938000063],[-98.80558847699994,21.186599585000064],[-98.80486593799998,21.185796938000063],[-98.80440615399999,21.185272138000073],[-98.80371630799999,21.18462370800006],[-98.80312521499995,21.18391372300005],[-98.80248950799994,21.183191662000073],[-98.80164739999998,21.182215846000076],[-98.80066232299997,21.18101195400004],[-98.800203062,21.18011707700003],[-98.79971087699992,21.179253000000003],[-98.79921829199996,21.178697308000036],[-98.79859423099995,21.178079785000026],[-98.79783815399995,21.177801323000047],[-98.79718043099994,21.17776970800003],[-98.79671993799995,21.177799985000036],[-98.79589743099996,21.178014877000066],[-98.79550224599996,21.178384462000057],[-98.79487686199995,21.17875378500003],[-98.79438301499992,21.17912326200008],[-98.79388912299997,21.179523569000025],[-98.79323116899995,21.179646123000055],[-98.79260610799996,21.179768708000044],[-98.79198112299996,21.179829631000075],[-98.791192046,21.179643615000032],[-98.79069887699994,21.179519662000075],[-98.79010761499994,21.17899466200004],[-98.78987807699994,21.17850093800007],[-98.78994476899999,21.177853400000064],[-98.79001153799997,21.17714418500003],[-98.79027550799998,21.17652772300005],[-98.79079803099994,21.175864077000032],[-98.79097926199996,21.17476407700008],[-98.79085064599997,21.173599969000065],[-98.79078741499994,21.172798569000065],[-98.79068833799992,21.171280800000034],[-98.79033575399994,21.170047277000034],[-98.78976987699996,21.169152923000073],[-98.78937618499997,21.168623277000048],[-98.78896270799996,21.168342015000057],[-98.78859601499992,21.167865631000044],[-98.78856440000001,21.166971246000063],[-98.78879543099995,21.166385585000057],[-98.78960352299998,21.165667],[-98.79009470799996,21.164999554000076],[-98.79031967699996,21.164706215000024],[-98.79074516899998,21.16415146200007],[-98.79130583099996,21.16360166200008],[-98.79153718499998,21.16343223100005],[-98.79196375399992,21.16297060000005],[-98.79235323099992,21.162010800000076],[-98.79273533799991,21.16110732300007],[-98.79307789199997,21.16087352300008],[-98.79341593799995,21.160561092000027],[-98.79395335399991,21.160183631000052],[-98.79480841499996,21.16015383100006],[-98.79563027699997,21.16033986200005],[-98.79609016899995,21.160710477000066],[-98.79651678499992,21.161358615000044],[-98.79668036899994,21.16197560000007],[-98.79664669199998,21.162561508000064],[-98.79671163099992,21.16317836900004],[-98.79663107699996,21.163430015000074],[-98.79684216899993,21.16391867700003],[-98.79703906199997,21.164227308000026],[-98.79771107699996,21.16459101500004],[-98.79794181499993,21.16465032300005],[-98.79850810799994,21.164795862000066],[-98.79907512299994,21.164846462000074],[-98.79932510799995,21.164803754000047],[-98.79983239999994,21.16471707700003],[-98.80078783099995,21.164385938000066],[-98.80167592299992,21.16426363100004],[-98.80269546199997,21.164203138000065],[-98.80374804599994,21.164019323000048],[-98.80493226199995,21.16377398500003],[-98.80605064599996,21.163559385000042],[-98.80812630799993,21.163417738000078],[-98.80964179999995,21.163255646000042],[-98.81062844599997,21.163195077000065],[-98.81160567699997,21.163228323000055],[-98.81269429199995,21.163067062000042],[-98.81378404599995,21.162857400000068],[-98.81445913799993,21.162706862000043],[-98.81516727699993,21.162469877000028],[-98.81594793799994,21.162224723000065],[-98.81677981499993,21.161752385000057],[-98.81747052299993,21.161660615000077],[-98.81827052299994,21.16167064600006],[-98.81875147699994,21.161428923000077],[-98.81955276899998,21.161184169000027],[-98.81992138499997,21.160887969000044],[-98.82016355399996,21.16069338500005],[-98.82031050799995,21.160577769000046],[-98.82059515399997,21.16035380000005],[-98.82118807699997,21.160400154000058],[-98.82145092299996,21.16058547700004],[-98.82184536899996,21.160740077000067],[-98.82233638499994,21.160947277000044],[-98.82237961499997,21.160977785000057],[-98.82273092299991,21.161143092000028],[-98.82300704599997,21.161190538000028],[-98.82308033799993,21.161196892000074],[-98.82328321499993,21.16121444600003],[-98.82353641499994,21.16132403100005],[-98.82388092299995,21.161309],[-98.82417624599998,21.161263154000043],[-98.82453713799995,21.16124813800008],[-98.82494806199996,21.161350169000066],[-98.82523666199995,21.161630354000067],[-98.82543733799993,21.161729646000026],[-98.82571061499999,21.161977908000043],[-98.82604161499994,21.162146508000028],[-98.82636844599993,21.16227695400005],[-98.8265440769999,21.162361477000047],[-98.82702603099993,21.162617431000054],[-98.82793993799997,21.162943492000068],[-98.82848310799992,21.16352218500003],[-98.82821104599998,21.164943523000034],[-98.82836658499996,21.165663708000068],[-98.82855996899997,21.166072031000056],[-98.82880215399993,21.16634818500006],[-98.82928118499994,21.166679185000074],[-98.8299221079999,21.16653004600004],[-98.82995783099992,21.16652784600006],[-98.83081915399997,21.16647480000006],[-98.83145970799995,21.16666263100006],[-98.83254849199993,21.167075508000043],[-98.83338906199998,21.167868462000065],[-98.83358436899992,21.168052708000065],[-98.83422312299997,21.16874240000004],[-98.83490946199998,21.169353262000076],[-98.83516276899995,21.169485508000037],[-98.835526185,21.16967521500004],[-98.83614692299993,21.169826],[-98.83658218499993,21.16979680000003],[-98.83677399999999,21.17021730800008],[-98.83756969200002,21.170550969000036],[-98.838216462,21.170313338000028],[-98.83895059999995,21.169807046000077],[-98.83922298500002,21.16961918500004],[-98.84049155399995,21.169080031000078],[-98.84093967699994,21.169500769000024],[-98.84106724599997,21.169981200000056],[-98.841529908,21.16998163100004],[-98.84215659999995,21.16998221500006],[-98.84292519999997,21.17022312300003],[-98.84362958499997,21.17070407700004],[-98.84382101499993,21.171424800000068],[-98.84385266199995,21.171785077000038],[-98.84388430799997,21.17214536900008],[-98.84478103099994,21.172506431000038],[-98.84567184599996,21.17320349200003],[-98.84635189199996,21.173970538000052],[-98.84635321499995,21.173983415000073],[-98.84637943099993,21.174240092000048],[-98.84646439999993,21.17442438500007],[-98.84669709199994,21.174885569000033],[-98.84681601499993,21.175364369000086],[-98.84676561499998,21.175926092000054],[-98.84695272299996,21.175900000000002],[-98.84701096899995,21.17589187700003],[-98.84707470799998,21.176004477000053],[-98.84698046199998,21.176149815000027],[-98.84694759999995,21.17628795400003],[-98.84692621499994,21.176377815000027],[-98.84695932299995,21.17643460000005],[-98.84706726199995,21.176619662000064],[-98.84707573799993,21.176407077000082],[-98.84713870799999,21.176254538000027],[-98.84726770799995,21.176116462000042],[-98.84740104599997,21.175942462000027],[-98.84755636899996,21.175708108000034],[-98.84750309199995,21.175456031000067],[-98.84749772299993,21.175364446000064],[-98.84794906199996,21.174710246000075],[-98.84802492299997,21.174734862000037],[-98.84842864599995,21.174865846000053],[-98.84866432299998,21.175000800000074],[-98.84904547699993,21.17512783100005],[-98.849239492,21.175257108000043],[-98.85007373799999,21.17554463100003],[-98.85038390799996,21.175673],[-98.85069498499995,21.17576183100004],[-98.85094466199996,21.175864985000036],[-98.85103433799995,21.176033908000026],[-98.85144338499998,21.176272077000075],[-98.85209533799993,21.17679929200005],[-98.85241126199996,21.17720678500007],[-98.85300143099992,21.177694477000045],[-98.85314452299995,21.17785620000007],[-98.85332452299996,21.178129831000028],[-98.85362249199993,21.178432338000047],[-98.85397115399992,21.178741185000032],[-98.85430053799993,21.179002677000028],[-98.854463862,21.179142185000046],[-98.85462647699995,21.179311569000053],[-98.85486819999993,21.17943275400006],[-98.85513153799992,21.179724708000037],[-98.85520623099994,21.179987092000037],[-98.85533021499995,21.180021538000062],[-98.85559887699993,21.180096154000072],[-98.8555788149999,21.180377631000056],[-98.85571626199997,21.180645523000067],[-98.85569679999996,21.18101570800008],[-98.85588364599994,21.18112089200002],[-98.85600103099993,21.18130487700006],[-98.85600144599992,21.181672246000062],[-98.85655136899999,21.182634077000042],[-98.85622289199995,21.18298918500005],[-98.85629215399995,21.183248831000068],[-98.85644116899991,21.183635200000026],[-98.85644098499995,21.18412572300003],[-98.85629936899991,21.184259508000025],[-98.8562963539999,21.184992062000052],[-98.85605261499994,21.18517186200006],[-98.85582604599993,21.185220015000027],[-98.85565589199996,21.18526930800004],[-98.85563435399993,21.185427985000043],[-98.85554099999999,21.185540292000038],[-98.85578826199993,21.18610947700006],[-98.85556607699999,21.186508446000065],[-98.85498110799992,21.18669040000003],[-98.85471978499999,21.186985769000053],[-98.85457233799993,21.187100092000037],[-98.85457570799996,21.187290831000038],[-98.85463749199994,21.18734106200003],[-98.85473481499994,21.18753004600006],[-98.8546804,21.187682954000024],[-98.85482644599995,21.18783038500004],[-98.85534686199995,21.188231169000066],[-98.85580612299995,21.188584862000024],[-98.85596433799996,21.18867444600005],[-98.85739979999994,21.189264215000037],[-98.85863050799995,21.189265246000048],[-98.85969521499999,21.189266138000047],[-98.86172410799996,21.18886778500007],[-98.86296610799994,21.188562708000063],[-98.86375309199997,21.18836938500004],[-98.86392433799993,21.18827450800006],[-98.8656371229999,21.18732552300003],[-98.86746510799995,21.185887708000056],[-98.86938767699993,21.184375415000037],[-98.87266256899991,21.183271985000033],[-98.87469730799994,21.18089661500005],[-98.87634663099996,21.18038966200003],[-98.87637819999992,21.180379954000042],[-98.88000747699996,21.179264354000058],[-98.88265881499993,21.17961087700007],[-98.88277867699993,21.18251901500002],[-98.88289624599996,21.185371123000035],[-98.88308718499994,21.190003108000038],[-98.88304503099992,21.19058093800004],[-98.88289676899994,21.19261260000007],[-98.88379049199993,21.193464615000043],[-98.88565259999996,21.195122908000027],[-98.88512589199995,21.196339862000052],[-98.88527144599996,21.196444554000035],[-98.89542350799995,21.203895938000077],[-98.89521416899998,21.20957750800005],[-98.8951352,21.210378800000058],[-98.89608119999995,21.210419800000064],[-98.89718372299996,21.210468815000073],[-98.89801050799994,21.210564323000032],[-98.89936318499997,21.21082527700003],[-98.90003950799995,21.210967492000073],[-98.90061564599998,21.211086031000036],[-98.90119163099996,21.211275062000034],[-98.90171750799998,21.211464000000003],[-98.90219292299996,21.211817338000063],[-98.90246829199998,21.211958831000064],[-98.90286867699996,21.212241538000054],[-98.90307001499995,21.21239796900005],[-98.90342546199999,21.21250807700005],[-98.90363876899994,21.21265713800005],[-98.90365664599996,21.213595415000047],[-98.90392830799996,21.214904462000057],[-98.90443181499992,21.216204938000033],[-98.90487216899996,21.217682677000024],[-98.90549964599997,21.219324400000065],[-98.90600483099993,21.221052],[-98.90615301499997,21.222160708000047],[-98.90637410799994,21.22313603100002],[-98.907056046,21.223552062000067],[-98.90819867699996,21.223616631000024],[-98.90959690799997,21.223477031000073],[-98.91104692299997,21.223536908000025],[-98.91255980000001,21.22389229200007],[-98.91422409200001,21.22429487700003],[-98.91508090799992,21.225193769000043],[-98.91526939999996,21.226316754000035],[-98.91476449199997,21.227262092000046],[-98.91384284599995,21.228072538000045],[-98.91274612299995,21.22873855400007],[-98.91179989199998,21.22962455400005],[-98.90882501499996,21.232005954000044],[-98.90877352299997,21.232050492000045],[-98.90781187699996,21.232793169000047],[-98.90681150799995,21.23302463100003],[-98.90600981499995,21.233136092000052],[-98.90503758499993,21.23296893800006],[-98.90402898499998,21.23267287700002],[-98.90290881499998,21.23216470800003],[-98.90247,21.23197113800007],[-98.90118924599996,21.23153310800006],[-98.89991150799993,21.231124785000077],[-98.899221185,21.23113110800006],[-98.89888821499991,21.231270138000074],[-98.89866601499993,21.23183050800003],[-98.89857604599995,21.23245509200007],[-98.89860667699996,21.232963077000026],[-98.89890106199992,21.233322277000067],[-98.89928393799994,21.233543446000056],[-98.89981418499997,21.233681846000025],[-98.90047979999996,21.23397204600008],[-98.90096292299995,21.23417964600003],[-98.90122787699994,21.23451120000004],[-98.90143390799994,21.234842723000046],[-98.90149263099994,21.23514655400003],[-98.90155132299998,21.235505615000026],[-98.90143316899997,21.235947415000055],[-98.90100241499992,21.236063200000046],[-98.90057343099994,21.23608416900004],[-98.90023235399995,21.23600403100005],[-98.89996007699993,21.23580847700003],[-98.89959796899996,21.235744323000063],[-98.89939167699997,21.23579943100003],[-98.89924418499999,21.236047908000046],[-98.89921446199999,21.23643452300007],[-98.89942056899996,21.23665558500005],[-98.89983295399995,21.23682153800007],[-98.89992119999992,21.23704252300007],[-98.89989150799993,21.237373923000067],[-98.89983233799992,21.23773290800005],[-98.89980267699995,21.23803667700002],[-98.89989070799997,21.238561462000067],[-98.90000838499998,21.238837708000066],[-98.90021443099992,21.23914161500005],[-98.90027309199996,21.239555908000057],[-98.90044958499999,21.23999789200008],[-98.90065561499996,21.240329415000076],[-98.90097970799995,21.240357231000072],[-98.901274415,21.24024692300003],[-98.90153975399994,21.240026138000076],[-98.90174630799997,21.23955676900005],[-98.90204126199994,21.239087446000045],[-98.90224772299996,21.238756154000043],[-98.902542569,21.238452538000043],[-98.90280778499992,21.238397462000027],[-98.90313173799994,21.23864620000006],[-98.90342619999996,21.23892253800005],[-98.90380912299996,21.239088462000044],[-98.90413307699998,21.239337200000023],[-98.90445718499996,21.239337385000056],[-98.90489927699997,21.23914430800005],[-98.90537072299995,21.239116969000065],[-98.90569473799995,21.239255231000076],[-98.90613633799992,21.239835431000078],[-98.90651926199997,21.240028969000036],[-98.90678435399994,21.240167200000027],[-98.90727107699995,21.240360246000023],[-98.90741830799998,21.240526031000055],[-98.90803696899995,21.24066446200004],[-98.90836109199995,21.240664631000072],[-98.90877356899995,21.240692477000035],[-98.90924503099995,21.24066510800003],[-98.90956898499996,21.240913831000054],[-98.90968666199997,21.241217692000074],[-98.90971586199998,21.24165958500003],[-98.90995141499995,21.24193587700006],[-98.91027552299994,21.241936062000036],[-98.91057032299993,21.24168766200006],[-98.91071789199998,21.241301092000075],[-98.910894892,21.240942154000034],[-98.91107181499994,21.240693692000033],[-98.91130758499996,21.24061096900004],[-98.91163158499997,21.240804462000032],[-98.91174932299995,21.241025462000042],[-98.91204378499997,21.241329400000037],[-98.91219098499995,21.241550415000066],[-98.91236776899996,21.241550508000046],[-98.91260361499997,21.241329692000022],[-98.912810031,21.241053631000057],[-98.91298701499993,21.240722308000038],[-98.91289878499998,21.240446092000067],[-98.91298741499996,21.24003187700003],[-98.91337052299995,21.239921600000063],[-98.91390087699993,21.239921877000032],[-98.91449001499996,21.240198354000025],[-98.91481398499998,21.24044706200004],[-98.91531093799995,21.24059881500005],[-98.91582118499997,21.24054570800007],[-98.91636769199995,21.240373231000028],[-98.91684716899992,21.240227138000023],[-98.91725978499996,21.240006400000027],[-98.91766012299996,21.239717492000068],[-98.91770872299996,21.239726800000025],[-98.91781810799995,21.239754554000058],[-98.91795104599998,21.239802354000066],[-98.91815389199996,21.239881831000048],[-98.91837033799997,21.239999108000067],[-98.91855658499998,21.240261262000047],[-98.91864967699996,21.24047969200006],[-98.91867853799992,21.240837600000077],[-98.91869587699995,21.241200400000025],[-98.91874230799999,21.241506169000047],[-98.91878875399999,21.241790108000032],[-98.91885850799996,21.242074046000027],[-98.91891570799999,21.24224555400007],[-98.918983831,21.242440185000074],[-98.91910032299995,21.24275978500003],[-98.91932403099997,21.242969677000072],[-98.91951996899998,21.243206046000065],[-98.92027,21.24384552300006],[-98.92070873799995,21.244193323000047],[-98.92087167699994,21.244499138000034],[-98.92115110799993,21.244848692000065],[-98.92136058499995,21.245263738000062],[-98.921528046,21.245750862000023],[-98.92157116899992,21.245851108000068],[-98.9215996,21.24591718500005],[-98.92182073799992,21.24613363100007],[-98.92208858499995,21.246275738000065],[-98.92254918499998,21.24642855400003],[-98.92287341499994,21.246731092000054],[-98.92300967699998,21.24709886200003],[-98.92299243099993,21.24748253800004],[-98.922641646,21.24786996900008],[-98.92240858499996,21.247957215000046],[-98.92215223099996,21.248044462000053],[-98.92152298499997,21.248240723000034],[-98.921266631,21.248327954000043],[-98.92098698499996,21.248393338000024],[-98.92073056899993,21.24858976900003],[-98.92042750799999,21.24885170800008],[-98.92019441499997,21.249004462000077],[-98.92005443099998,21.249331985000026],[-98.91989123099995,21.249506615000026],[-98.91977456899997,21.24979047700003],[-98.91947155399997,21.249986877000026],[-98.91926160000003,21.250390631000073],[-98.91868664599998,21.250801385000045],[-98.91827704599996,21.251168892000067],[-98.91798686199996,21.25155243100005],[-98.91776487699995,21.251967985000082],[-98.91764521499994,21.25241556900005],[-98.91761079999999,21.25295909200003],[-98.91755944600001,21.25329480000005],[-98.91759335399996,21.25366250800004],[-98.91764435399995,21.253982277000027],[-98.91766121499997,21.25434998500003],[-98.91767803099998,21.254781631000068],[-98.917694892,21.25516533800004],[-98.91772881499995,21.255501077000076],[-98.91777983099995,21.255788862000028],[-98.91783087699996,21.25604467700003],[-98.91796912299999,21.256486092000046],[-98.91817,21.256676446000032],[-98.91834469199996,21.256748569000024],[-98.91862110799997,21.256821446000064],[-98.91887275399993,21.256846923000072],[-98.91912398499996,21.256919600000057],[-98.91990249199993,21.257185062000083],[-98.92020310799995,21.257376154000045],[-98.92052792299995,21.257685477000056],[-98.92095247699996,21.25811356900004],[-98.92120312299994,21.25825707700005],[-98.921454769,21.258282554000058],[-98.92163104599997,21.258283846000037],[-98.92193246199997,21.258380508000073],[-98.92208218499994,21.25854687700006],[-98.92215653799994,21.25868907700004],[-98.92212858499994,21.259019400000057],[-98.92217736899993,21.259208646000047],[-98.92202112299994,21.259821323000043],[-98.92184086199995,21.260292185000026],[-98.92166141499996,21.260668600000027],[-98.92145795399995,21.260903200000026],[-98.92135404599998,21.26128016900003],[-98.92124933799994,21.26175158500007],[-98.92107047699992,21.26205718500006],[-98.92099175399993,21.262434354000046],[-98.92108970799995,21.262765600000023],[-98.921337785,21.26321601500007],[-98.92193906199999,21.263598200000043],[-98.9223672,21.26360135400006],[-98.92281992299995,21.26367552300007],[-98.92324747699995,21.263749492000038],[-98.92367324599996,21.26403593800006],[-98.92382316899995,21.26417870800003],[-98.92397169199994,21.264486723000058],[-98.92417119999996,21.264724277000024],[-98.92444606199997,21.264986],[-98.92472289199995,21.265011662000063],[-98.925149462,21.26520366200003],[-98.92564881499997,21.265726738000065],[-98.92604821499997,21.26615464600007],[-98.92622016899998,21.26667530800006],[-98.92636950799992,21.266888892000054],[-98.92667035399994,21.267056369000045],[-98.92704635399996,21.26727161500003],[-98.92727144599996,21.26746213800004],[-98.92754592299997,21.267771077000074],[-98.92761852299998,21.26812575400004],[-98.92779264599994,21.26838672300005],[-98.9279408,21.26874195400006],[-98.92806338499997,21.269144215000036],[-98.92823455399994,21.26975930800006],[-98.92825521499998,21.270302462000075],[-98.92817610799992,21.270726862000053],[-98.92807239999993,21.27108023100004],[-98.927995077,21.271292154000037],[-98.92794173799996,21.271645892000034],[-98.92794,21.272212477000036],[-98.92788367699995,21.27256623100003],[-98.92780535399997,21.272896185000036],[-98.92757612299992,21.273201415000074],[-98.92732070799997,21.27362450800007],[-98.927067062,21.273835123000033],[-98.92653867699993,21.27447309200005],[-98.92648390799995,21.278667323000036],[-98.92661523099996,21.279184385000065],[-98.92715000000001,21.27981536900007],[-98.92758833799994,21.280824262000067],[-98.92792563099994,21.28178698500005],[-98.92821292299998,21.282773754000058],[-98.92837479999996,21.283785277000046],[-98.92856850799994,21.28540906200004],[-98.92886483099993,21.287220338000047],[-98.92900106199994,21.288185],[-98.92912116899998,21.289974415000078],[-98.92928,21.292729446000063],[-98.93258013799995,21.298294892000055],[-98.93293258499993,21.29820295400003],[-98.93318470799994,21.298086831000028],[-98.93348759999998,21.297900385000048],[-98.93374056899995,21.297666523000032],[-98.93394227699996,21.297573615000033],[-98.93429575399995,21.297340400000053],[-98.93457367699995,21.297130231000036],[-98.93495193799998,21.296944262000068],[-98.93533036899996,21.296734754000056],[-98.9356772149999,21.296295600000064],[-98.93605298499995,21.296002446000042],[-98.93642873799995,21.295787508000043],[-98.93689796899997,21.295681800000064],[-98.93724867699996,21.295546046000023],[-98.9376018,21.29535990800002],[-98.93830772299997,21.295034738000027],[-98.93911310799997,21.294851477000073],[-98.93969235399996,21.29466678500006],[-98.94028330799996,21.294602462000057],[-98.94254201499996,21.302656],[-98.93382063099995,21.30183049200003],[-98.92336949199996,21.300682554000044],[-98.91556895399995,21.301570708000046],[-98.91145576899999,21.300483846000077],[-98.90619967699996,21.301938508000035],[-98.90519255399992,21.30126001500003],[-98.90235293799994,21.29972106200006],[-98.89765704599996,21.29790403100003],[-98.88991153799994,21.298211862000073],[-98.88991995399991,21.298241277000038],[-98.88987621499992,21.298608385000023],[-98.88972184599997,21.29939898500004],[-98.88963576899994,21.299680108000075],[-98.88914123099993,21.300903785000063],[-98.89022796899997,21.301793662000026],[-98.88910253799995,21.302262446000043],[-98.88862652299996,21.302279338000062],[-98.88834112299993,21.302198077000067],[-98.88803213799993,21.301702446000036],[-98.88784584599995,21.30173546200007],[-98.88758386199997,21.301882738000078],[-98.88666433799993,21.30250073800005],[-98.88634241499992,21.302320538000057],[-98.88589993799994,21.30200633800007],[-98.88542916899995,21.301658677000034],[-98.88485264599996,21.30163284600007],[-98.88440178499995,21.301816231000032],[-98.88397363099993,21.302103400000078],[-98.88364218499997,21.302331477000052],[-98.88344003099994,21.302393108000047],[-98.88294495399997,21.30231727700004],[-98.88276863099995,21.302302400000027],[-98.88127490799995,21.305173723000053],[-98.88118489199995,21.30549312300008],[-98.88047010799991,21.30861112300005],[-98.880263169,21.30971326200006],[-98.88039275399993,21.31034023100005],[-98.87836044599999,21.31288176900006],[-98.87827393799994,21.312893815000056],[-98.87799356899994,21.313003662000032],[-98.87790632299995,21.31307967700008],[-98.87776284599992,21.313123415000067],[-98.87763467699993,21.31322304600008],[-98.87745081499995,21.313344154000053],[-98.87734978499998,21.31343946200008],[-98.87328373799993,21.31031495400003],[-98.87234721499998,21.309477600000037],[-98.87238729199994,21.30935746200004],[-98.87267139999992,21.30881333800005],[-98.87265819999995,21.30863424600005],[-98.87241966199997,21.30835680000007],[-98.8723732769999,21.308335200000037],[-98.87205467699991,21.308276262000046],[-98.87198479999999,21.308274831000062],[-98.87192604599993,21.308333908000066],[-98.87202783099994,21.30850427700005],[-98.87205061499996,21.308693969000046],[-98.87196150799996,21.308784123000066],[-98.87180795399993,21.30886770800004],[-98.87170323099996,21.308901800000058],[-98.86869775399994,21.306214446000073],[-98.86332629199995,21.300526923000064],[-98.85849906199995,21.303490615000044],[-98.85774941499993,21.303501969000024],[-98.85763141499996,21.303685],[-98.85751193799996,21.30409663100005],[-98.85549126199996,21.305337123000076],[-98.85600524599994,21.297524800000073],[-98.85670230799992,21.289576231000066],[-98.85609939999995,21.28348844600003],[-98.85356,21.283396677000038],[-98.85090024599998,21.28339167700005],[-98.85005281499993,21.28354361500004],[-98.84946572299998,21.283771200000043],[-98.84850015399994,21.284528938000047],[-98.84707164599996,21.284780677000064],[-98.84565301499998,21.284885108000033],[-98.84526026199997,21.284933631000055],[-98.84502976899994,21.284981954000045],[-98.84278515399993,21.28584387700004],[-98.84162424600001,21.286138815000072],[-98.83813812299992,21.28670612300004],[-98.83735516899996,21.286584385000026],[-98.83664913799997,21.28651056900003],[-98.83557869199994,21.286386508000074],[-98.83447373799997,21.286006369000063],[-98.83162686199996,21.285687031000062],[-98.82680130799994,21.28657209200003],[-98.82382676899992,21.28698760000003],[-98.820569031,21.287998231000074],[-98.81869638499994,21.28890464600005],[-98.81828410799993,21.289166908000027],[-98.81750812299997,21.289580031000067],[-98.81664400000001,21.290283708000057],[-98.81505895399991,21.290879600000036],[-98.81363227699994,21.29133913800007],[-98.81136855399994,21.29107316900008],[-98.80971386199995,21.290543999999997],[-98.80857718499996,21.290047646000062],[-98.80774996899999,21.290081338000046],[-98.80728912299995,21.289915354000076],[-98.80640863099993,21.289718800000056],[-98.80539544599995,21.28959606200004],[-98.80519346199996,21.289694615000027],[-98.80373509199993,21.289633585000036],[-98.801167046,21.28980275400005],[-98.79921707699998,21.28977921500006],[-98.79868853799994,21.289944354000056],[-98.79789690799998,21.290143215000054],[-98.796006262,21.290954554000056],[-98.79584461499995,21.291023092000046],[-98.79523943099997,21.291086169000042],[-98.79524593799992,21.291400692000025],[-98.79576001499997,21.291846354000032],[-98.79580724599998,21.291883662000036],[-98.79592367699996,21.291975615000077],[-98.79619864599994,21.292010092000048],[-98.79635716899995,21.29202996900005],[-98.79664681499996,21.292131554000033],[-98.796838,21.292193185000027],[-98.79721833799992,21.292225800000036],[-98.79738250799993,21.29216983100002],[-98.79754484599994,21.292118999999996],[-98.79800896899995,21.292260677000055],[-98.79798109199999,21.29247047700005],[-98.79796821499997,21.292591369000036],[-98.79792932299996,21.292803092000042],[-98.79788729199998,21.293051662000043],[-98.79769304599998,21.293598200000076],[-98.79757379999997,21.293915508000055],[-98.79635404599998,21.29530676900003],[-98.79560118499995,21.295292569000022],[-98.79551503099998,21.295324462000053],[-98.79532730799995,21.29544624600003],[-98.79507273799997,21.295746015000073],[-98.793510815,21.297317492000047],[-98.79274109199996,21.297812769000075],[-98.79243119999994,21.297660769000064],[-98.79214987699996,21.29756418500006],[-98.791458692,21.296908462000037],[-98.79114461499996,21.29734187700006],[-98.78986889199996,21.29750587700005],[-98.78922056899994,21.297589215000073],[-98.78909610799994,21.297605215000033],[-98.78857396899997,21.297672338000037],[-98.78773035399992,21.297780769000045],[-98.78677963099992,21.297902969000067],[-98.78665950799996,21.297918415000034],[-98.78655360000002,21.297932015000075],[-98.78616386199997,21.297982108000046],[-98.78608735399993,21.297991954000057],[-98.78565629199994,21.29804735400006],[-98.78560544599998,21.298053892000038],[-98.7845908,21.298270585000065],[-98.78398495399992,21.298475062000026],[-98.78384963099995,21.298520723000024],[-98.78381750799996,21.29853156900003],[-98.78027,21.299728092000066],[-98.78007764599991,21.299638985000055],[-98.77969241499993,21.299993754000074],[-98.77586467699996,21.30132826200003],[-98.77423281499993,21.30188386200007],[-98.77242736899994,21.302467923000048],[-98.77192432299995,21.302598538000037],[-98.76896527699995,21.30358590800006],[-98.77054923099995,21.308909062000055],[-98.77056103099993,21.309087138000056],[-98.77045303099999,21.309558415000033],[-98.77292132299995,21.32046827700003],[-98.769196492,21.320261769000076],[-98.76923310799998,21.325147400000045],[-98.76672667699995,21.324714],[-98.76583856899997,21.324219831000047],[-98.76527752299994,21.323264538000046],[-98.76512324599999,21.32243756900004],[-98.76459475399997,21.32180432300004],[-98.76402738499996,21.320969538000043],[-98.76322960000002,21.320118077000075],[-98.76215236899998,21.319122215000046],[-98.76103787699996,21.31893995400003],[-98.75969886199992,21.31771433800003],[-98.75838141499995,21.31691970800006],[-98.75621264599992,21.315613862000077],[-98.75438459999995,21.314775277000027],[-98.75216224599995,21.31375980000007],[-98.75169821499996,21.31359869200003],[-98.74861207699995,21.312784477000037],[-98.74743415399995,21.312803138000053],[-98.74618349199996,21.31276684600004],[-98.74468356899997,21.312912892000043],[-98.74241803099991,21.31335436900003],[-98.74072059999997,21.31345935400003],[-98.73646519999994,21.313125292000056],[-98.73575832299994,21.31274132300007],[-98.73584376899998,21.312216231000033],[-98.73585366199995,21.312033692000057],[-98.73576349199999,21.311787492000068],[-98.73483804599992,21.309951338000083],[-98.73446964599998,21.309401185000073],[-98.73379796899995,21.309141692000026],[-98.73214626199997,21.30883572300008],[-98.73007112299995,21.30811690800004],[-98.72807609199997,21.30693076900008],[-98.72646584599994,21.305847308000068],[-98.72554356899995,21.306162231000027],[-98.72511275399994,21.306097215000026],[-98.72477092299991,21.30607401500004],[-98.72456952299996,21.306038154000078],[-98.72450687699994,21.306074954000056],[-98.72438052299997,21.306247923000058],[-98.7243,21.306328323000063],[-98.72422036899997,21.306441492000033],[-98.72417759999995,21.306490492000027],[-98.72414918499999,21.30657078500008],[-98.72412792299997,21.306643723000036],[-98.72408683099994,21.306792185000063],[-98.72401698500002,21.30681598500007],[-98.72392541499994,21.306857046000065],[-98.72371813799995,21.30689503100007],[-98.72367767699993,21.306894877000044],[-98.72355921499995,21.30686616900005],[-98.72345552299997,21.306848646000052],[-98.72323450799995,21.306842308000057],[-98.72319169199994,21.306833338000047],[-98.72292792299997,21.30676112300006],[-98.72273983099993,21.30674440000007],[-98.72241584599998,21.306686015000025],[-98.72234538499997,21.30666864600005],[-98.722153,21.30659844600007],[-98.72196201499996,21.306539169000075],[-98.72187850799995,21.306537385000066],[-98.72166250799995,21.306873231000054],[-98.72152616899997,21.307056862000024],[-98.72138550799994,21.307096446000063],[-98.72115119999995,21.307103446000045],[-98.72098559999995,21.307143308000036],[-98.72086044599996,21.307271154000038],[-98.72077850799992,21.30729326200003],[-98.72045501499996,21.306670708000073],[-98.72040378499997,21.306634538000026],[-98.72037987699994,21.30660978500003],[-98.72023332299993,21.306689846000037],[-98.72009178499995,21.306816385000047],[-98.71991690799997,21.30692456900005],[-98.71978864599997,21.306976369000044],[-98.71962267699996,21.30703915400005],[-98.719459569,21.307137662000063],[-98.71910664599996,21.30727810800005],[-98.71886450799995,21.30737349200007],[-98.71866992299994,21.307398754000083],[-98.71824438499998,21.307323446000055],[-98.71794735399999,21.30715175400008],[-98.71789183099996,21.307111692000035],[-98.71785909199997,21.307117354000074],[-98.717062292,21.307096200000046],[-98.71709555399997,21.30734413800008],[-98.71696806199999,21.30745426200008],[-98.71677707699992,21.30724110800003],[-98.71646284599994,21.307246892000023],[-98.71639681499992,21.30738672300004],[-98.71598218499996,21.307441985000025],[-98.715818631,21.307346985000034],[-98.71572007699996,21.307688508000073],[-98.71548478499994,21.307708815000073],[-98.71542124599996,21.30798453800003],[-98.71550472299998,21.308115015000055],[-98.71537639999995,21.30852280000004],[-98.71523944599996,21.308662462000033],[-98.71503909199998,21.309190831000024],[-98.71496701499996,21.309219215000038],[-98.71481716899996,21.309172015000055],[-98.71452784599997,21.30897703100004],[-98.71453667699994,21.309260446000057],[-98.71416798499997,21.30919776900004],[-98.714005892,21.309104],[-98.713815631,21.30905780000006],[-98.71380209199998,21.309134954000058],[-98.71395015399995,21.309312662000025],[-98.71393856899991,21.30941267700006],[-98.71385690799997,21.309461969000044],[-98.71346886199996,21.309372708000073],[-98.7133051229999,21.309388708000036],[-98.71309967699995,21.309308754000032],[-98.71297243099995,21.309352662000038],[-98.71280058499997,21.309308677000047],[-98.712683246,21.309140169000045],[-98.71261955399994,21.309143385000027],[-98.71229178500002,21.309400738000026],[-98.71218763099995,21.309353831000067],[-98.71204759999995,21.309437169000034],[-98.71194000000001,21.309566738000058],[-98.71185879999997,21.30968864600004],[-98.71166356899997,21.309805969000028],[-98.71153446199999,21.309949031000027],[-98.71142007699996,21.310187446000047],[-98.71127186199999,21.310355969000064],[-98.71092392299995,21.310409462000056],[-98.71061764599996,21.31057732300008],[-98.71049983099991,21.310743031000072],[-98.70984481499993,21.310766123000068],[-98.70940038499995,21.311175600000073],[-98.70914396899997,21.311312246000053],[-98.70846046199996,21.311471431000037],[-98.70803215399992,21.311160523000076],[-98.70769066199998,21.31068829200007],[-98.70646803099997,21.31003901500003],[-98.70593,21.310090754000047],[-98.70570856899994,21.31016867700004],[-98.70557018499993,21.31049904600007],[-98.70530270799995,21.310848954000054],[-98.70511087699994,21.31097592300006],[-98.70477081499993,21.311011154000035],[-98.70454878499997,21.311219231000052],[-98.70421753799995,21.311785031000056],[-98.70382086199999,21.312141277000023],[-98.70340344599997,21.31227364600005],[-98.70318423099995,21.312196415000077],[-98.70296979999996,21.312261938000066],[-98.70272881499992,21.312222846000047],[-98.70069770799995,21.313302923000037],[-98.69547541499995,21.31576835400006],[-98.69599219999996,21.31664083100003],[-98.69673478499998,21.317717585000025],[-98.69731793799996,21.318348477000033],[-98.697573692,21.319046185000047],[-98.69787229199991,21.320534077000044],[-98.699264262,21.321446923000053],[-98.69932130799994,21.321618277000027],[-98.69938561499997,21.32206469200003],[-98.6993349539999,21.322540015000072],[-98.69890387699994,21.322977938000065],[-98.69876723099995,21.32321618500003],[-98.69848133799992,21.323840585000028],[-98.69816515399997,21.324269108000067],[-98.69787895399995,21.32435618500006],[-98.69745312299992,21.32425641500004],[-98.69675179999996,21.324270738000056],[-98.69626233799993,21.324373138000055],[-98.69567323099993,21.324601108000024],[-98.69529896899995,21.32492526200003],[-98.69513087699991,21.32502824600004],[-98.69392310799998,21.325375585000074],[-98.69354095399994,21.325444708000077],[-98.69279966199997,21.325647615000033],[-98.69189544599999,21.325810169000086],[-98.69070913799995,21.32585240000003],[-98.68989855399992,21.32609932300005],[-98.68894613799992,21.327154877000055]]]}},{"type":"Feature","properties":{"code":"24038","cve_ent":"24","cve_mun":"038","municipio":"Tampacán","estado":"San Luis Potosí","region":"Huasteca Potosina","fuente":"Marco Geoestadístico / INEGI (consolidado GeoJSON para el visor)"},"geometry":{"type":"Polygon","coordinates":[[[-98.76583856899997,21.324219831000047],[-98.76538735399996,21.32781546200005],[-98.76337589199991,21.327814046000075],[-98.76386224599997,21.328423369000063],[-98.76386124599998,21.329054077000027],[-98.76432850799992,21.329490169000056],[-98.76475207699995,21.329933615000076],[-98.76507323099996,21.330276800000036],[-98.76538159999994,21.330619262000027],[-98.76555706199997,21.33078404600008],[-98.76586513799997,21.331324169000034],[-98.76622052299997,21.331597231000046],[-98.76645086199994,21.332186708000048],[-98.76684747699993,21.33258175400005],[-98.76700287699997,21.33346340000003],[-98.76702730799995,21.33535318500003],[-98.7671036,21.33606269200004],[-98.76695586199997,21.336885154000083],[-98.76677876899997,21.337500785000035],[-98.76640738499998,21.33812456900006],[-98.76580969199996,21.338679477000028],[-98.76550379999998,21.339391738000078],[-98.765012631,21.340292400000063],[-98.76484535399999,21.34090646200008],[-98.76448156899994,21.341816415000043],[-98.76407843099996,21.342580692000066],[-98.76383279999999,21.343231492000033],[-98.76355219999998,21.34416367700004],[-98.76372915399995,21.344516769000055],[-98.76372869199997,21.34493010800003],[-98.763834246,21.345620108000045],[-98.76388730799991,21.346864646000036],[-98.76380755399995,21.347850877000045],[-98.76366527699997,21.34834990800004],[-98.76360207699996,21.348964585000033],[-98.763668646,21.349469538000047],[-98.76379279999995,21.349991862000024],[-98.76403547699992,21.350607185000054],[-98.7641928,21.35092529200006],[-98.76470787699996,21.350610923000033],[-98.76534181499991,21.350602938000062],[-98.76585436899995,21.350734200000026],[-98.76867044599999,21.35177498500008],[-98.76985709199994,21.352586785000028],[-98.77001332299992,21.353183],[-98.769860985,21.354460538000072],[-98.76978383099997,21.355638999999996],[-98.76994484599999,21.35654316900008],[-98.76980607699993,21.357247185000066],[-98.769256769,21.35820261500004],[-98.768503862,21.359327708000023],[-98.76641652299996,21.361285508000037],[-98.76467213799997,21.362316046000043],[-98.76424395399994,21.36275813800006],[-98.76443638499995,21.363634154000067],[-98.76438592299995,21.36492284600007],[-98.76415781499996,21.365928800000063],[-98.76357183099996,21.367256369000078],[-98.76337044599995,21.369168585000068],[-98.76374932299994,21.370217031000035],[-98.76417527699992,21.37092816900003],[-98.76451272299991,21.371564431000028],[-98.76498356899997,21.37232276900005],[-98.76575589199996,21.37294596900006],[-98.76661789199994,21.373376523000047],[-98.76836073799993,21.37396284600004],[-98.76958075399993,21.37435953800008],[-98.77083792299997,21.374472877000073],[-98.77231990799996,21.374970554000072],[-98.77467769199994,21.375472938000026],[-98.77686261499996,21.37621667700006],[-98.77816893799994,21.37745849200008],[-98.77937159999995,21.37897392300005],[-98.77982007699993,21.379594708000074],[-98.78031503099997,21.37921256900006],[-98.78070826199995,21.381626508000064],[-98.78166241499997,21.38350681500003],[-98.78379256899994,21.38452535400006],[-98.78530556899993,21.38560638500007],[-98.78773559999995,21.387102369000043],[-98.78808090799997,21.387885169000075],[-98.78837204599994,21.388271585000037],[-98.78852659999995,21.38846089200006],[-98.78878556899996,21.388694615000077],[-98.78893470799993,21.38890069200005],[-98.78909692299999,21.389096415000036],[-98.78923253799994,21.38929007700005],[-98.78937855399991,21.389502538000038],[-98.78963838499996,21.389865815000068],[-98.78977784599991,21.390091692000055],[-98.78984444599996,21.39029509200003],[-98.78992573799995,21.390499400000067],[-98.79002192299998,21.39071458500007],[-98.790127769,21.39097483100005],[-98.79019807699994,21.39116143100006],[-98.79038003099997,21.391518231000077],[-98.79050516899997,21.39186763100003],[-98.79051003099991,21.392127200000058],[-98.79049112299997,21.392388108000034],[-98.79047932299993,21.39264049200005],[-98.79044798499994,21.393046523000066],[-98.79050827699996,21.393238108000048],[-98.79066504599999,21.39369389200004],[-98.79069319999996,21.393902385000047],[-98.79076032299996,21.394100985000026],[-98.79084232299991,21.394310908000023],[-98.79088947699995,21.39445381500008],[-98.79092316899992,21.394581000000002],[-98.79111843099997,21.394899754000054],[-98.79115661499998,21.395028662000076],[-98.79127673799995,21.39530467700007],[-98.79146696899996,21.39560753800003],[-98.79174,21.396021692000033],[-98.79196001499997,21.396419600000055],[-98.79233238499994,21.39694373800006],[-98.79259255399994,21.39725630800007],[-98.79288850799995,21.397533985000052],[-98.79318812299991,21.397724],[-98.793630292,21.398071708000035],[-98.79486759999998,21.398495646000075],[-98.79504026199997,21.398468],[-98.79543238499996,21.39868595400003],[-98.79577946199998,21.398860954000046],[-98.79615079999996,21.399038031000032],[-98.79645839999995,21.39914690800003],[-98.79678813799993,21.399290523000047],[-98.79711756899997,21.399482354000043],[-98.79692659999996,21.401220954000053],[-98.798259923,21.40134240000003],[-98.79911189199998,21.40140984600003],[-98.80048738499993,21.40135213800005],[-98.80169609199999,21.400779846000027],[-98.80223350799996,21.399929662000034],[-98.80064673799994,21.39947987700003],[-98.80186463099994,21.39837920000002],[-98.8020323379999,21.397602908000067],[-98.80339212299995,21.39648549200007],[-98.80479055399994,21.39573506200003],[-98.80685610799993,21.395454400000066],[-98.80886139999994,21.396269800000027],[-98.80943906199995,21.39683786200004],[-98.81207624599993,21.400158908000037],[-98.81225670799995,21.40112243100003],[-98.81385675399996,21.405425369000056],[-98.81519873799999,21.40915753800004],[-98.81515443099994,21.409602154000027],[-98.81520304599997,21.409888385000045],[-98.81553424599996,21.41009058500003],[-98.81541027699994,21.411580185000048],[-98.81549198499991,21.412118446000026],[-98.81550449199995,21.414949738000075],[-98.81569533799994,21.41699386200003],[-98.81601510799999,21.419406],[-98.81616930799998,21.421324308000067],[-98.81715990799997,21.425163585000057],[-98.81822218499997,21.426588092000028],[-98.81945812299992,21.427391938000024],[-98.82081035399992,21.427377892000035],[-98.82200464599998,21.427876985000072],[-98.82371689199991,21.42860287700005],[-98.82547047699993,21.428908277000062],[-98.82683999999999,21.429041754000025],[-98.82741501499997,21.42914423100006],[-98.82875303099993,21.429482462000063],[-98.82948859999999,21.429883231000076],[-98.83003852299994,21.43056232300006],[-98.83048323099995,21.43108163100004],[-98.83075719999991,21.43155546200007],[-98.83093250799995,21.432174292000067],[-98.83083650799993,21.432716831000043],[-98.82995136899994,21.433373246000027],[-98.82838495399992,21.434676400000058],[-98.82754696899997,21.43634016900006],[-98.82719212299995,21.43725718500008],[-98.82686541499996,21.438101477000032],[-98.82656635399994,21.439411523000047],[-98.82568733799992,21.440720815000073],[-98.82501581499994,21.441335677000037],[-98.82423430799996,21.44170363100005],[-98.82360184599995,21.441974062000046],[-98.82230758499993,21.442384154000024],[-98.82179269199996,21.44254316900003],[-98.82113015399992,21.442824108000025],[-98.82022641499998,21.44316886200005],[-98.81951406199995,21.443645877000044],[-98.81809430799993,21.444566538000057],[-98.816962,21.444286908000034],[-98.81678684599994,21.444397231000035],[-98.81654026199998,21.444606708000034],[-98.81498978499997,21.445815585000044],[-98.81734446199994,21.447780677000026],[-98.81753344599997,21.448010677000067],[-98.81648513799993,21.45056983100005],[-98.81561256899994,21.45127790800007],[-98.81446664599999,21.451652954000053],[-98.81360212299994,21.451692277000056],[-98.81251287699993,21.453320508000044],[-98.80831346199994,21.45257543100007],[-98.80789833799994,21.45323529200004],[-98.80707607699995,21.454034308000075],[-98.80687806199994,21.45369873800007],[-98.80668458499996,21.454538523000053],[-98.80649156899993,21.45474909200004],[-98.80643589199995,21.45504610800003],[-98.80618323099996,21.455826123000065],[-98.80522796899999,21.457113462000052],[-98.80448744599994,21.457757077000053],[-98.80321707699993,21.458465631000024],[-98.80175827699995,21.458406400000055],[-98.80059733799997,21.45903824600003],[-98.79996443099999,21.459125123000035],[-98.79876679999995,21.45900470800007],[-98.79804215399994,21.459161],[-98.797330446,21.459272062000025],[-98.79705349199997,21.459468800000025],[-98.796894523,21.459921615000045],[-98.79691309199997,21.460392692000024],[-98.79723395399999,21.460920015000056],[-98.79751438499996,21.461294338000073],[-98.79765798499996,21.461779877000023],[-98.79771764599997,21.46254038500006],[-98.79793036899997,21.463025492000043],[-98.79870549199995,21.463552815000067],[-98.79943627699997,21.464165215000037],[-98.80052063099998,21.46507158500003],[-98.80168112299997,21.465663985000045],[-98.80228835399996,21.46617215400005],[-98.80236359999998,21.46642835400007],[-98.80225309199994,21.46693206200007],[-98.80174623099997,21.467838923000045],[-98.80101746199995,21.46853501500004],[-98.80054143099993,21.468831046000044],[-98.80020938499996,21.469014262000027],[-98.79899792299992,21.46941981500003],[-98.79836895399994,21.469706999999996],[-98.79829593799995,21.470695031000044],[-98.79775316899998,21.47308563100006],[-98.79750773799995,21.473296385000026],[-98.79697821499994,21.475181462000027],[-98.797062354,21.478228062000024],[-98.795234662,21.48156363100003],[-98.79501003099992,21.482218185000022],[-98.79415698499999,21.48494007700003],[-98.79259367699996,21.489840785000066],[-98.78920330799997,21.491152600000078],[-98.78861776899998,21.49335849200003],[-98.78749569199994,21.494723138000037],[-98.78752012299998,21.495483262000047],[-98.78768664599995,21.49658650800006],[-98.79025000000001,21.500883831000067],[-98.78757870799994,21.50553264600006],[-98.78416201499992,21.50782676900008],[-98.78132084599997,21.504714308000075],[-98.76815713799996,21.505885938000066],[-98.76782000000001,21.506016985000027],[-98.76793276899996,21.505575369000038],[-98.76791647699997,21.505177754000044],[-98.76789627699995,21.504684831000077],[-98.76822473799997,21.503846692000025],[-98.76868216899997,21.50401236900007],[-98.76907132299999,21.50369873800003],[-98.76885924599998,21.50299233800007],[-98.76942624599997,21.50314215400004],[-98.76996446199998,21.50300375400008],[-98.76997013799993,21.502610200000046],[-98.7695381079999,21.502365262000072],[-98.76945879999994,21.502032923000055],[-98.76983643099997,21.501900692000053],[-98.77009003099992,21.501654615000067],[-98.77012552299998,21.50144961500007],[-98.76923463099995,21.50105686200004],[-98.76830163099996,21.500945600000026],[-98.76781367700002,21.50077496900008],[-98.76755933799996,21.500193815000046],[-98.76595015399992,21.50024872300003],[-98.76486115399993,21.497897692000034],[-98.764089062,21.49908838500005],[-98.76360439999996,21.498723769000033],[-98.76349101499993,21.49838633800004],[-98.76296389199997,21.498241908000065],[-98.76254535399993,21.497927031000074],[-98.76182292299995,21.496941738000032],[-98.76034747699995,21.496637785000072],[-98.75983787699991,21.496767092000027],[-98.75954490799995,21.497123785000042],[-98.75958055399994,21.498029754000072],[-98.75954264599994,21.498336677000044],[-98.75886226199998,21.49820338500006],[-98.75817346199995,21.49827752300007],[-98.75715207699993,21.499197569000046],[-98.75687869199997,21.49976580000003],[-98.75668750799996,21.50014675400007],[-98.75643103099995,21.500454708000067],[-98.75543559999993,21.50083638500007],[-98.75298390799996,21.502567138000074],[-98.75127767699995,21.503144431000067],[-98.75110636899996,21.503294231000037],[-98.75068550799992,21.503558200000043],[-98.75006640000001,21.503137969000026],[-98.75061535399998,21.500831892000065],[-98.75085058499995,21.500384031000067],[-98.75075218499994,21.499772554000057],[-98.75126098500002,21.499341415000057],[-98.75145933799995,21.499051492000035],[-98.75153713799992,21.499078200000042],[-98.75201409199997,21.498558677000062],[-98.75176339999997,21.498043031000062],[-98.75163739999991,21.49695003100004],[-98.75194824599998,21.496780415000046],[-98.75241119999997,21.49601120000005],[-98.75226612299996,21.49566595400006],[-98.75271558499996,21.495266354000023],[-98.75300666199996,21.495134446000066],[-98.75352492299997,21.494158338000034],[-98.75336718499992,21.493704092000026],[-98.75423953799998,21.492505508000015],[-98.75451623099997,21.49241053800005],[-98.754584246,21.492117492000027],[-98.75485033799997,21.491555215000066],[-98.75530087699994,21.49102529200007],[-98.75515736899993,21.489917908000052],[-98.75477879999998,21.48965155400003],[-98.75634627699995,21.488409477000058],[-98.75652147699998,21.48803095400006],[-98.75654270799997,21.487978523000038],[-98.75675701499993,21.486697077000024],[-98.75730850799991,21.484938615000033],[-98.75696570799994,21.485014385000053],[-98.75625135399996,21.483116092000042],[-98.75583236899993,21.483343015000056],[-98.75574019999999,21.483462492000054],[-98.75432633799993,21.483481215000037],[-98.75394726199994,21.483922015000076],[-98.75174078499998,21.48447595400006],[-98.75069919999997,21.484454154000048],[-98.75015512299994,21.48296221500004],[-98.74994956899997,21.482056477000064],[-98.74795710799998,21.479962262000075],[-98.74767461499994,21.478828769000078],[-98.74700055399995,21.478007262000062],[-98.74655666200002,21.476247692000072],[-98.74639895399996,21.476304631000055],[-98.74685852299996,21.475838015000026],[-98.74693783099995,21.475529308000027],[-98.74667696899996,21.475151154000063],[-98.74678976899997,21.474665892000075],[-98.74589169199999,21.47385721500007],[-98.74584456899998,21.473269108000068],[-98.73645,21.475283400000023],[-98.73433659999995,21.475926462000075],[-98.73361583099994,21.476361154000077],[-98.732523062,21.477323031000026],[-98.72685,21.48289713800005],[-98.72544627699992,21.484343123000027],[-98.72525841499997,21.484231215000023],[-98.72521104599997,21.484157523000082],[-98.72509563099999,21.48390390800006],[-98.72494969199992,21.48379486200002],[-98.72476878499998,21.483767815000075],[-98.72460506199997,21.48377403100005],[-98.724314662,21.484037092000047],[-98.72399229199996,21.48454430800006],[-98.72388884599994,21.48453509200004],[-98.72377670799992,21.48413973800006],[-98.72380278499995,21.483800492000057],[-98.723662231,21.48359150800007],[-98.72357487699993,21.483560846000042],[-98.72308778499995,21.483466046000043],[-98.72275659999994,21.48332347700005],[-98.72276272299993,21.48328461500006],[-98.72283226199993,21.482929877000053],[-98.72280256899994,21.482862123000075],[-98.72272779999996,21.48272626200002],[-98.72254692299997,21.482634400000048],[-98.72250126199998,21.482472985000065],[-98.72243695399997,21.48230856900005],[-98.72228669199994,21.482154046000062],[-98.72208410799996,21.481985354000077],[-98.72191320000002,21.48193707700005],[-98.72142866199992,21.48207169200003],[-98.72155144599999,21.481940692000023],[-98.72185447699995,21.481802662000064],[-98.72179524599994,21.48162850800002],[-98.72132727699993,21.481335308000034],[-98.72143521499997,21.481219862000042],[-98.72214336899998,21.48080663100006],[-98.72242566199999,21.48042612300003],[-98.72241698499994,21.480117246000074],[-98.72248867699992,21.479947692000053],[-98.7228005539999,21.47985801500005],[-98.72318579999995,21.47960392300007],[-98.72332810799993,21.479392185000044],[-98.72334393799996,21.47930515400003],[-98.72320995399997,21.479152092000046],[-98.723,21.47911264600003],[-98.72304096899995,21.479043400000023],[-98.72320635399994,21.47903069200003],[-98.72342086199995,21.47883093800004],[-98.72340555399994,21.47838747700007],[-98.72365556899997,21.477849046000074],[-98.72321964599996,21.477130815000066],[-98.72331423099995,21.476845646000076],[-98.72293376899992,21.47663498500003],[-98.72246595399996,21.476739892000065],[-98.72215244599994,21.476163477000057],[-98.72234929199998,21.475900877000072],[-98.72218998499994,21.475622615000074],[-98.72155383099992,21.47566538500007],[-98.72152176899999,21.47513013800005],[-98.72173515399996,21.474352923000026],[-98.72240415399992,21.473808831000042],[-98.72188438499995,21.473526769000046],[-98.72154130799997,21.473239262000046],[-98.72136995399994,21.473229554000053],[-98.72131444599994,21.47321381500006],[-98.72101830799993,21.47327506200003],[-98.72069024599995,21.47303358500005],[-98.72054936899997,21.473089738000056],[-98.72056096899996,21.473368954000026],[-98.72041343099994,21.47342575400006],[-98.72009116899993,21.47343230800004],[-98.72004312299997,21.47370170800008],[-98.72021240000001,21.473990215000068],[-98.71979818499993,21.47406569200007],[-98.71963167699994,21.473901985000055],[-98.71939946199997,21.47397815400007],[-98.71912764599996,21.474444369000025],[-98.71895283099994,21.474284908000076],[-98.71878512299995,21.47430090800003],[-98.71821684599996,21.474894154000033],[-98.71837,21.475285092000032],[-98.71862086199997,21.475407308000054],[-98.71846176899999,21.475556615000073],[-98.71831135399997,21.475488631000076],[-98.71797644599997,21.475105538000033],[-98.717817262,21.474756077000052],[-98.71763075399996,21.47469055400006],[-98.71735575399998,21.474668508000033],[-98.71722927699996,21.474765169000026],[-98.71721709199996,21.47499970800004],[-98.71738215399994,21.47519329200003],[-98.71720987699995,21.47519912300004],[-98.71699563099997,21.47505701500006],[-98.71657152299994,21.47507564600005],[-98.71654127699996,21.474995862000075],[-98.71651055399995,21.474902538000034],[-98.716104923,21.47426492300008],[-98.71604204599998,21.473885985000038],[-98.71641073799998,21.473034262000056],[-98.71642273799995,21.472805262000065],[-98.71619944599998,21.47216229200006],[-98.71572278499997,21.471588077000032],[-98.71552432299995,21.471239477000037],[-98.71523713799994,21.470606154000052],[-98.71490035399995,21.470153477000053],[-98.71481484599997,21.469834708000064],[-98.71471144599997,21.469840662000024],[-98.71469556899997,21.46955393800004],[-98.71474018499997,21.469297662000027],[-98.71469978499995,21.46901223100001],[-98.71430386199997,21.468621785000035],[-98.71409898499996,21.46806163100007],[-98.71362313799995,21.46769327700002],[-98.71317107699996,21.46709512300004],[-98.71321756899994,21.46650515400006],[-98.71341067699994,21.465641585000064],[-98.71316552299999,21.465015062000077],[-98.71281487699996,21.464652923000074],[-98.71249,21.46355415400006],[-98.71248584599992,21.46304396900007],[-98.71214656899997,21.462165785000025],[-98.71237909199998,21.46147869200007],[-98.71233204599996,21.46113776900006],[-98.71238215399993,21.46081909200006],[-98.71185452299994,21.45978383100003],[-98.69598775399996,21.458352662000035],[-98.68988930799993,21.45780232300007],[-98.68960879999996,21.457970877000033],[-98.68998936899996,21.46076538500006],[-98.68363453799996,21.462151646000052],[-98.68012226199994,21.462601523000043],[-98.68000690799992,21.46056690800003],[-98.67950592299994,21.457907077000076],[-98.67741676899998,21.447488585000027],[-98.67704910799993,21.447619815000046],[-98.67600129199994,21.448683554000066],[-98.67543855399994,21.449346800000047],[-98.67488076899994,21.449132092000067],[-98.67242953799993,21.449219569000032],[-98.67214579999994,21.44993284600002],[-98.67142418499998,21.44997767700005],[-98.67162213799995,21.449306108000027],[-98.67038492299994,21.44995370800007],[-98.66961376899997,21.449300462000053],[-98.66931572299993,21.449375815000053],[-98.66924356899995,21.44958186200006],[-98.66943616899991,21.450254323000028],[-98.66890596899998,21.45029235400005],[-98.66846,21.450433400000062],[-98.6681626,21.45027636900005],[-98.66811659999995,21.450227815000062],[-98.66749958499997,21.45019720000004],[-98.66682953799993,21.45049232300005],[-98.66672846199998,21.450546292000066],[-98.66666424599998,21.450611846000072],[-98.66613173799995,21.45159829200003],[-98.66593639999994,21.45199913800008],[-98.66549115399988,21.452445969000053],[-98.66518310799994,21.452748999999994],[-98.66467113799993,21.452975815000062],[-98.66439481499997,21.453061277000074],[-98.66417639999996,21.45301646200005],[-98.66394215399994,21.453180446000033],[-98.66350589199999,21.452752523000072],[-98.66346483099993,21.452197108000064],[-98.66315809199992,21.45184387700004],[-98.6627916309999,21.451389692000078],[-98.66296495399995,21.451003262000032],[-98.66324969199997,21.450585646000036],[-98.66383187699992,21.450371969000063],[-98.66370026199995,21.44978635400002],[-98.66377836899991,21.44904969200007],[-98.66337792299996,21.448550862000044],[-98.66350283099993,21.447917415000067],[-98.66363952299996,21.447456138000064],[-98.66376279999996,21.447025277000023],[-98.6639,21.44653801500004],[-98.66414970799995,21.446160785000075],[-98.66455735399994,21.445792338000036],[-98.66481047699993,21.445427046000074],[-98.66497832299993,21.445042569000062],[-98.66524747699997,21.44463886200003],[-98.66536603099993,21.444176415000076],[-98.66551336899994,21.44310926200006],[-98.66486298499996,21.442383999999997],[-98.66452198499996,21.442191862000072],[-98.6641361539999,21.441934277000026],[-98.66388196899999,21.441707754000046],[-98.66350663099995,21.441403431000026],[-98.66331307699993,21.441191999999997],[-98.66308909199995,21.440724308000025],[-98.6630914309999,21.44017901500007],[-98.66321372299996,21.439724846000043],[-98.66342235399995,21.439203338000027],[-98.66384510799993,21.438668046000032],[-98.66362635399996,21.438230738000073],[-98.66351758499995,21.437742246000024],[-98.66343641499996,21.43720241500006],[-98.66352486199997,21.436882508000053],[-98.66304550799997,21.43673466200005],[-98.66297779999998,21.436351215000055],[-98.66418747699997,21.43546863100005],[-98.6643354,21.43357955400006],[-98.66460506199996,21.433162123000045],[-98.66520139999993,21.432554154000062],[-98.66534430799996,21.432357308000064],[-98.66566255399991,21.43191890800006],[-98.66560770799997,21.431707062000044],[-98.66672904599994,21.430660400000026],[-98.66697855399994,21.430761738000058],[-98.66716296899995,21.430691446000026],[-98.66720786199994,21.430383846000037],[-98.66710389199993,21.430029062000074],[-98.66745629199991,21.429716062000065],[-98.66758778499995,21.42937372300003],[-98.668223492,21.42910306200002],[-98.668161662,21.42892747700006],[-98.66809318499996,21.428847600000037],[-98.66817006199993,21.428731831000043],[-98.66850278499996,21.428767954000023],[-98.66852004599997,21.428690292000052],[-98.66860579999995,21.428669538000058],[-98.66890104599996,21.428502538000025],[-98.66908806199996,21.428606538000047],[-98.66938901499996,21.42850729200006],[-98.66947447699991,21.42820453800004],[-98.66977119999993,21.428247569000057],[-98.66992952299995,21.428270538000046],[-98.67008999999999,21.42817876900006],[-98.67015713799995,21.427982062000073],[-98.66991241499993,21.427830077000067],[-98.67014926199994,21.427638600000023],[-98.66998935399992,21.427437877000038],[-98.67011946199995,21.42723040000004],[-98.67042816899996,21.42726215400006],[-98.67061606199995,21.427131938000056],[-98.67064184599994,21.426960138000027],[-98.67085413799995,21.42691478500006],[-98.67092026199998,21.427026938000036],[-98.67086641499994,21.427071523000055],[-98.67105353799994,21.427197892000034],[-98.67120983099993,21.42714964600003],[-98.67145979999995,21.42712889200004],[-98.67156407699996,21.427078338000058],[-98.67254804599995,21.42660123100006],[-98.67257349199996,21.426549277000042],[-98.67285358499997,21.426553692000027],[-98.67343729199993,21.42635861500003],[-98.67357206199993,21.426237569000023],[-98.67390403099994,21.42623324600003],[-98.67414713799992,21.42637146200008],[-98.67485141499996,21.426447538000037],[-98.67538783099991,21.426250923000055],[-98.67543770799989,21.426113831000063],[-98.67563623099991,21.42584656900004],[-98.67560858499994,21.42574424600002],[-98.67538424599994,21.425723569000066],[-98.67537329199992,21.425695815000037],[-98.67563687699996,21.425475169000038],[-98.67579338499993,21.425442354000033],[-98.67591313799988,21.42537583100005],[-98.67612423099995,21.425102523000074],[-98.67630649199994,21.425279723000074],[-98.67640793799993,21.424964585000055],[-98.67637646199994,21.42456278500003],[-98.67666626199997,21.424412985000057],[-98.67683696899994,21.424072138000042],[-98.67666356899997,21.422760999999998],[-98.67686621499993,21.422569862000042],[-98.67602523099995,21.422010492000027],[-98.67590292299992,21.42188709200008],[-98.6758823539999,21.42177840000005],[-98.67591315399991,21.42165450800007],[-98.67599719999996,21.42139683100003],[-98.67623739999999,21.42088306200003],[-98.67651447699994,21.420729354000056],[-98.67690329199995,21.420806369000047],[-98.6773377229999,21.420754400000078],[-98.67774216899991,21.42066167700005],[-98.67831556899993,21.42032501500006],[-98.67864187699992,21.41998707700003],[-98.67887409199992,21.419639831000033],[-98.67911467699996,21.41940904600005],[-98.67940252299992,21.419282462000073],[-98.67968358499995,21.417587],[-98.68085721499992,21.41459143100008],[-98.68331189199994,21.413818815000074],[-98.68164618499995,21.413138969000045],[-98.68296147699996,21.412457415000066],[-98.6829859539999,21.412287354000057],[-98.68464623099996,21.41140798500004],[-98.68471872299992,21.409416569000026],[-98.68599295399994,21.40730306200004],[-98.68523372299994,21.405221646000026],[-98.68439686199996,21.40436158500006],[-98.68373999999999,21.403948523000054],[-98.68201921499995,21.399747200000032],[-98.68172310799996,21.39914510800003],[-98.68159978499995,21.398881692000035],[-98.68150487699994,21.398429831000037],[-98.67962639999995,21.398003385000035],[-98.67895096899996,21.397506754000062],[-98.67879370799992,21.397420585000077],[-98.67819512299992,21.397203185000023],[-98.67806381499994,21.396828862000067],[-98.67802379999995,21.39652527700002],[-98.67813315399992,21.39585916900007],[-98.67813184599996,21.395478538000077],[-98.67788427699995,21.394813523000042],[-98.67767081499991,21.394324877000027],[-98.67766587699997,21.394046738000043],[-98.67777978499997,21.39327552300006],[-98.67747124599997,21.39289413800003],[-98.67726198499997,21.39248406200005],[-98.67708875399991,21.392239800000024],[-98.67682687699991,21.391903677000077],[-98.67676475399995,21.391726],[-98.67656212299991,21.39119355400004],[-98.67648999999999,21.390856754000033],[-98.67707626199994,21.390386508000063],[-98.67751926199996,21.38973941500006],[-98.67772113799995,21.389577200000076],[-98.67856396899998,21.389165215000048],[-98.67985067699995,21.388356600000066],[-98.68043959999993,21.38780532300007],[-98.68095661499994,21.38725021500005],[-98.68171816899994,21.38695884600003],[-98.68181807699992,21.386879646000068],[-98.68217826199997,21.386536169000067],[-98.68299281499992,21.38583333800005],[-98.68390524599991,21.385264031000077],[-98.68472647699996,21.384768108000063],[-98.68520650799994,21.384346508000075],[-98.68547066199991,21.384108923000046],[-98.68555355399994,21.384028785000055],[-98.68724532299994,21.38303849200003],[-98.68765758499995,21.382225800000064],[-98.68842250799995,21.38158829200006],[-98.68866261499993,21.38124921500002],[-98.68905861499994,21.38060883100007],[-98.68946230799995,21.380222615000033],[-98.68966278499994,21.379866815000074],[-98.68989484599996,21.37932230800004],[-98.69019573799993,21.378856308000028],[-98.69050404599994,21.378514938000023],[-98.69071283099996,21.37823623100007],[-98.69087604599996,21.37783138500004],[-98.69149483099993,21.37708809200007],[-98.69164073799998,21.37674093800007],[-98.69172115399991,21.376439385000026],[-98.69194913799997,21.37550416900007],[-98.69263241499999,21.374802431000035],[-98.69319404599997,21.374178615000066],[-98.69355263099999,21.373273969000028],[-98.69382426199996,21.37270009200006],[-98.69434232299992,21.37160801500005],[-98.69499024599997,21.37061083100008],[-98.69548070799999,21.370064569000082],[-98.69595629199992,21.369560292000074],[-98.69621412299993,21.36930386200003],[-98.69671156899993,21.368956231000027],[-98.69719676899997,21.368609323000037],[-98.69726566199998,21.368156338000063],[-98.69727912299997,21.36787990800008],[-98.69744421499995,21.367197585000042],[-98.69785026199997,21.365963538000074],[-98.69831327699994,21.365883062000027],[-98.69882393799996,21.36581553800005],[-98.69937523099995,21.365371077000077],[-98.699690923,21.36495063100006],[-98.69988213799992,21.363808892000065],[-98.69996712299994,21.363580938000037],[-98.70065346200002,21.36252598500004],[-98.70073563099997,21.362374],[-98.70099664599996,21.362004954000042],[-98.70176341499995,21.36136566200003],[-98.70208664599994,21.361286200000052],[-98.70238243099996,21.361211662000077],[-98.70260921499994,21.36107686200006],[-98.70280289199994,21.360951985000046],[-98.70293018499994,21.36087075400008],[-98.70357435399994,21.360087723000053],[-98.70366001499997,21.35993107700006],[-98.70364339999998,21.35974784600006],[-98.70357184599996,21.359421862000033],[-98.70404656899994,21.358635785000047],[-98.70407593799995,21.358540185000034],[-98.70419100000001,21.35786038500004],[-98.70448703099996,21.357429708000037],[-98.70491019999997,21.356917938000034],[-98.70514684599999,21.356700185000026],[-98.70577532299993,21.356317985000032],[-98.70616752299995,21.35577646200005],[-98.70654483099996,21.355418169000078],[-98.70701370799998,21.35472855400008],[-98.70725612299995,21.35440253800004],[-98.70790635399999,21.35376370800003],[-98.70825984599996,21.353202185000043],[-98.70846863099995,21.35300530800004],[-98.70898732299993,21.35262455400004],[-98.70957369199999,21.352169292000042],[-98.70982558499998,21.35191624600003],[-98.71016843099994,21.35162046200003],[-98.71050064599997,21.35128589200008],[-98.71093307699992,21.350426723000055],[-98.71126964599996,21.349999446000027],[-98.71241,21.348752785000038],[-98.71268276899997,21.34830067700005],[-98.71307403099995,21.347460185000045],[-98.71326013799995,21.347211662000067],[-98.71373212299991,21.346822077000066],[-98.71399632299992,21.346493123000073],[-98.71410709199996,21.346224400000036],[-98.71510747699993,21.34553240000002],[-98.71542424599996,21.345225308000067],[-98.71628766199997,21.345120600000026],[-98.71674376899995,21.344859785000043],[-98.71728955399999,21.344345615000066],[-98.71782981499997,21.34421655400007],[-98.71822586199993,21.344147862000057],[-98.71852475399999,21.344016262000025],[-98.71863698499997,21.343946785000067],[-98.71914978499997,21.343550923000066],[-98.71993221499996,21.343507308000028],[-98.72054633799993,21.343608954000047],[-98.72139790799996,21.343763846000055],[-98.72231361499995,21.343809462000028],[-98.72279703099994,21.343669523000074],[-98.72336961499995,21.343666908000046],[-98.72399467699995,21.343458723000033],[-98.72480866199999,21.343348138000067],[-98.72549395399993,21.343114769000067],[-98.72585538499999,21.343069338000074],[-98.72646983099996,21.34314540000003],[-98.72720509199996,21.34312996900007],[-98.72746118499998,21.343006323000054],[-98.72805821499995,21.34285686200008],[-98.72864467699995,21.342746999999996],[-98.72912023099997,21.342965600000074],[-98.72967043099999,21.34292913800004],[-98.72982255399992,21.342882600000053],[-98.73057146199994,21.342883215000032],[-98.73195735399996,21.342880985000026],[-98.73310932299995,21.34334955400004],[-98.73318607699996,21.343434862000034],[-98.73356743099998,21.344592277000057],[-98.73401539999996,21.345415323000054],[-98.73432333799995,21.34672112300007],[-98.734540569,21.346839462000048],[-98.73550404599996,21.34714535400008],[-98.73599135399994,21.347493815000064],[-98.73665215399994,21.34809523100006],[-98.73713673799993,21.348264262000043],[-98.73812092299994,21.348477908000064],[-98.73825564599998,21.347345954000048],[-98.73880561499998,21.34562610800003],[-98.73880238499997,21.34512090800007],[-98.73828021499996,21.343138769000063],[-98.73799310799996,21.341891754000077],[-98.73789170799995,21.341623692000034],[-98.73726244600002,21.340497892000027],[-98.736683246,21.33921476900003],[-98.73640064599994,21.338266],[-98.73634432299995,21.338179046000047],[-98.73628032299995,21.33800963100003],[-98.73623167699998,21.33771820000004],[-98.73622590799992,21.337214692000035],[-98.73658181499994,21.33530035400003],[-98.73579978499998,21.334727908000048],[-98.73697953799994,21.334550369000063],[-98.73867089199996,21.334100385000056],[-98.73942729199997,21.33402538500008],[-98.74059895399995,21.334070923000077],[-98.74128847699996,21.333940923000057],[-98.74336452299997,21.33375783100007],[-98.74275926199994,21.331515154000044],[-98.74248119999997,21.33049898500008],[-98.74172064599999,21.327741785000057],[-98.74160179999997,21.327287108000068],[-98.74114176899997,21.325611508000062],[-98.74017664599997,21.321952923000033],[-98.73967889199996,21.320133892000054],[-98.73925475399994,21.318537185000025],[-98.73896944599994,21.317970277000036],[-98.73862341499996,21.317518108000062],[-98.73840206199996,21.31662606200007],[-98.73700263099994,21.31684580000007],[-98.73675255399993,21.316751923000034],[-98.73629458499995,21.316441492000028],[-98.73499203099998,21.315998000000004],[-98.73352589199997,21.31553741500005],[-98.73243784599995,21.315300185000073],[-98.73097144599996,21.31491776900004],[-98.73069790799997,21.314324046000024],[-98.73009424599996,21.31281329200004],[-98.72965984599995,21.31199996900006],[-98.72948629199998,21.311674246000056],[-98.72948984599995,21.311465615000035],[-98.72899930799996,21.311266338000053],[-98.72856193799997,21.310782200000062],[-98.72771726199993,21.310062923000036],[-98.7281668,21.30961758500007],[-98.72941816899997,21.30980613800006],[-98.72962007699992,21.309854862000073],[-98.72976895399994,21.309924477000038],[-98.73156552299997,21.31106390800005],[-98.73145944599999,21.311391923000034],[-98.73231784599993,21.311689708000078],[-98.73234915399993,21.311827185000034],[-98.73270513799994,21.311907446000085],[-98.73318084599998,21.311595246000024],[-98.73346084599996,21.311759215000055],[-98.73382166199998,21.31171816900008],[-98.73428955399999,21.312112015000025],[-98.73472552299995,21.312246200000057],[-98.73494000000001,21.312437354000053],[-98.73499576899997,21.312603077000063],[-98.73575832299994,21.31274132300007],[-98.73646519999994,21.313125292000056],[-98.74072059999997,21.31345935400003],[-98.74241803099991,21.31335436900003],[-98.74468356899997,21.312912892000043],[-98.74618349199996,21.31276684600004],[-98.74743415399995,21.312803138000053],[-98.74861207699995,21.312784477000037],[-98.75169821499996,21.31359869200003],[-98.75216224599995,21.31375980000007],[-98.75438459999995,21.314775277000027],[-98.75621264599992,21.315613862000077],[-98.75838141499995,21.31691970800006],[-98.75969886199992,21.31771433800003],[-98.76103787699996,21.31893995400003],[-98.76215236899998,21.319122215000046],[-98.76322960000002,21.320118077000075],[-98.76402738499996,21.320969538000043],[-98.76459475399997,21.32180432300004],[-98.76512324599999,21.32243756900004],[-98.76527752299994,21.323264538000046],[-98.76583856899997,21.324219831000047]]]}},{"type":"Feature","properties":{"code":"24039","cve_ent":"24","cve_mun":"039","municipio":"Tampamolón Corona","estado":"San Luis Potosí","region":"Huasteca Potosina","fuente":"Marco Geoestadístico / INEGI (consolidado GeoJSON para el visor)"},"geometry":{"type":"Polygon","coordinates":[[[-98.71260229199999,21.588293954000044],[-98.71157310799998,21.587843046000046],[-98.71118344599998,21.587657200000024],[-98.71160310799996,21.587206031000047],[-98.71153084599995,21.586856815000033],[-98.71139903099998,21.586391415000037],[-98.71116264600002,21.58564906200007],[-98.71108433799998,21.585249585000035],[-98.71098164599994,21.584746800000058],[-98.70981778499998,21.58430635400003],[-98.70943215399993,21.583949738000054],[-98.70955598499997,21.582982815000033],[-98.70942824599997,21.58251970800006],[-98.70933644599995,21.581812],[-98.70909755399997,21.58169383100005],[-98.70847072299993,21.581651600000043],[-98.70830021499994,21.582580338000067],[-98.70785647699995,21.582529800000025],[-98.70706513799995,21.581976585000064],[-98.70617633799995,21.58253304600003],[-98.70513163099996,21.582986215000062],[-98.70433166199997,21.582896846000036],[-98.70303595399996,21.58127284600004],[-98.70323227699997,21.581023846000047],[-98.70335175399997,21.580490723000025],[-98.70268893799991,21.58071458500006],[-98.70246612299994,21.58038784600006],[-98.70213953799995,21.579979492000064],[-98.70179436899997,21.580017554000044],[-98.70177359999995,21.580349400000042],[-98.70199956899997,21.581014862000075],[-98.70129744599997,21.581289631000057],[-98.70077306199994,21.58141909200003],[-98.70052644599998,21.581178477000037],[-98.70014647699996,21.581029123000064],[-98.69980039999996,21.58109690800006],[-98.69930706199993,21.581369677000048],[-98.6991718149999,21.58174149200005],[-98.69938744599993,21.582255862000068],[-98.69950929199997,21.58267123100006],[-98.69929632299993,21.58332360000002],[-98.69825246199997,21.583167692000075],[-98.69709276899992,21.582218969000053],[-98.69704695399996,21.582511108000062],[-98.69657921499997,21.582511200000052],[-98.69626156899994,21.582132246000068],[-98.69449704599998,21.58284821500007],[-98.69361353799995,21.58320276900002],[-98.69307273799991,21.58382053800005],[-98.69290830799994,21.584206754000036],[-98.6928475999999,21.585048569000033],[-98.69291269199992,21.585601999999994],[-98.69300204599993,21.585916846000025],[-98.6932766,21.586221046000045],[-98.69321084599994,21.587130862000034],[-98.69213967699991,21.58695835400005],[-98.69214023099993,21.586071600000025],[-98.69153638499995,21.585884231000023],[-98.69102444599999,21.58612490800004],[-98.69037036899991,21.587097477000043],[-98.68985912299993,21.586579323000024],[-98.69042279999995,21.581867877000036],[-98.69000089199993,21.581576446000042],[-98.68907763099995,21.58178387700007],[-98.68887716899992,21.581488446000037],[-98.6864804149999,21.58084727700003],[-98.68634856899993,21.580802708000075],[-98.68610984599995,21.58071435400006],[-98.68572669199992,21.580605692000063],[-98.68541283099992,21.580403215000043],[-98.68531441499991,21.58002987700007],[-98.68525590799999,21.579669246000034],[-98.68522366199996,21.57931067700002],[-98.68519703099994,21.578952492000045],[-98.68516070799994,21.578568846000053],[-98.68518466199997,21.57828840000008],[-98.68586339999993,21.575430615000073],[-98.68606055399991,21.57461923100004],[-98.68619161499996,21.57316747700003],[-98.68599427699993,21.571809815000048],[-98.68609427699992,21.57109184600006],[-98.68458635399995,21.56722153800007],[-98.68499826199995,21.56624996900007],[-98.6848411079999,21.565887723000063],[-98.68513078499994,21.565266262000023],[-98.68484910799997,21.56474555400007],[-98.68475924599993,21.56388187700003],[-98.68476427699993,21.56347669200005],[-98.68486130799992,21.563072846000065],[-98.68495470799995,21.562697354000022],[-98.68527067699993,21.562147569000043],[-98.68407573799995,21.55997663100004],[-98.68436815399994,21.559697969000073],[-98.68461733799992,21.55940356900004],[-98.68476999999999,21.559152585000046],[-98.68531263099997,21.558661338000036],[-98.6858765379999,21.558359769000045],[-98.68844773799995,21.55754556900007],[-98.69046466199997,21.556072800000035],[-98.68314576899995,21.543841077000025],[-98.68261801499992,21.54245007700007],[-98.68174936899996,21.541921985000045],[-98.68105836899996,21.53989213800003],[-98.68072552299996,21.53908330800004],[-98.68029999999999,21.538803369000053],[-98.68037523099994,21.538143062000074],[-98.68043284599995,21.53772612300003],[-98.68071733799992,21.537283738000045],[-98.68097221499988,21.536851785000074],[-98.68099475399997,21.53626590800008],[-98.68088952299993,21.535668708000063],[-98.68103127699997,21.53547627700004],[-98.68142350799995,21.535210846000037],[-98.68177359999997,21.53508070800007],[-98.68207778499996,21.534435200000075],[-98.68247469199996,21.533941923000047],[-98.68270976899996,21.533588492000035],[-98.68307083099991,21.533070985000048],[-98.6833564,21.532454508000058],[-98.68301919999996,21.531692708000037],[-98.68239424599993,21.531208954000082],[-98.68146847699994,21.531394523000078],[-98.67988373799992,21.530797308000047],[-98.67785944599994,21.530516738000074],[-98.67664839999995,21.53121676900003],[-98.67510690799995,21.532121662000065],[-98.67012719999994,21.523695877000023],[-98.67034239999995,21.523587923000036],[-98.67083450799996,21.523330538000035],[-98.67104152299996,21.52323707700003],[-98.67111315399993,21.52321149200003],[-98.67126613799994,21.52317109200004],[-98.67182156899996,21.523055631000034],[-98.67217641499992,21.522934462000027],[-98.67293135399991,21.522702754000022],[-98.67340216899996,21.522574431000066],[-98.6735589689999,21.52250936900003],[-98.67389647699994,21.522306923000027],[-98.67432927699996,21.522074123000042],[-98.67459781499994,21.521896815000048],[-98.67490235399994,21.521634892000066],[-98.67537389199995,21.52113898500005],[-98.67561444599994,21.520948815000054],[-98.67572964599995,21.520875538000038],[-98.67612558499995,21.52067572300007],[-98.67625169199991,21.52058298500003],[-98.67631826199992,21.52051273800003],[-98.67642961499995,21.520164338000033],[-98.67642927699994,21.51967503100008],[-98.67623936899996,21.519336262000024],[-98.67575593799992,21.518508169000036],[-98.67491264599994,21.516836185000045],[-98.67492212299994,21.51679476900006],[-98.67522326199997,21.51616966200004],[-98.67549081499996,21.51578040000004],[-98.67581855399993,21.515357338000058],[-98.67600096899996,21.514850185000064],[-98.67603373799992,21.51467121500008],[-98.67519407699994,21.513154954000072],[-98.67520067699994,21.512904338000055],[-98.6752479689999,21.512371354000038],[-98.67532507699994,21.51152190800008],[-98.67532239999993,21.51132376900006],[-98.67578852299988,21.510706200000072],[-98.67673079999994,21.509733569000044],[-98.67676429199996,21.508654231000033],[-98.67636523099995,21.508037708000074],[-98.67654670799998,21.506497538000076],[-98.67732976899997,21.504528969000035],[-98.68114258499996,21.502289077000054],[-98.68167943099995,21.501938446000057],[-98.68196289199992,21.502095292000032],[-98.68493456899995,21.49766521500004],[-98.68520601499993,21.49748789200003],[-98.68565321499993,21.496972954000057],[-98.68622866199996,21.496362892000032],[-98.68628344599993,21.496243554000042],[-98.68618103099996,21.495746554000043],[-98.68609266199995,21.49558226200002],[-98.68591801499994,21.493859446000044],[-98.68588307699994,21.49380450800004],[-98.68519566199996,21.49340952300002],[-98.68499033799993,21.493218631000044],[-98.68495593799996,21.493149846000044],[-98.68493290799994,21.49293184600003],[-98.68514446199998,21.492504877000037],[-98.68526927699995,21.49235021500004],[-98.68561541499996,21.492093708000027],[-98.68590949199992,21.491668246000074],[-98.68648595399995,21.490981646000026],[-98.68663146199998,21.490831385000032],[-98.68705329199997,21.49058333800008],[-98.68787238499999,21.490320985000036],[-98.68804450799993,21.49020858500006],[-98.68826227699994,21.489946862000064],[-98.68866603099995,21.489589462000026],[-98.68882507699996,21.489448677000034],[-98.68941756899993,21.48903961500002],[-98.68993370799994,21.48833261500004],[-98.69014155399996,21.486880462000045],[-98.69015043099995,21.486046277000064],[-98.69062141499995,21.485123338000044],[-98.69089183099997,21.48436438500005],[-98.69184804599993,21.482503985000044],[-98.69184641499997,21.482303031000068],[-98.69158093799996,21.481340323000033],[-98.69067539999996,21.47952601500003],[-98.68958206199991,21.477819723000042],[-98.68915296899995,21.474252677000035],[-98.68946633799997,21.472101231000064],[-98.68965996899999,21.469098646000077],[-98.68961333799996,21.469065969000045],[-98.68969526199999,21.468254123000065],[-98.68984673799993,21.466673631000038],[-98.68993226199994,21.465623092000037],[-98.69005246199998,21.465453923000037],[-98.69005724599998,21.465359754000076],[-98.69026890799995,21.462761631000028],[-98.69027566199998,21.462348308000053],[-98.69003144599998,21.460969015000043],[-98.69000912299997,21.46077970800007],[-98.68998936899996,21.46076538500006],[-98.68960879999996,21.457970877000033],[-98.68988930799993,21.45780232300007],[-98.69598775399996,21.458352662000035],[-98.71185452299994,21.45978383100003],[-98.71238215399993,21.46081909200006],[-98.71233204599996,21.46113776900006],[-98.71237909199998,21.46147869200007],[-98.71214656899997,21.462165785000025],[-98.71248584599992,21.46304396900007],[-98.71249,21.46355415400006],[-98.71281487699996,21.464652923000074],[-98.71316552299999,21.465015062000077],[-98.71341067699994,21.465641585000064],[-98.71321756899994,21.46650515400006],[-98.71317107699996,21.46709512300004],[-98.71362313799995,21.46769327700002],[-98.71409898499996,21.46806163100007],[-98.71430386199997,21.468621785000035],[-98.71469978499995,21.46901223100001],[-98.71474018499997,21.469297662000027],[-98.71469556899997,21.46955393800004],[-98.71471144599997,21.469840662000024],[-98.71481484599997,21.469834708000064],[-98.71490035399995,21.470153477000053],[-98.71523713799994,21.470606154000052],[-98.71552432299995,21.471239477000037],[-98.71572278499997,21.471588077000032],[-98.71619944599998,21.47216229200006],[-98.71642273799995,21.472805262000065],[-98.71641073799998,21.473034262000056],[-98.71604204599998,21.473885985000038],[-98.716104923,21.47426492300008],[-98.71651055399995,21.474902538000034],[-98.71654127699996,21.474995862000075],[-98.71657152299994,21.47507564600005],[-98.71699563099997,21.47505701500006],[-98.71720987699995,21.47519912300004],[-98.71738215399994,21.47519329200003],[-98.71721709199996,21.47499970800004],[-98.71722927699996,21.474765169000026],[-98.71735575399998,21.474668508000033],[-98.71763075399996,21.47469055400006],[-98.717817262,21.474756077000052],[-98.71797644599997,21.475105538000033],[-98.71831135399997,21.475488631000076],[-98.71846176899999,21.475556615000073],[-98.71862086199997,21.475407308000054],[-98.71837,21.475285092000032],[-98.71821684599996,21.474894154000033],[-98.71878512299995,21.47430090800003],[-98.71895283099994,21.474284908000076],[-98.71912764599996,21.474444369000025],[-98.71939946199997,21.47397815400007],[-98.71963167699994,21.473901985000055],[-98.71979818499993,21.47406569200007],[-98.72021240000001,21.473990215000068],[-98.72004312299997,21.47370170800008],[-98.72009116899993,21.47343230800004],[-98.72041343099994,21.47342575400006],[-98.72056096899996,21.473368954000026],[-98.72054936899997,21.473089738000056],[-98.72069024599995,21.47303358500005],[-98.72101830799993,21.47327506200003],[-98.72131444599994,21.47321381500006],[-98.72136995399994,21.473229554000053],[-98.72154130799997,21.473239262000046],[-98.72188438499995,21.473526769000046],[-98.72240415399992,21.473808831000042],[-98.72173515399996,21.474352923000026],[-98.72152176899999,21.47513013800005],[-98.72155383099992,21.47566538500007],[-98.72218998499994,21.475622615000074],[-98.72234929199998,21.475900877000072],[-98.72215244599994,21.476163477000057],[-98.72246595399996,21.476739892000065],[-98.72293376899992,21.47663498500003],[-98.72331423099995,21.476845646000076],[-98.72321964599996,21.477130815000066],[-98.72365556899997,21.477849046000074],[-98.72340555399994,21.47838747700007],[-98.72342086199995,21.47883093800004],[-98.72320635399994,21.47903069200003],[-98.72304096899995,21.479043400000023],[-98.723,21.47911264600003],[-98.72320995399997,21.479152092000046],[-98.72334393799996,21.47930515400003],[-98.72332810799993,21.479392185000044],[-98.72318579999995,21.47960392300007],[-98.7228005539999,21.47985801500005],[-98.72248867699992,21.479947692000053],[-98.72241698499994,21.480117246000074],[-98.72242566199999,21.48042612300003],[-98.72214336899998,21.48080663100006],[-98.72143521499997,21.481219862000042],[-98.72132727699993,21.481335308000034],[-98.72179524599994,21.48162850800002],[-98.72185447699995,21.481802662000064],[-98.72155144599999,21.481940692000023],[-98.72142866199992,21.48207169200003],[-98.72191320000002,21.48193707700005],[-98.72208410799996,21.481985354000077],[-98.72228669199994,21.482154046000062],[-98.72243695399997,21.48230856900005],[-98.72250126199998,21.482472985000065],[-98.72254692299997,21.482634400000048],[-98.72272779999996,21.48272626200002],[-98.72280256899994,21.482862123000075],[-98.72283226199993,21.482929877000053],[-98.72276272299993,21.48328461500006],[-98.72275659999994,21.48332347700005],[-98.72308778499995,21.483466046000043],[-98.72357487699993,21.483560846000042],[-98.723662231,21.48359150800007],[-98.72380278499995,21.483800492000057],[-98.72377670799992,21.48413973800006],[-98.72388884599994,21.48453509200004],[-98.72399229199996,21.48454430800006],[-98.724314662,21.484037092000047],[-98.72460506199997,21.48377403100005],[-98.72476878499998,21.483767815000075],[-98.72494969199992,21.48379486200002],[-98.72509563099999,21.48390390800006],[-98.72521104599997,21.484157523000082],[-98.72525841499997,21.484231215000023],[-98.72544627699992,21.484343123000027],[-98.72685,21.48289713800005],[-98.732523062,21.477323031000026],[-98.73361583099994,21.476361154000077],[-98.73433659999995,21.475926462000075],[-98.73645,21.475283400000023],[-98.74584456899998,21.473269108000068],[-98.74589169199999,21.47385721500007],[-98.74678976899997,21.474665892000075],[-98.74667696899996,21.475151154000063],[-98.74693783099995,21.475529308000027],[-98.74685852299996,21.475838015000026],[-98.74639895399996,21.476304631000055],[-98.74655666200002,21.476247692000072],[-98.74700055399995,21.478007262000062],[-98.74767461499994,21.478828769000078],[-98.74795710799998,21.479962262000075],[-98.74994956899997,21.482056477000064],[-98.75015512299994,21.48296221500004],[-98.75069919999997,21.484454154000048],[-98.75174078499998,21.48447595400006],[-98.75394726199994,21.483922015000076],[-98.75432633799993,21.483481215000037],[-98.75574019999999,21.483462492000054],[-98.75583236899993,21.483343015000056],[-98.75625135399996,21.483116092000042],[-98.75696570799994,21.485014385000053],[-98.75730850799991,21.484938615000033],[-98.75675701499993,21.486697077000024],[-98.75654270799997,21.487978523000038],[-98.75652147699998,21.48803095400006],[-98.75634627699995,21.488409477000058],[-98.75477879999998,21.48965155400003],[-98.75515736899993,21.489917908000052],[-98.75530087699994,21.49102529200007],[-98.75485033799997,21.491555215000066],[-98.754584246,21.492117492000027],[-98.75451623099997,21.49241053800005],[-98.75423953799998,21.492505508000015],[-98.75336718499992,21.493704092000026],[-98.75352492299997,21.494158338000034],[-98.75300666199996,21.495134446000066],[-98.75271558499996,21.495266354000023],[-98.75226612299996,21.49566595400006],[-98.75241119999997,21.49601120000005],[-98.75194824599998,21.496780415000046],[-98.75163739999991,21.49695003100004],[-98.75176339999997,21.498043031000062],[-98.75201409199997,21.498558677000062],[-98.75153713799992,21.499078200000042],[-98.75145933799995,21.499051492000035],[-98.75126098500002,21.499341415000057],[-98.75075218499994,21.499772554000057],[-98.75085058499995,21.500384031000067],[-98.75061535399998,21.500831892000065],[-98.75006640000001,21.503137969000026],[-98.75068550799992,21.503558200000043],[-98.75110636899996,21.503294231000037],[-98.75127767699995,21.503144431000067],[-98.75298390799996,21.502567138000074],[-98.75543559999993,21.50083638500007],[-98.75643103099995,21.500454708000067],[-98.75668750799996,21.50014675400007],[-98.75687869199997,21.49976580000003],[-98.75715207699993,21.499197569000046],[-98.75817346199995,21.49827752300007],[-98.75886226199998,21.49820338500006],[-98.75954264599994,21.498336677000044],[-98.75958055399994,21.498029754000072],[-98.75954490799995,21.497123785000042],[-98.75983787699991,21.496767092000027],[-98.76034747699995,21.496637785000072],[-98.76182292299995,21.496941738000032],[-98.76254535399993,21.497927031000074],[-98.76296389199997,21.498241908000065],[-98.76349101499993,21.49838633800004],[-98.76360439999996,21.498723769000033],[-98.764089062,21.49908838500005],[-98.76486115399993,21.497897692000034],[-98.76595015399992,21.50024872300003],[-98.76755933799996,21.500193815000046],[-98.76781367700002,21.50077496900008],[-98.76830163099996,21.500945600000026],[-98.76923463099995,21.50105686200004],[-98.77012552299998,21.50144961500007],[-98.77009003099992,21.501654615000067],[-98.76983643099997,21.501900692000053],[-98.76945879999994,21.502032923000055],[-98.7695381079999,21.502365262000072],[-98.76997013799993,21.502610200000046],[-98.76996446199998,21.50300375400008],[-98.76942624599997,21.50314215400004],[-98.76885924599998,21.50299233800007],[-98.76907132299999,21.50369873800003],[-98.76868216899997,21.50401236900007],[-98.76822473799997,21.503846692000025],[-98.76789627699995,21.504684831000077],[-98.76791647699997,21.505177754000044],[-98.76793276899996,21.505575369000038],[-98.76782000000001,21.506016985000027],[-98.76815713799996,21.505885938000066],[-98.78132084599997,21.504714308000075],[-98.78416201499992,21.50782676900008],[-98.78757870799994,21.50553264600006],[-98.79025000000001,21.500883831000067],[-98.78768664599995,21.49658650800006],[-98.78752012299998,21.495483262000047],[-98.78749569199994,21.494723138000037],[-98.78861776899998,21.49335849200003],[-98.78920330799997,21.491152600000078],[-98.79259367699996,21.489840785000066],[-98.79289639999995,21.490381277000036],[-98.79375846199997,21.490375677000028],[-98.79476013799996,21.490707477000054],[-98.79617416899998,21.491063677000056],[-98.79749878499997,21.491167169000054],[-98.79908347699995,21.490937338000034],[-98.80001758499998,21.49070706200007],[-98.80086999999999,21.49028130800008],[-98.80149347699995,21.48986749200003],[-98.80221658499994,21.489098292000048],[-98.80286595399996,21.488930446000033],[-98.80289775399993,21.488922231000053],[-98.803622062,21.488522846000016],[-98.80436275399994,21.488223385000023],[-98.80497813799992,21.487936585000053],[-98.80592206199995,21.48780878500003],[-98.80768270799996,21.48747370800004],[-98.80881126199992,21.487349492000074],[-98.80888015399992,21.48733567700003],[-98.81088909199997,21.487258415000046],[-98.81217981499996,21.487048646000062],[-98.81212000000001,21.486427385000066],[-98.81270689199991,21.485294123000074],[-98.81269264599995,21.484832554000032],[-98.81292883099994,21.48477760000003],[-98.81337164599995,21.484688369000025],[-98.81395490799997,21.484406046000057],[-98.81515024599997,21.48392555400005],[-98.81561789199996,21.48420593800006],[-98.82087404599996,21.49115972300007],[-98.826625246,21.49873689200006],[-98.82783378499994,21.500161154000068],[-98.82860321499997,21.50101844600005],[-98.82960659999996,21.50246998500006],[-98.82975506199993,21.502684754000033],[-98.83013586199995,21.50335149200004],[-98.83141813799992,21.504842323000048],[-98.83119193799995,21.50485947700003],[-98.83108973799993,21.50503913800003],[-98.83112952299994,21.505304477000035],[-98.83147369199997,21.50524970800006],[-98.83160703099995,21.50527690800004],[-98.83183081499998,21.50532209200003],[-98.83308224599993,21.50677701500007],[-98.836664338,21.51058616900008],[-98.83718435399997,21.511323415000053],[-98.82680426199994,21.516792215000066],[-98.83351995399994,21.52517346200005],[-98.83413856899993,21.525979708000026],[-98.8360819229999,21.527330954000032],[-98.83706430799998,21.527769400000068],[-98.83833875399992,21.528409492000034],[-98.84149950799997,21.52943033800005],[-98.84212456899996,21.529618154000048],[-98.84259118499993,21.529828046000034],[-98.84302192299998,21.530088831000057],[-98.84529916899997,21.53260173800004],[-98.84554950799995,21.533370615000027],[-98.84611767699991,21.534721692000065],[-98.848154062,21.536164462000045],[-98.84896112299994,21.537552538000057],[-98.84902726199992,21.53755355400006],[-98.85008415399992,21.53788618500005],[-98.85145036899995,21.537952723000053],[-98.85181073799997,21.538137262000077],[-98.85280464599998,21.538761708000038],[-98.85341438499995,21.538594769000046],[-98.85382646199997,21.538541708000025],[-98.85429492299994,21.538557123000036],[-98.85538439999999,21.539289],[-98.85565633799993,21.539299154000048],[-98.85576556899996,21.539322246000037],[-98.85615643099996,21.539455015000048],[-98.85649850799994,21.53963967700002],[-98.85703283099993,21.540015108000034],[-98.85721226199996,21.54026090800005],[-98.85778267699997,21.541201554000054],[-98.85855489199996,21.54110801500008],[-98.85949283099993,21.541402723000033],[-98.86187906199994,21.541551923000046],[-98.86273116899993,21.540944938000052],[-98.863693615,21.541097969000077],[-98.86425344599998,21.54128509200007],[-98.86445033799997,21.54125273800003],[-98.86517996899991,21.54097964600004],[-98.86641569199996,21.540874985000073],[-98.86657367699995,21.540831415000074],[-98.86683233799991,21.540773600000023],[-98.86808193799997,21.54066860000006],[-98.8684,21.54072323100007],[-98.86950223099994,21.541163246000053],[-98.87011721499991,21.541364415000036],[-98.87091753799994,21.541552523000064],[-98.87207016899995,21.542453246000033],[-98.87227490799994,21.542547354000074],[-98.87273347699991,21.543057985000075],[-98.87332118499994,21.543678969000037],[-98.87375961499997,21.544210477000032],[-98.87480084599996,21.546312323000052],[-98.87534239999992,21.546820938000053],[-98.87625369199998,21.54744841500008],[-98.87635532299996,21.547545092000064],[-98.87640107699994,21.547585815000048],[-98.87758853799988,21.548642662000073],[-98.87880641499994,21.549476231000025],[-98.87932912299999,21.54977946200006],[-98.88016795399993,21.550350538000032],[-98.88182992299991,21.551495338000056],[-98.88325856899995,21.55249961500004],[-98.88421432299998,21.553339262000062],[-98.88510538499996,21.554212031000073],[-98.88551738499994,21.554943508000065],[-98.88565126199995,21.555131723000045],[-98.88618349199999,21.555641892000036],[-98.88671853799994,21.556213985000056],[-98.88743684599994,21.557397985000026],[-98.88778915399993,21.558030185000064],[-98.88856201499999,21.55945203100003],[-98.88885792299997,21.559836985000057],[-98.88952195399996,21.56116987700005],[-98.88978472299999,21.561562569000046],[-98.89007666199996,21.56212256900005],[-98.89030438499998,21.562707062000072],[-98.89084909199994,21.562564385000027],[-98.89189890799996,21.56269638500003],[-98.892100369,21.56262760000003],[-98.89323404599998,21.562433846000026],[-98.89332055399993,21.562417738000022],[-98.89334836899994,21.56316010800003],[-98.893664631,21.564631446000078],[-98.89440169199996,21.566495185000065],[-98.89469746199997,21.56758873800004],[-98.89528752299996,21.568383615000073],[-98.89488619999996,21.568616585000026],[-98.89388056899995,21.56845053800003],[-98.89378466199997,21.568449615000073],[-98.89108989199997,21.56885401500006],[-98.89006426199997,21.56845278500003],[-98.88512383099997,21.57082250800005],[-98.88341273799992,21.571713877000033],[-98.88198403099993,21.57248430800007],[-98.88135946199996,21.57297593800007],[-98.88154498499996,21.573374923000078],[-98.8822,21.574055938000072],[-98.88282581499996,21.574976800000062],[-98.88239118499993,21.576101092000044],[-98.88205393799994,21.576422415000025],[-98.88167753799993,21.57660633800003],[-98.88086556899998,21.57841927700002],[-98.88085,21.578503123000075],[-98.88107229199993,21.578631615000063],[-98.88134796899996,21.57872573800006],[-98.88166879999994,21.57877947700006],[-98.88204736899993,21.57879306200004],[-98.88236090799994,21.578887954000038],[-98.88264204599993,21.579017585000027],[-98.88305950799995,21.57935701500003],[-98.88255135399994,21.579994631000034],[-98.88242533799993,21.580211215000077],[-98.88304575399994,21.580719431000027],[-98.88396455399999,21.58151167700003],[-98.88425672299995,21.58143173800005],[-98.88495235399994,21.583454738000057],[-98.88475321499999,21.583702400000046],[-98.88413327699999,21.583789062000047],[-98.8804512309999,21.582622292000046],[-98.87954355399994,21.58193190800006],[-98.87930996899995,21.581388369000027],[-98.87811835399995,21.579503846000023],[-98.87762221499996,21.57870361500005],[-98.87681344599997,21.57704540000003],[-98.87613379999999,21.57542886200002],[-98.87559958499995,21.57355812300006],[-98.87513464599998,21.57199669200003],[-98.8738647229999,21.572211600000056],[-98.86859487699994,21.57313387700003],[-98.86637409199993,21.573683600000034],[-98.86329750799995,21.57509803100004],[-98.86146972299997,21.57572481500005],[-98.86002158499997,21.576115492000042],[-98.85368741499995,21.577947954000027],[-98.85363821499995,21.578144231000064],[-98.85277319999992,21.58165944600006],[-98.85061906199996,21.589420999999998],[-98.85024066199998,21.59076290800004],[-98.84871469199999,21.59613320000005],[-98.84519718499993,21.609058877000056],[-98.84511503099995,21.60926301500007],[-98.84419970799996,21.61090516900004],[-98.84338,21.61142612300006],[-98.84155001499994,21.612206538000063],[-98.83828063099995,21.61405558500008],[-98.83706638499996,21.61494386200008],[-98.83532410799994,21.616220169000034],[-98.83378938499996,21.617316385000038],[-98.83225950799992,21.618508954000053],[-98.83086432299994,21.61947275400007],[-98.83015864599997,21.61997206200005],[-98.82940643099992,21.622198385000047],[-98.82866209199992,21.624680369000032],[-98.8266736,21.622636123000063],[-98.82592215399993,21.623210185000065],[-98.82483923099993,21.62396086200005],[-98.82448084599996,21.624245200000075],[-98.82434126199995,21.624424369000057],[-98.82416230799997,21.624746892000072],[-98.82394224599993,21.62510996900005],[-98.82437343099996,21.627193523000077],[-98.82436624599995,21.627250769000064],[-98.82319553799991,21.62950138500003],[-98.82276883099992,21.630021046000028],[-98.82264152299992,21.630756692000034],[-98.82302924599996,21.631082908000057],[-98.82300966199995,21.63161020000007],[-98.82297267699991,21.632140046000075],[-98.82306999999999,21.63258567700007],[-98.82312515399995,21.632769185000033],[-98.82336993799996,21.633144785000074],[-98.82385739999994,21.63336989200008],[-98.82398186199997,21.633444231000052],[-98.82413349199999,21.633914369000028],[-98.82374535399995,21.634712508000064],[-98.82359869199995,21.635121277000053],[-98.82350247699995,21.63573966200004],[-98.82330155399993,21.636268000000005],[-98.82320290799997,21.636653877000075],[-98.8233700769999,21.637177646000055],[-98.82392766199996,21.63716707700008],[-98.82405410799997,21.63737761500005],[-98.82374096899996,21.63778624600008],[-98.82369539999995,21.638373338000065],[-98.82365744599997,21.639322],[-98.82388401499993,21.640612646000022],[-98.82355427699996,21.64070840000005],[-98.82186384599999,21.640875923000074],[-98.82153249199995,21.640889185000052],[-98.82042983099994,21.640933308000058],[-98.81920659999997,21.640907877000075],[-98.81576827699993,21.641202677000024],[-98.81462103099994,21.641301138000077],[-98.81354635399995,21.64148566200004],[-98.80855659999996,21.642493431000045],[-98.80272999999998,21.643670062000073],[-98.80234903099993,21.643783246000048],[-98.80161207699996,21.644060754000073],[-98.79866138499995,21.643586585000033],[-98.79781403099997,21.643457062000042],[-98.79709770799995,21.643238031000067],[-98.78973403099994,21.639680523000038],[-98.78964027699996,21.639615477000067],[-98.78115190799997,21.63371444600006],[-98.77762612299995,21.631198677000043],[-98.77726219999994,21.631071215000084],[-98.77249412299992,21.630400492000035],[-98.76216986199996,21.629087338000033],[-98.73854659999992,21.627347077000024],[-98.73273304599995,21.62837110800007],[-98.73222327699995,21.627769662000045],[-98.73054849199995,21.62579363100008],[-98.72987779999998,21.625002277000075],[-98.72875418499994,21.624731569000065],[-98.72851101499997,21.62409373800006],[-98.72656103099995,21.62315064600006],[-98.725489585,21.623216292000052],[-98.72527496899991,21.623041169000036],[-98.72478875399995,21.62314343100007],[-98.72405092299992,21.622417292000023],[-98.72303770799991,21.621981400000042],[-98.72281049199995,21.620723600000073],[-98.72255927699996,21.620510769000077],[-98.72362592299999,21.618595923000047],[-98.72396733799994,21.618249231000046],[-98.72431501499993,21.617192246000062],[-98.724631908,21.616620031000025],[-98.72435573799997,21.615498262000077],[-98.72469263099998,21.61423360000003],[-98.72466926199998,21.611844800000032],[-98.72515259999993,21.61181761500007],[-98.72556336899999,21.607695769000035],[-98.72499850799991,21.60572635400007],[-98.72421861499998,21.605249646000058],[-98.72442703099995,21.60453852300003],[-98.72427133799991,21.60429495400007],[-98.72407533799995,21.60398836900004],[-98.72406947699993,21.60393016900003],[-98.72392723099995,21.602935031000072],[-98.72392104599999,21.602861154000042],[-98.72358998499999,21.602362754000072],[-98.72331096899995,21.602366646000064],[-98.72312615399993,21.602189338000073],[-98.72310913799996,21.60209572300005],[-98.72292723099996,21.601648462000075],[-98.7225477539999,21.60179821500003],[-98.72210755399996,21.60152290800005],[-98.72205092299997,21.601507138000045],[-98.72201898499995,21.60146583100004],[-98.72199729199997,21.60102187700005],[-98.72189515399997,21.600536892000033],[-98.72244341499996,21.600327092000043],[-98.72239290799992,21.60028438500007],[-98.72204821499994,21.600109046000053],[-98.72153952299998,21.599557554000057],[-98.72154372299997,21.599501215000032],[-98.7214,21.599038277000027],[-98.72186532299996,21.599016800000072],[-98.72172912299999,21.598389246000064],[-98.72171230799994,21.598331662000074],[-98.72115759999996,21.597799277000032],[-98.71872590799995,21.595655185000055],[-98.71871230799994,21.594299415000027],[-98.71782883099995,21.594083631000046],[-98.71786107699995,21.593241354000043],[-98.717393954,21.59296744600005],[-98.71689123099996,21.592845538000063],[-98.71614293799995,21.59262893800007],[-98.71598926199994,21.59304015400005],[-98.7154822,21.59263030800002],[-98.71450269199993,21.59164780000003],[-98.714643815,21.590887523000053],[-98.71386950799997,21.590647923000063],[-98.71364536899996,21.58986973800006],[-98.71297759999999,21.589243415000052],[-98.71260229199999,21.588293954000044]]]}},{"type":"Feature","properties":{"code":"24040","cve_ent":"24","cve_mun":"040","municipio":"Tamuín","estado":"San Luis Potosí","region":"Huasteca Potosina","fuente":"Marco Geoestadístico / INEGI (consolidado GeoJSON para el visor)"},"geometry":{"type":"Polygon","coordinates":[[[-98.67623252299992,22.40846307700008],[-98.67587898499991,22.408325308000027],[-98.67549870799992,22.408376400000066],[-98.67549736899994,22.407740215000043],[-98.67521312299999,22.407909754000062],[-98.67487656899999,22.40801790800003],[-98.67462179999995,22.40778243100004],[-98.67481973799993,22.40732266200007],[-98.67467304599995,22.40700712300003],[-98.67428367699992,22.407197308000033],[-98.67365236899994,22.40667160000003],[-98.67394718499995,22.406260969000076],[-98.67389398499995,22.405875200000025],[-98.67344910799991,22.40584635400006],[-98.67304579999998,22.406052338000052],[-98.67266736899994,22.405895077000025],[-98.67198179999994,22.40594398500008],[-98.67146512299993,22.40577527700003],[-98.67088815399991,22.405673477000047],[-98.67083333799992,22.405357262000052],[-98.6728367539999,22.398794123000076],[-98.6729888309999,22.398295923000035],[-98.67328723099993,22.397372077000057],[-98.67358561499996,22.396448231000022],[-98.67382859999996,22.39569593800007],[-98.67388401499991,22.39552438500004],[-98.67418239999999,22.394600538000077],[-98.67448078499994,22.393676692000042],[-98.67477915399992,22.39275283100005],[-98.67507753799994,22.39182898500008],[-98.67537590799995,22.39090513800005],[-98.67567426199996,22.389981292000073],[-98.67597263099995,22.389057446000034],[-98.67620252299994,22.38834558500002],[-98.67646983099993,22.387517892000062],[-98.67656933799996,22.387209738000024],[-98.67686769199996,22.386285892000046],[-98.67706726199998,22.385667862000044],[-98.67746133799992,22.38444758500003],[-98.67770750799993,22.383685277000037],[-98.67805496899996,22.382609277000025],[-98.67858115399993,22.380979815000046],[-98.67864858499993,22.380770969000025],[-98.67912192299995,22.379305108000043],[-98.67924218499994,22.378932662000064],[-98.67953898499994,22.378013492000036],[-98.67972364599994,22.37744161500007],[-98.67983578499994,22.377094338000067],[-98.68013256899994,22.37617518500003],[-98.68028355399994,22.375707554000027],[-98.68042935399993,22.37525603100005],[-98.68072612299991,22.374336877000072],[-98.68092184599998,22.373730692000034],[-98.68102289199997,22.373417708000034],[-98.68103839999993,22.373249169000076],[-98.68101,22.373248999999998],[-98.6815466,22.371574862000045],[-98.68157546199996,22.371485477000082],[-98.68413792299997,22.363549585000037],[-98.67650656899995,22.364097446000073],[-98.67653984599995,22.355114400000048],[-98.67620566199997,22.35511226200003],[-98.66667938499995,22.355089108000076],[-98.66649541499997,22.34605969200004],[-98.65682159999993,22.346061938000048],[-98.64728203099996,22.34605176900005],[-98.64613606199998,22.34605112300006],[-98.63759373799995,22.34603781500004],[-98.63756352299998,22.337011400000055],[-98.63763333799993,22.328293800000036],[-98.637634785,22.32811344600003],[-98.63763413799994,22.328043631000067],[-98.64727072299995,22.327983000000003],[-98.65700398499995,22.328054877000056],[-98.66199772299994,22.32796447700003],[-98.67626832299995,22.32791550800005],[-98.67625776899995,22.32237793800004],[-98.67633072299995,22.31900810800005],[-98.67634416899992,22.31008976900006],[-98.67624176899992,22.300980631000076],[-98.67625270799991,22.291905077000024],[-98.67641506199998,22.28292618500006],[-98.67639416899999,22.273890815000076],[-98.67643252299992,22.26487010800003],[-98.67651216899995,22.26487055400003],[-98.67650187699992,22.263178062000065],[-98.67652109199996,22.257240815000046],[-98.67652079999996,22.250493815000027],[-98.67654878499994,22.248674662000035],[-98.67715181499992,22.246605492000075],[-98.67947944599996,22.244505815000025],[-98.68143367699996,22.24584536900005],[-98.68141,22.24004735400007],[-98.65886273799995,22.24011347700002],[-98.66008787699992,22.235129708000038],[-98.661026662,22.23128166200007],[-98.67167003099993,22.23147463100003],[-98.67156169199994,22.22840918500003],[-98.67647076899999,22.228487908000027],[-98.67642866199995,22.227312692000048],[-98.66210207699996,22.226872969000055],[-98.66422435399994,22.218171862000077],[-98.66478427699994,22.215892646000043],[-98.65737609199991,22.213715538000027],[-98.64819372299995,22.211016508000057],[-98.64547946199997,22.210218569000066],[-98.63743,22.207854015000073],[-98.62845486199994,22.20521383100003],[-98.61825438499994,22.202214169000058],[-98.61639852299996,22.20166643100003],[-98.59106709199995,22.19422356900003],[-98.59108978499997,22.18564935400007],[-98.57388790799993,22.18916832300005],[-98.57297409199997,22.18873509200006],[-98.57278813799991,22.188780538000056],[-98.56713006199999,22.187158877000062],[-98.56680689199999,22.186794431000063],[-98.56631678499997,22.18663866200006],[-98.56569256899995,22.186484923000027],[-98.56547023099994,22.186478062000045],[-98.56522643099999,22.18654392300004],[-98.56410592299994,22.186215415000053],[-98.56400430799992,22.186447785000034],[-98.56342601499995,22.18644527700007],[-98.5628557539999,22.186452538000022],[-98.56250816899994,22.186459277000036],[-98.56245403099996,22.186138615000058],[-98.56240046199997,22.185769969000027],[-98.55934926199994,22.184874185000076],[-98.55791803099996,22.184453569000027],[-98.55753843099994,22.184352508000075],[-98.55519695399992,22.183709908000026],[-98.5550718919999,22.18367660000007],[-98.55494950799991,22.184531031000063],[-98.55501336899991,22.186210123000027],[-98.55474210799994,22.18674181500006],[-98.55423536899997,22.18700364600005],[-98.55384506199992,22.187064477000035],[-98.55322718499997,22.18680683100007],[-98.55258429199995,22.18600647700003],[-98.55211678499995,22.185630615000033],[-98.55139547699996,22.18554447700006],[-98.54936803099996,22.18606440000008],[-98.54896438499998,22.186290538000033],[-98.54859358500002,22.186294400000065],[-98.54352587699998,22.185224200000047],[-98.54341673799995,22.18887330800004],[-98.53697226199995,22.18830666200006],[-98.53721469199998,22.185857569000063],[-98.53775927699995,22.18129073800003],[-98.52883809199992,22.18194126200007],[-98.52802850799993,22.18193461500005],[-98.52831715399995,22.182569215000054],[-98.52821947699992,22.183200508000027],[-98.52749819999995,22.183933831000044],[-98.52671495399991,22.18476358500004],[-98.5260704309999,22.18495136900004],[-98.52416943099996,22.184159954000055],[-98.52214807699988,22.18331841500003],[-98.52120829199998,22.18306749200008],[-98.51631358499999,22.182945508000042],[-98.51574159999994,22.182912308000027],[-98.51565246199998,22.18290713800008],[-98.51534261499994,22.182869477000054],[-98.51499341500002,22.182473662000064],[-98.51516238499994,22.181328415000056],[-98.51600479999996,22.17889109200008],[-98.51606423099997,22.177239277000066],[-98.51671233799995,22.176654092000035],[-98.51704241499996,22.175927908000066],[-98.51707141499996,22.17342772300003],[-98.51769519999998,22.17233763100006],[-98.51763603099994,22.172323677000062],[-98.51708661499998,22.172180554000082],[-98.51668164599995,22.17205261500004],[-98.51645706199997,22.171937108000073],[-98.51618516899998,22.171858615000087],[-98.51579713799995,22.17178990800005],[-98.51553793799994,22.171726523000075],[-98.51549729199995,22.171719908000057],[-98.51499503099996,22.16501607700007],[-98.51521041499996,22.162124692000077],[-98.51558527699994,22.15952166200003],[-98.51545023099999,22.159082046000037],[-98.51472949199999,22.157808185000082],[-98.51363503099998,22.15636753800004],[-98.51190644599997,22.154575538000074],[-98.51140000000001,22.154249092000043],[-98.51119953799997,22.154178769000062],[-98.51093301499998,22.15414690800003],[-98.50912607699995,22.154253800000053],[-98.5073501379999,22.15435647700008],[-98.50650907699996,22.15441290800004],[-98.50624629199997,22.15438050800003],[-98.50595978499997,22.15432492300005],[-98.50573712299992,22.154153769000068],[-98.50546967699995,22.153827954000068],[-98.50506101499994,22.153108738000075],[-98.50485229199995,22.15274138500007],[-98.50408766199996,22.151436723000078],[-98.5035936,22.15051583100006],[-98.50356481499992,22.15036255400003],[-98.503580646,22.150259123000076],[-98.50378624599993,22.150172215000055],[-98.50413173799993,22.15000301500004],[-98.50446652299995,22.149741999999996],[-98.50464318499996,22.149507908000032],[-98.50487673799991,22.149155015000083],[-98.50539038499993,22.143192123000066],[-98.50717724599997,22.136121692000074],[-98.50759198499998,22.135621600000036],[-98.51077703099995,22.123678723000076],[-98.51002169199997,22.118076200000075],[-98.50841,22.108784908000075],[-98.50821639999998,22.108327015000043],[-98.50789996899994,22.10661632300003],[-98.50385787699994,22.10554486200004],[-98.50319809199999,22.105373738000026],[-98.50480803099995,22.102715877000033],[-98.50893624599995,22.100967046000054],[-98.50991810799994,22.100718554000025],[-98.50629726199996,22.09738756900003],[-98.50024490799996,22.098094185000033],[-98.49998910799995,22.09352650800002],[-98.49987455399996,22.091478262000066],[-98.50382344599997,22.088079015000062],[-98.50457056899995,22.086189246000057],[-98.50461183099996,22.08217327700003],[-98.50483084599995,22.081620677000043],[-98.50717904599998,22.07480915400004],[-98.50592116899996,22.07313178500004],[-98.50513330799997,22.073751277000042],[-98.49708843099995,22.07291607700006],[-98.49217376899996,22.07627095400005],[-98.49170672299992,22.075792108000027],[-98.49172892299998,22.07473810800008],[-98.49179555399995,22.071576138000072],[-98.48996341499998,22.067526877000027],[-98.48971173799997,22.066501723000044],[-98.49003912299996,22.06539435400003],[-98.49534423099998,22.058518677000052],[-98.49629476899997,22.054937800000065],[-98.50294424599997,22.04381033800007],[-98.50309229199995,22.043829415000065],[-98.513853462,22.05086661500008],[-98.51835944599998,22.05120716900007],[-98.51991416899993,22.050662877000033],[-98.520155677,22.050537215000077],[-98.52817576899996,22.047143462000065],[-98.53565130799994,22.047673662000026],[-98.53617072299993,22.042277138000028],[-98.53633778499993,22.04073001500006],[-98.53646758499995,22.03965712300004],[-98.53657023099997,22.038713123000036],[-98.53659406199996,22.03824889200007],[-98.53646004599995,22.03714829200004],[-98.53031719999994,22.024810015000075],[-98.5301816,22.024118477000062],[-98.53118563099997,22.02015921500003],[-98.53201452299997,22.020194],[-98.52838681499993,22.016557938000066],[-98.53071296899998,22.01715189200008],[-98.53439709199995,22.018552400000033],[-98.53607166199998,22.019032985000024],[-98.53711103099991,22.01881880000008],[-98.53898859999997,22.01649156900004],[-98.54268616899995,22.014530292000074],[-98.54705806199996,22.014314923000036],[-98.54717870799998,22.014098985000036],[-98.55529886199996,22.01392195400007],[-98.55712326199998,22.01290553800004],[-98.55711036899997,22.012133815000027],[-98.55702916899996,22.007277631000026],[-98.55794198499996,22.005762923000077],[-98.55763446199997,22.005207538000032],[-98.55438358499998,22.000437431000023],[-98.55318055399991,21.998578569000074],[-98.55092887699996,21.995377185000052],[-98.55074633799993,21.99501572300005],[-98.55078615399992,21.99452730800004],[-98.55177153799994,21.99184476900007],[-98.55312281499992,21.988193862000056],[-98.55347055399992,21.98740180000004],[-98.55390978499997,21.986904154000058],[-98.55626312299995,21.984626292000023],[-98.55785367699997,21.983025046000023],[-98.55832575399994,21.982753369000022],[-98.56019098499996,21.982207754000054],[-98.56163381499992,21.981747585000043],[-98.56228515399991,21.98134281500005],[-98.56285035399995,21.980068138000036],[-98.56304664599996,21.97930215400003],[-98.56269944599997,21.973169585000047],[-98.56236996899997,21.972371585000076],[-98.56144390799993,21.971261185000063],[-98.56016678499999,21.969631923000062],[-98.56020353799994,21.969549554000018],[-98.56216983099995,21.967550738000057],[-98.56255918499994,21.96773095400004],[-98.56449727699997,21.968242677000024],[-98.56704923099993,21.968651631000053],[-98.57057241499994,21.968962538000024],[-98.57326883099994,21.969170662000064],[-98.57485118499993,21.969141246000046],[-98.57575109199993,21.96884192300007],[-98.57643570799993,21.96837443100003],[-98.577251446,21.967931646000068],[-98.57808118499995,21.967028800000033],[-98.57883910799993,21.96609224600007],[-98.57913072299995,21.964752292000068],[-98.57924332299994,21.96314373800004],[-98.57932026199994,21.961434523000033],[-98.5790288919999,21.959904477000066],[-98.57979969199994,21.958997769000067],[-98.58634332299991,21.95367556900004],[-98.61152079999994,21.933029185000063],[-98.59939956899996,21.916053200000082],[-98.60292029199995,21.914141677000032],[-98.60972990799995,21.91044413800006],[-98.61813644599991,21.90587886200007],[-98.62785692299995,21.90059907700003],[-98.636404385,21.91243426200003],[-98.63773492299997,21.911391462000044],[-98.66495639999991,21.888986785000043],[-98.69014281499992,21.868246677000055],[-98.69575395399993,21.877621554000033],[-98.69700615399994,21.865451246000077],[-98.69764076899997,21.864075600000035],[-98.69799546199995,21.86354673800002],[-98.70148636899992,21.859330785000054],[-98.70723000000001,21.852550062000034],[-98.70364883099994,21.849584554000042],[-98.69547589199996,21.84299440000007],[-98.69324264599999,21.841185292000034],[-98.68997229199991,21.83845978500005],[-98.68721455399998,21.836286277000053],[-98.69841287699992,21.821613185000043],[-98.69896193799995,21.820930708000052],[-98.69917261499992,21.82057243100007],[-98.70045906199992,21.81347146200006],[-98.70139584599997,21.808643092000064],[-98.70386839999996,21.795647508000055],[-98.70076364599998,21.79270081500004],[-98.70235563099996,21.791101492000056],[-98.71171053799996,21.784700231000034],[-98.70827646199997,21.758547415000063],[-98.70905286199995,21.754668108000036],[-98.7198302,21.75555813800003],[-98.72384264599998,21.755901323000046],[-98.72904012299992,21.756395492000028],[-98.73475276899994,21.75693729200003],[-98.73857766199995,21.75725509200004],[-98.74883015399993,21.758147723000036],[-98.75499539999998,21.758618800000015],[-98.76476586199999,21.77638318500004],[-98.76980236899998,21.785538492000054],[-98.78094432299996,21.778867015000063],[-98.80292999999999,21.80102387700003],[-98.80293807699992,21.80116358500004],[-98.78946318499997,21.82136120000007],[-98.79382553799995,21.829335954000044],[-98.78692503099995,21.827435015000052],[-98.78419863099995,21.827688692000038],[-98.78258,21.829196785000025],[-98.78220910799993,21.82961133800006],[-98.78422866199998,21.834596846000068],[-98.79068338499997,21.84184235400005],[-98.79227115399999,21.84035060000002],[-98.80287356899997,21.85040290800003],[-98.80996072299995,21.84765106200007],[-98.812699062,21.84758860000005],[-98.81391921499994,21.847234354000026],[-98.81728258499999,21.846159169000035],[-98.81801910799997,21.84905427700005],[-98.81874924599998,21.849674092000043],[-98.81922036899994,21.849902277000066],[-98.81852981499996,21.850964862000076],[-98.81819932299999,21.85148786200006],[-98.81787755399994,21.852239538000045],[-98.81800030799994,21.853598569000038],[-98.81816043099995,21.854924123000053],[-98.81841209199995,21.85628118500006],[-98.81874507699993,21.856917308000053],[-98.81919296899996,21.857586123000036],[-98.81976973799996,21.85808715400003],[-98.82049069199995,21.858484262000047],[-98.82126232299997,21.858690154000044],[-98.82193318499998,21.85873723100007],[-98.82238590799992,21.85869416900005],[-98.8227387379999,21.85811009200006],[-98.82368953799993,21.85686126200006],[-98.82392999999999,21.85670116900008],[-98.82401193799994,21.856233585000034],[-98.82466798499996,21.855172323000033],[-98.82562143099993,21.85523149200003],[-98.82587189199992,21.855408492000034],[-98.82597338499993,21.855988846000063],[-98.82557987699991,21.85643804600005],[-98.82489549199991,21.856973385000064],[-98.82481893799994,21.857229262000033],[-98.82521339999994,21.85745478500008],[-98.83229764599997,21.857474323000083],[-98.83248878499994,21.857520708000035],[-98.83690406199997,21.860206846000036],[-98.84259096899994,21.862740431000073],[-98.84329000000001,21.86309563100008],[-98.84403539999994,21.863682123000046],[-98.84468889199995,21.86403387700005],[-98.84584384599998,21.864519508000054],[-98.84610078499998,21.864680431000064],[-98.84749859999994,21.865523646000035],[-98.85260021499992,21.86801253800007],[-98.85267927699991,21.868071385000064],[-98.85274073799992,21.868273892000044],[-98.85252376899997,21.868439569000024],[-98.85238604599996,21.868890969000066],[-98.85251393799996,21.86943929200003],[-98.85336466199998,21.869643477000064],[-98.85365218499997,21.869688138000075],[-98.85466487699995,21.871135046000067],[-98.85532287699998,21.87180406200003],[-98.85604278499991,21.872497492000036],[-98.85690781499991,21.872448385000038],[-98.85769296899997,21.87318083100007],[-98.85873443099995,21.872851400000066],[-98.85923409199992,21.87289107700008],[-98.85956315399993,21.873000862000026],[-98.86252147699996,21.874928785000073],[-98.86285056899996,21.875125338000032],[-98.86402644599997,21.875909523000075],[-98.86564727699991,21.876124877000045],[-98.86743115399995,21.875960723000052],[-98.86748669199994,21.88101043100005],[-98.89604235399993,21.881166185000037],[-98.90155666199998,21.881999692000022],[-98.90265952299995,21.88216635400005],[-98.90259501499995,21.88310658500006],[-98.90245652299994,21.883453969000076],[-98.90235638499995,21.883676231000027],[-98.90205759999998,21.885107046000027],[-98.90184426199995,21.886439831000068],[-98.90184259999995,21.88731595400003],[-98.90237813799992,21.887338200000038],[-98.90224538499997,21.889960692000045],[-98.902231369,21.890224569000054],[-98.89651844599994,21.915901615000056],[-98.89631436899998,21.916818646000028],[-98.89607003099994,21.917772692000028],[-98.89460390799997,21.92349698500004],[-98.89387078499996,21.926359138000066],[-98.89231204599996,21.92634127700006],[-98.89220739999995,21.932564323000065],[-98.89169059999995,21.949850800000036],[-98.89504083099993,21.954051108000048],[-98.89655979999998,21.965109138000052],[-98.88927646199994,21.96543233800002],[-98.88857852299995,21.967170508000034],[-98.88819,21.97020772300004],[-98.886594985,21.978728646000032],[-98.88602650799997,21.981481385000052],[-98.88639761499994,21.981554323000072],[-98.88605164599991,21.986197123000064],[-98.88598846199993,21.98704509200007],[-98.88572941499994,21.990521046000026],[-98.88491729199995,21.990130477000033],[-98.8848653379999,21.990454954000032],[-98.88351019999999,21.998918446000065],[-98.88342712299996,22.00111524600004],[-98.88594710799995,22.02930864600006],[-98.87949736899996,22.04504753800006],[-98.87947633799992,22.04584421500004],[-98.87868999999999,22.048650538000057],[-98.87754092299996,22.05120969200004],[-98.88253959999996,22.051506923000034],[-98.88227610799996,22.052154538000025],[-98.88220833799991,22.05293012300007],[-98.88179093799992,22.053864215000036],[-98.88138630799992,22.056092969000076],[-98.88103913799993,22.059819538000056],[-98.88096276899995,22.06253076900003],[-98.88074227699994,22.071038862000027],[-98.88348347699994,22.102972969000067],[-98.88483298499993,22.10873640000005],[-98.88540672299993,22.113081815000047],[-98.88554749199992,22.11414792300008],[-98.88582903099994,22.11628013800004],[-98.88595295399992,22.117218646000033],[-98.8867083229999,22.122938908000037],[-98.88674812299992,22.123545138000054],[-98.88808116899995,22.143848108000043],[-98.89106296899996,22.143352185000026],[-98.89122973799994,22.153595508000027],[-98.89144203099993,22.16663250800007],[-98.89269941499998,22.17171053800007],[-98.89288379999991,22.174474723000067],[-98.89337552299995,22.181845954000043],[-98.89342761499995,22.18262680000003],[-98.89343698499991,22.182767354000074],[-98.89415486199994,22.186028985000064],[-98.89412609199996,22.186948477000044],[-98.89406856899994,22.18878743100003],[-98.89618146199994,22.20017470800008],[-98.89620756899996,22.201507985000028],[-98.89623367699994,22.20284124600004],[-98.89668689199999,22.225983185000075],[-98.89843783099992,22.235398815000053],[-98.89698772299992,22.24870063100007],[-98.89702975399997,22.252601815000045],[-98.90222590800002,22.277678631000075],[-98.90219323099994,22.278204969000058],[-98.90159923099998,22.286219462000076],[-98.90128993800002,22.29010181500007],[-98.90130693799995,22.290572077000032],[-98.90143126199995,22.29401043100006],[-98.90328573799995,22.315538462000067],[-98.90742124599997,22.315636523000023],[-98.90759353799997,22.317924477000084],[-98.90767967699998,22.31906844600008],[-98.90886510799997,22.334808308000056],[-98.91353792299998,22.334624831000042],[-98.91505238499995,22.35043978500005],[-98.91882038499995,22.371421077000036],[-98.91788675399992,22.37142063100003],[-98.91711286199995,22.371618523000055],[-98.91597861499996,22.37231218500005],[-98.91484435399995,22.37300581500006],[-98.91428361500002,22.373625446000066],[-98.91350978499997,22.37402172300006],[-98.91228263099998,22.37379792300004],[-98.91156681499997,22.373214538000067],[-98.91036270799995,22.372185246000075],[-98.910022262,22.371704846000057],[-98.90985626199996,22.371470600000066],[-98.90894939999998,22.37129178500004],[-98.90857629199995,22.37057263100007],[-98.90671447699998,22.369654231000027],[-98.90403938499998,22.36811956900004],[-98.90322663099995,22.36784441500004],[-98.90306873799993,22.36689106200004],[-98.90202836899992,22.365906154000076],[-98.90034176899995,22.365332677000023],[-98.89964509199996,22.365995277000025],[-98.89903392299998,22.36588440000003],[-98.89871169199995,22.365426431000053],[-98.89857639999995,22.364589692000035],[-98.89810927699992,22.36423381500003],[-98.89738443099998,22.36365536900007],[-98.89706739999997,22.362867754000035],[-98.89644516899992,22.362299138000026],[-98.89660876899995,22.361786600000073],[-98.89727109199998,22.36089296900008],[-98.89696041499995,22.359146508000034],[-98.89581256899997,22.35891650800005],[-98.89525261499992,22.35883743100004],[-98.89509732299994,22.35775918500008],[-98.89461603099994,22.357096015000028],[-98.89413729199997,22.357067831000055],[-98.89355529199997,22.35673526200003],[-98.89326221499992,22.356718446000063],[-98.89266667699995,22.356647338000073],[-98.89223019999996,22.356351769000078],[-98.89161747699995,22.355826400000073],[-98.89112803099992,22.355600508000062],[-98.89063124599994,22.355354523000077],[-98.88999724599995,22.35509350800004],[-98.88950929199996,22.35510503100005],[-98.88932235399992,22.355109446000032],[-98.88853487699996,22.35510849200006],[-98.88805652299997,22.355434677000055],[-98.88792132299993,22.35552686200003],[-98.88766524599998,22.355830185000062],[-98.8869728619999,22.355649246000034],[-98.88648661499994,22.355819123000064],[-98.88638687699992,22.355857477000036],[-98.88626701499997,22.35590358500008],[-98.88538690799996,22.356242077000044],[-98.88455419999997,22.357046538000077],[-98.88324629199995,22.35781918500004],[-98.88266067699998,22.35846815400004],[-98.88198132299999,22.358672908000074],[-98.88063250799993,22.358297462000053],[-98.87858433799988,22.359980538000062],[-98.8778126,22.361308800000074],[-98.87742152299994,22.36181360000006],[-98.87647923099993,22.361812708000063],[-98.87561655399995,22.361974785000037],[-98.87451538499994,22.36322933800005],[-98.87292549199998,22.365820262000057],[-98.87228949199991,22.367412985000037],[-98.86942518499995,22.367590600000028],[-98.86746504599996,22.366405062000073],[-98.86570830799992,22.36574060000003],[-98.86515,22.365716462000023],[-98.86479103099994,22.366142400000054],[-98.86364526199998,22.365762538000062],[-98.86132835399994,22.364860938000053],[-98.85913813799998,22.364740600000058],[-98.85778729199994,22.36568656900004],[-98.85601335399996,22.367180062000045],[-98.85369447699996,22.368196231000066],[-98.8527009539999,22.368361108000045],[-98.85160584599998,22.36831267700006],[-98.85063833799992,22.367932969000037],[-98.85024498499996,22.36790893800003],[-98.84987706199995,22.36812692300003],[-98.84877836899992,22.36771492300005],[-98.84785189199991,22.367006985000046],[-98.84708484599997,22.366432600000046],[-98.84484733799994,22.366151754000047],[-98.84402821499995,22.366149615000037],[-98.84302786199999,22.365055554000037],[-98.84132441499997,22.363562877000046],[-98.83933750799994,22.362860615000045],[-98.83686578499999,22.362582431000074],[-98.83579769199996,22.361326400000053],[-98.83466229199996,22.360817138000076],[-98.83375069199995,22.36081620000004],[-98.83268701499995,22.360740092000064],[-98.83096795399993,22.36079101500007],[-98.82916923099998,22.360410077000036],[-98.82821039999999,22.359807046000075],[-98.8279863079999,22.359423262000064],[-98.82790169199995,22.35927836900004],[-98.82726970799996,22.35879921500003],[-98.82559459999996,22.359326692000025],[-98.82362456899993,22.358703800000054],[-98.82304515399991,22.356939738000047],[-98.82146732299996,22.356255800000046],[-98.82022043099994,22.356679185000075],[-98.81931939999998,22.357360385000053],[-98.81780956899996,22.35764187700005],[-98.81682664599997,22.35739620000004],[-98.81449978499997,22.358297862000033],[-98.81233319999994,22.35971201500007],[-98.81123144599997,22.361517400000025],[-98.80986047699996,22.36163044600005],[-98.80849173799996,22.361591523000076],[-98.80760803099996,22.36181986200006],[-98.80644783099993,22.361782800000068],[-98.80559916899993,22.36157510800007],[-98.80316178499999,22.36190655400003],[-98.80286244599992,22.361904385000063],[-98.79928810799997,22.361795985000075],[-98.79696212299996,22.361668692000027],[-98.79507326199996,22.36166827700003],[-98.79331510799992,22.361869877000057],[-98.79316469199998,22.361839723000063],[-98.79263526199998,22.361733538000063],[-98.79189150799998,22.36186806200005],[-98.79076990799997,22.362534154000056],[-98.78984347699996,22.36392664600004],[-98.78899701499994,22.364782262000062],[-98.78772316899995,22.36550729200007],[-98.78643129199996,22.365979092000032],[-98.78557256899992,22.36578549200004],[-98.78410539999997,22.365342431000037],[-98.78228084599999,22.36609984600005],[-98.78085456899998,22.366121600000042],[-98.77968359999994,22.365670108000074],[-98.77815552299994,22.365644431000074],[-98.77688301499992,22.364979662000056],[-98.77561996899999,22.364223569000046],[-98.77330733799991,22.364404569000044],[-98.77251216899997,22.36521326200005],[-98.77032041499996,22.366015292000043],[-98.76960563099999,22.36649020000004],[-98.76896913799999,22.36691307700005],[-98.76685463099994,22.367146831000067],[-98.763422646,22.36696358500006],[-98.76111703099997,22.366943185000025],[-98.75992858499995,22.366379923000068],[-98.75893478499995,22.36631273800003],[-98.75852613799997,22.36641089200003],[-98.75801949199996,22.366532569000068],[-98.757140646,22.366820523000058],[-98.75640432299996,22.36694096900004],[-98.75615210799997,22.36766095400003],[-98.75549633799992,22.36828903100007],[-98.75487383099993,22.368612738000017],[-98.75454687699992,22.36839918500004],[-98.754558246,22.368125262000028],[-98.75420892299995,22.368226185000022],[-98.75380430799997,22.368732877000063],[-98.75299681499993,22.36876207700004],[-98.75167607699994,22.369023862000063],[-98.75123856899995,22.369611646000067],[-98.75089870799994,22.370524277000072],[-98.75120283099993,22.371316123000046],[-98.75112532299991,22.371945062000073],[-98.75054341499998,22.372272431000056],[-98.75050626199997,22.372773862000027],[-98.75065809199995,22.373301677000033],[-98.75035119999994,22.37406215400006],[-98.75044836899995,22.374640615000033],[-98.75055650799999,22.375198815000033],[-98.749966138,22.375826969000062],[-98.74992118499996,22.376557400000028],[-98.74928730799995,22.377104292000073],[-98.74915496899997,22.377443754000073],[-98.74865259999996,22.37766618500007],[-98.74819198499996,22.37896413800008],[-98.74782910799996,22.379281908000056],[-98.74740347699999,22.37930153800005],[-98.7471624,22.379869338000052],[-98.74593956899997,22.38086535400004],[-98.74537092299992,22.380901415000043],[-98.74514243099996,22.38053580000007],[-98.74481579999998,22.38012944600007],[-98.74409516899998,22.380361677000053],[-98.74354809199995,22.381162338000024],[-98.74284879999999,22.381770385000035],[-98.74169686199998,22.381870262000067],[-98.73977635399993,22.381836769000078],[-98.73667333799993,22.381840969000052],[-98.73631833799996,22.38176450800006],[-98.73617256899995,22.381190815000025],[-98.73528556899998,22.381048415000066],[-98.73448947699995,22.380793462000042],[-98.73406616899997,22.381321677000074],[-98.73377339999993,22.381685954000034],[-98.73310626199996,22.381583338000038],[-98.73239804599996,22.38161258500002],[-98.73150718499994,22.381256077000046],[-98.73155216899994,22.381782908000044],[-98.73104692299995,22.382178692000025],[-98.73124440000002,22.382939046000043],[-98.73117176899996,22.383481262000032],[-98.73033595399993,22.38436301500008],[-98.72941806199995,22.385000692000062],[-98.72917730799995,22.385355385000025],[-98.72962435399995,22.38553876900005],[-98.72954732299993,22.385873446000065],[-98.72896872299994,22.385994231000037],[-98.72888029199997,22.386616646000046],[-98.729304631,22.387232600000058],[-98.72942315399993,22.38801403100006],[-98.72909518499992,22.388317877000073],[-98.72862635399996,22.388093877000067],[-98.72826589199995,22.388275892000024],[-98.72755683099996,22.388132646000024],[-98.72679289199998,22.38815164600004],[-98.72644270799996,22.388648215000043],[-98.72667098499994,22.389105169000064],[-98.72638276899993,22.389779231000027],[-98.72592372299992,22.38968821500003],[-98.72573850799992,22.389525569000057],[-98.72496372299997,22.38951410800007],[-98.72476116899996,22.38953792300003],[-98.72435243099993,22.389594231000043],[-98.72380627699991,22.38985709200006],[-98.72350096899999,22.389724677000057],[-98.72333893799996,22.389353154000048],[-98.72289747699992,22.389340999999998],[-98.72294473799994,22.389561385000036],[-98.72221856899995,22.389785585000027],[-98.72191239999995,22.390099585000026],[-98.72133873799996,22.389824831000052],[-98.72077701499992,22.39031069200007],[-98.72080887699993,22.390757169000043],[-98.72104832299999,22.391082262000054],[-98.72099,22.39145755400006],[-98.72039276899993,22.39146667700004],[-98.71971566199996,22.391709],[-98.71913770799995,22.39148478500005],[-98.71900767699998,22.391028000000002],[-98.71830524599994,22.390813969000078],[-98.7180783539999,22.391878631000054],[-98.71717653799996,22.391857631000054],[-98.71631000000001,22.39261818500006],[-98.71575524599997,22.393564631000057],[-98.71511132299996,22.394284354000035],[-98.71442379999998,22.394653892000065],[-98.71412507699996,22.39457584600007],[-98.713672692,22.394983169000064],[-98.713583569,22.395635999999996],[-98.71285526199996,22.39603118500003],[-98.71245426199994,22.39585556900005],[-98.7120021379999,22.39613461500005],[-98.71209592299991,22.396268877000068],[-98.71173656899995,22.39649263100005],[-98.71065839999994,22.396925138000036],[-98.71013186199997,22.396795938000025],[-98.70925281499993,22.39730743100006],[-98.70815381499993,22.39725283100006],[-98.70751427699997,22.398057415000043],[-98.70691347699993,22.398229985000054],[-98.70629930799998,22.39842733800003],[-98.70602509199996,22.39877469200007],[-98.70556683099993,22.398884323000065],[-98.70514224599995,22.399120262000054],[-98.70508166199994,22.400062477000063],[-98.70472109199994,22.400210662000063],[-98.70410776899996,22.399998677000045],[-98.70372187699994,22.399501800000053],[-98.70300147699997,22.399450862000037],[-98.70256035399993,22.399822169000064],[-98.70227946199999,22.400156569000046],[-98.70186573799998,22.40019303100007],[-98.70158479999999,22.40053983100005],[-98.70162253799998,22.40160664600006],[-98.70151316899997,22.402131754000035],[-98.70125818499997,22.40236798500007],[-98.70081990799997,22.402572692000028],[-98.69999333799994,22.402236246000026],[-98.69951826199997,22.401952246000064],[-98.69900978499999,22.402621108000062],[-98.698622662,22.402707215000074],[-98.69847672299991,22.40232243100007],[-98.69765464600002,22.40192526200008],[-98.69685004599995,22.401773600000066],[-98.69664601499993,22.40204304600007],[-98.69685712299994,22.402481338000026],[-98.69650873799993,22.40315049200007],[-98.69569372299996,22.40364513800006],[-98.69468349199997,22.404106077000048],[-98.69386872299994,22.40423760000004],[-98.69357376899995,22.404045769000053],[-98.69306455399999,22.40361233800007],[-98.69271636899994,22.403212492000023],[-98.69216226199995,22.40283720000008],[-98.69162552299996,22.402711431000053],[-98.6903362149999,22.40273833800006],[-98.68944023099999,22.403101031000062],[-98.68876406199995,22.40343618500003],[-98.68800236899992,22.40394329200006],[-98.68774750799994,22.404538200000044],[-98.68731924599997,22.405107954000073],[-98.68720184599992,22.40509404600004],[-98.68663901499995,22.405027385000036],[-98.68571864599993,22.405314631000063],[-98.68490544599997,22.405470738000076],[-98.68428044599995,22.405353323000043],[-98.68380347699996,22.40522978500007],[-98.68311036899995,22.405296954000047],[-98.68255081499993,22.40570426200003],[-98.68166416899997,22.40588346200008],[-98.68156024599995,22.406198492000044],[-98.68088196899997,22.406224554000055],[-98.68047581499992,22.405726169000044],[-98.67956423099996,22.405686369000023],[-98.67938292299998,22.406203538000053],[-98.67891055399994,22.406696262000022],[-98.67860330799996,22.406691938000048],[-98.67794704599997,22.406629923000022],[-98.67753326199994,22.407040262000066],[-98.67787955399994,22.407412415000064],[-98.67850356899996,22.40747469200005],[-98.67878704599994,22.407737015000063],[-98.67864144599996,22.407993969000074],[-98.67811030799996,22.40822881500003],[-98.67735327699994,22.40836936900007],[-98.67709919999997,22.408927215000062],[-98.67666158499995,22.408932846000024],[-98.67623252299992,22.40846307700008]]]}},{"type":"Feature","properties":{"code":"24041","cve_ent":"24","cve_mun":"041","municipio":"Tanlajás","estado":"San Luis Potosí","region":"Huasteca Potosina","fuente":"Marco Geoestadístico / INEGI (consolidado GeoJSON para el visor)"},"geometry":{"type":"Polygon","coordinates":[[[-98.73175086199996,21.639431538000053],[-98.72952496899995,21.64374164600002],[-98.73644953799996,21.66240206200007],[-98.75743455399996,21.662901308000077],[-98.76807379999995,21.66299898500006],[-98.77799316899994,21.66409258500005],[-98.78912455399995,21.663781062000055],[-98.79021503099993,21.663750308000033],[-98.79620810799996,21.66358241500006],[-98.796146277,21.664135092000038],[-98.81816815399995,21.665027185000042],[-98.82327861499999,21.66523378500005],[-98.82880999999999,21.66390296900005],[-98.82776704599995,21.662282477000073],[-98.82729035399994,21.662508862000035],[-98.82706235399993,21.66210380000006],[-98.82702755399997,21.661797415000027],[-98.82698081499993,21.661682492000068],[-98.82725313799993,21.661487031000036],[-98.82295664599995,21.65483630800003],[-98.82999106199996,21.650619646000052],[-98.83322175399995,21.648682892000064],[-98.84544586199995,21.659055892000033],[-98.83983407699996,21.66091318500003],[-98.8408823079999,21.661455231000048],[-98.84285716899994,21.661879338000062],[-98.84776410799998,21.660285831000067],[-98.84983741499994,21.660135723000057],[-98.85048063099997,21.659637738000075],[-98.85093083099994,21.659066569000064],[-98.85140190799994,21.658109785000025],[-98.85193895399999,21.658314262000033],[-98.85230769199993,21.658926569000077],[-98.85306783099995,21.658994800000077],[-98.85514810799995,21.65880652300007],[-98.85732189199996,21.658481215000055],[-98.85953543099997,21.658265031000045],[-98.86167046199996,21.657910477000033],[-98.86345549199996,21.657634338000037],[-98.86419269199996,21.657523231000027],[-98.86529636899995,21.657148477000078],[-98.87106901499999,21.654790477000066],[-98.87298718499991,21.653754031000066],[-98.87394401499994,21.65335860000005],[-98.87829207699994,21.65121273800003],[-98.88009006199995,21.650404985000026],[-98.88033795399994,21.650273123000037],[-98.88058796899996,21.650122338000074],[-98.88083778499995,21.649916523000062],[-98.88104481499992,21.649763508000028],[-98.88115475399995,21.64961278500004],[-98.88132466199995,21.649267677000065],[-98.88146938499993,21.64905109200004],[-98.88155738499992,21.648899200000074],[-98.88166669199997,21.648767492000044],[-98.88186806199995,21.648737138000055],[-98.88210924599997,21.64872743100005],[-98.88238003099994,21.64875726200006],[-98.88244136899999,21.648777062000025],[-98.88254492299994,21.64891741500003],[-98.88274536899993,21.649187031000054],[-98.88277327699993,21.64924475400005],[-98.8828468149999,21.64927640000008],[-98.88304689199994,21.649283415000074],[-98.8837920459999,21.649242677000068],[-98.88409087699993,21.649305892000033],[-98.88418113799995,21.64930595400006],[-98.88459776899995,21.648993554000075],[-98.88522383099995,21.648509877000027],[-98.88545435399995,21.648288785000034],[-98.88555061499991,21.647981631000054],[-98.88574239999998,21.646825954000068],[-98.88629755399994,21.646516677000022],[-98.88693001499993,21.646524446000058],[-98.88726881499996,21.64689156900005],[-98.88763010799993,21.64687060000006],[-98.8877610769999,21.64649793800004],[-98.88783644599992,21.646140462000066],[-98.88800596899995,21.64608107700008],[-98.88829053799996,21.646115846000043],[-98.88854615399995,21.64621878500003],[-98.88847279999995,21.64647090800003],[-98.88877418499997,21.646586538000058],[-98.89028216899999,21.645715385000074],[-98.89072889199996,21.64518118500007],[-98.89148733799996,21.645008492000045],[-98.89364118499998,21.645287046000078],[-98.89396139999995,21.645730108000066],[-98.89435052299993,21.646201692000034],[-98.89542418499997,21.64627012300003],[-98.89619273799995,21.64634086200004],[-98.89656003099998,21.646218215000033],[-98.89688929199997,21.646050200000047],[-98.89714036899993,21.646241262000046],[-98.89735446199995,21.646433046000027],[-98.89799939999995,21.646413246000066],[-98.89913567699992,21.646272415000055],[-98.89974984599995,21.646573492000076],[-98.90019604599996,21.646165431000046],[-98.90093390799994,21.64566372300004],[-98.90110515399992,21.64554727700004],[-98.904225415,21.643906215000072],[-98.90539429199998,21.64392344600003],[-98.90591379999996,21.643837877000067],[-98.907640385,21.643511862000025],[-98.90886692299995,21.64307776900006],[-98.90944319999994,21.64285321500006],[-98.90998293799997,21.642619600000042],[-98.91238629199995,21.641572200000038],[-98.91325410799998,21.64114621500005],[-98.91875819999994,21.640159338000046],[-98.92098841499994,21.64091827700003],[-98.92202378499996,21.641103677000046],[-98.92340203099994,21.641939646000026],[-98.92372012299992,21.642282062000046],[-98.92406898499996,21.64294761500003],[-98.92532863099994,21.64403326200005],[-98.92637946199994,21.644388692000067],[-98.92682098499996,21.645139785000026],[-98.92704110799995,21.646027446000065],[-98.92735258499992,21.646792046000026],[-98.92746306199996,21.646970462000077],[-98.92832669199997,21.647734938000042],[-98.92954176899997,21.648620800000057],[-98.92980632299994,21.65045530800007],[-98.93079673799996,21.651905323000058],[-98.93022770799996,21.65243855400007],[-98.929912431,21.65333164600003],[-98.93067601499995,21.65430367700003],[-98.93091350799993,21.655068846000066],[-98.93064352299997,21.655723077000058],[-98.92942986199996,21.65646836900004],[-98.92989655399997,21.657526631000053],[-98.93030350799994,21.657902000000004],[-98.93037910799994,21.658249954000038],[-98.93000683099993,21.65853943100006],[-98.929509092,21.65916636900005],[-98.92868238499993,21.661307400000055],[-98.929810923,21.661950077000036],[-98.93190004599997,21.665321246000072],[-98.93240478499996,21.66622712300006],[-98.93393901499995,21.670225277000043],[-98.94008678499993,21.66805509200003],[-98.94100090799999,21.670621938000068],[-98.94553290799995,21.68334621500003],[-98.94488926199996,21.683636692000047],[-98.94428056899996,21.68400298500006],[-98.94273664599997,21.684318108000074],[-98.94164036899998,21.68412001500008],[-98.94182415399996,21.68540440000004],[-98.94272275399999,21.686319477000037],[-98.94392807699994,21.687792785000056],[-98.94666339999998,21.69095606200006],[-98.94775743099996,21.692924985000047],[-98.94917839999992,21.692766985000045],[-98.94995524599996,21.69468263100003],[-98.95051096899994,21.697238692000045],[-98.95166961499999,21.70009816900006],[-98.95189652299996,21.702080338000027],[-98.95931875399997,21.702610723000078],[-98.96073,21.70261584600007],[-98.96351967699997,21.702910754000076],[-98.96281912299996,21.70628547700005],[-98.96238021499992,21.70942058500003],[-98.96410767699997,21.710382292000077],[-98.966800262,21.711709769000038],[-98.96726135399997,21.71194496900006],[-98.96768439999995,21.712163600000054],[-98.97780821499995,21.72320293800004],[-98.98090986199996,21.72619512300003],[-98.981512308,21.726621092000073],[-98.98187392299995,21.727305692000076],[-98.98197026199993,21.727730446000066],[-98.98178201499994,21.728473415000053],[-98.98159043099997,21.72866858500003],[-98.98134764599995,21.72891936900004],[-98.98110573799994,21.729293538000032],[-98.98085796899994,21.72978298500004],[-98.98036421499995,21.73064803100004],[-98.98000493799998,21.730735031000044],[-98.98005450799995,21.730070538000064],[-98.97987526199995,21.72959404600004],[-98.97937866199999,21.72972276900003],[-98.97906130799997,21.73035373800008],[-98.97886232299996,21.73101161500006],[-98.97857461499994,21.731905538000035],[-98.97834784599993,21.73243978500005],[-98.97801898499995,21.732954862000046],[-98.97772824599997,21.733191446000035],[-98.977261292,21.73328169200005],[-98.97673049199993,21.733280985000082],[-98.97636006199997,21.733240292000055],[-98.97580375399994,21.73325115400008],[-98.97552026199997,21.733259538000024],[-98.97528156899993,21.73341515400006],[-98.97462233799995,21.733713631000054],[-98.97439966199993,21.73405092300004],[-98.97489784599996,21.734152523000034],[-98.97582115399995,21.734295308000075],[-98.97617784599996,21.734486523000044],[-98.97645595399993,21.73473975400003],[-98.97671193799991,21.73511970800007],[-98.97641472299995,21.735617123000054],[-98.97594213799988,21.735995800000072],[-98.97544433799997,21.73635193800004],[-98.97483767699997,21.736908308000068],[-98.97478233799993,21.73769046200005],[-98.97455747699995,21.73788301500003],[-98.97405309199996,21.737901846000057],[-98.97391595399995,21.73851047700003],[-98.97420767699998,21.73930316900004],[-98.97437430799992,21.73994824600004],[-98.97453196899991,21.740750308000028],[-98.97448484599994,21.74142623100004],[-98.97402581499992,21.74151064600005],[-98.97362932299994,21.74123096900007],[-98.97345698499998,21.740771585000058],[-98.97257489199993,21.740634154000077],[-98.97223889199991,21.740339938000023],[-98.97213464599997,21.73999461500006],[-98.9719,21.73959467700007],[-98.97152000000001,21.73932007700006],[-98.97112279999997,21.739417462000066],[-98.97074795399998,21.73966886200003],[-98.97049023099996,21.73993123100007],[-98.97039067699994,21.740261185000065],[-98.97055863099995,21.74059458500005],[-98.97093661499996,21.740849600000043],[-98.971122446,21.74115587700004],[-98.97097849199996,21.74153596900004],[-98.97062143099998,21.74157513800003],[-98.97030638499996,21.74157507700005],[-98.96995818499994,21.74176732300003],[-98.97003476899994,21.74235470800005],[-98.97043358499995,21.742927831000024],[-98.97095516899998,21.743343369000055],[-98.97165883099994,21.743777169000055],[-98.97203663099997,21.74396446200007],[-98.97239136899996,21.744126062000078],[-98.97265743099996,21.744229954000044],[-98.97312275399996,21.744548677000065],[-98.97343290799994,21.74505567700004],[-98.9736882,21.745845846000062],[-98.973609862,21.746557692000064],[-98.97284741499996,21.746667077000037],[-98.97251527699994,21.74606303100006],[-98.97174215399994,21.745528969000077],[-98.97079695399997,21.745626923000028],[-98.97020335399996,21.745428492000027],[-98.96975201499997,21.74503235400004],[-98.96944219999993,21.74465207700007],[-98.96904792299995,21.744317508000048],[-98.96870093799997,21.74416495400004],[-98.96830618499995,21.74414892300007],[-98.96758824599998,21.744608077000066],[-98.96717730799996,21.74498547700006],[-98.96699570799994,21.745139108000043],[-98.96548079999995,21.74592955400004],[-98.96538573799994,21.74597913800005],[-98.96416549199998,21.746592108000073],[-98.96411727699994,21.746621108000053],[-98.96334083099995,21.74712967700003],[-98.96254153799997,21.747893708000053],[-98.96237606199996,21.74832936900003],[-98.96185247699995,21.748724723000066],[-98.96010033799995,21.750401785000065],[-98.95872979999997,21.75142056900006],[-98.95768670799998,21.75033555400006],[-98.95718023099991,21.749721123000025],[-98.95647781499994,21.74859601500003],[-98.95639970799998,21.748366077000068],[-98.956228862,21.747637092000044],[-98.956154369,21.746670754000036],[-98.95599,21.746063692000064],[-98.955784785,21.745519492000025],[-98.95592438499995,21.745166923000056],[-98.95606552299995,21.744748123000026],[-98.95616623099994,21.744341292000055],[-98.95644381499993,21.743588738000028],[-98.9560111229999,21.74266893800006],[-98.95545744599997,21.742264108000025],[-98.95479579999994,21.741849246000072],[-98.95449964600002,21.74170163100007],[-98.95428336899995,21.741956569000028],[-98.95466530799996,21.742346046000016],[-98.95468349199996,21.742759046000057],[-98.95385884599993,21.743680862000076],[-98.95237010799994,21.744142708000027],[-98.95151612299995,21.74427795400004],[-98.95034376899997,21.744214785000054],[-98.94924050799993,21.74393050800006],[-98.94877938499995,21.74407669200008],[-98.94829895399994,21.744318600000042],[-98.94792418499999,21.74466063100004],[-98.94793186199996,21.74552544600004],[-98.94812013799998,21.74612178500007],[-98.94843330799995,21.746922354000045],[-98.94875859999995,21.747287708000044],[-98.94901386199999,21.747549938000073],[-98.94914143099999,21.747883631000036],[-98.94930676899997,21.74817006200004],[-98.94951893799998,21.74845886200006],[-98.94974852299997,21.748724554000027],[-98.95013670799993,21.749243446000033],[-98.95036052299996,21.749856108000074],[-98.94928792299999,21.751006262000033],[-98.94877378499997,21.750700185000028],[-98.94843143099995,21.75044253800007],[-98.94757053799995,21.750593246000047],[-98.94794727699997,21.749660692000077],[-98.94804209199995,21.74928161500003],[-98.94781170799996,21.74878190800007],[-98.94724781499997,21.748784492000027],[-98.94678990799997,21.749000185000057],[-98.94612726199998,21.749176108000025],[-98.94566472299994,21.749152169000073],[-98.944944385,21.74804196900004],[-98.94437987699995,21.748151554000057],[-98.94360698499999,21.748594015000034],[-98.94264119999995,21.74739861500007],[-98.94206395400002,21.747421846000066],[-98.94141135399997,21.747573923000058],[-98.94070850799993,21.747866585000054],[-98.94010452299993,21.748126538000058],[-98.93971698499996,21.748276323000027],[-98.93923887699994,21.748500754000077],[-98.93846226199997,21.749113569000027],[-98.93767487699995,21.749467369000058],[-98.93722409199995,21.74903672300007],[-98.93738796899999,21.748931523000067],[-98.93758269199999,21.748261308000053],[-98.93752316899999,21.74756306200004],[-98.93842160000001,21.74655076900007],[-98.93949047699992,21.745413492000065],[-98.94051392299998,21.744589908000023],[-98.94102747699998,21.744167692000076],[-98.94173756899994,21.743668538000062],[-98.94228618499994,21.743358708000073],[-98.94199270799999,21.74242652300006],[-98.94126656899995,21.74221967700003],[-98.940625862,21.742275169000038],[-98.93954975399998,21.742342185000034],[-98.93458110799996,21.74328907700004],[-98.93315392299996,21.743503969000074],[-98.93212975399997,21.74333575400004],[-98.93100639999994,21.742977800000062],[-98.93049570799995,21.742977585000062],[-98.93048295399994,21.74333758500006],[-98.92986479999996,21.743831400000033],[-98.92926258499995,21.744090708000044],[-98.92926936899995,21.74435935400004],[-98.93041844599998,21.74433601500004],[-98.93049038499998,21.74463364600006],[-98.92977955399999,21.745432031000053],[-98.92975366199995,21.746146999999997],[-98.92989064599999,21.747419262000047],[-98.93028361499996,21.748455169000067],[-98.92965850799999,21.748498769000033],[-98.92901952299995,21.748229154000054],[-98.92832989199995,21.748043723000023],[-98.92839967699996,21.747409554000054],[-98.92750601499995,21.747242338000028],[-98.92778218499994,21.746680969000067],[-98.92798669199999,21.746421062000024],[-98.92809492299993,21.745944769000058],[-98.92805973799993,21.745579246000027],[-98.92773398499997,21.745195262000035],[-98.92730707699994,21.745245708000027],[-98.92658758499991,21.745597477000043],[-98.92589784599993,21.746145323000064],[-98.92577130799995,21.746550200000055],[-98.92551456899997,21.74664563100003],[-98.92488389199997,21.74613952300006],[-98.92424698499998,21.74584849200005],[-98.92386710799995,21.745887708000055],[-98.92320412299992,21.746403615000077],[-98.92221892299993,21.746699954000057],[-98.921207785,21.74639856900006],[-98.92065533799995,21.74628713800007],[-98.91994795399995,21.746024646000023],[-98.91924169199997,21.745750631000075],[-98.91865459999998,21.745806446000074],[-98.91819029199996,21.745845600000052],[-98.91789484599997,21.745845462000034],[-98.91757741499998,21.74588223100005],[-98.91715613799994,21.746002662000024],[-98.91709943099995,21.746289585000053],[-98.91723992299997,21.747102385000062],[-98.91690739999996,21.747823200000028],[-98.91579049199999,21.748781123000075],[-98.91517835399993,21.74901716900007],[-98.91485598499997,21.748504999999998],[-98.91486004599996,21.747404200000062],[-98.91463596899996,21.74666555400006],[-98.91408261499998,21.746200015000056],[-98.91305000000001,21.746152862000027],[-98.91247863099991,21.746415846000044],[-98.91233606199995,21.746857600000055],[-98.91237883099993,21.747374769000036],[-98.91222224599996,21.747651169000054],[-98.9117398,21.747936585000044],[-98.91130733799996,21.748088185000032],[-98.91075513799994,21.748251123000045],[-98.91083696899994,21.748503138000043],[-98.91115332299994,21.74876658500005],[-98.91160107699994,21.749020646000076],[-98.91191621499996,21.74920561500005],[-98.91195269199996,21.749493123000036],[-98.91187544599997,21.749739708000046],[-98.911652615,21.749925646000065],[-98.911230646,21.749881646000066],[-98.91077350799996,21.749793846000042],[-98.91036324599999,21.749837400000047],[-98.90992493799996,21.74992589200008],[-98.90960319999999,21.749886246000074],[-98.909324831,21.749706769000056],[-98.90912792299997,21.749302646000043],[-98.90902241499998,21.749033677000053],[-98.90879789199992,21.748473662000034],[-98.90815330799995,21.748403323000044],[-98.90732753799993,21.750320462000047],[-98.90675149199996,21.75048415400005],[-98.90541972299995,21.750187615000076],[-98.90449312299995,21.750563708000076],[-98.90419678499997,21.75077220000002],[-98.90394323099997,21.751225062000064],[-98.90357736899993,21.75204761500003],[-98.90336332299992,21.752772800000056],[-98.90361032299995,21.753176523000036],[-98.90392396899998,21.753411415000077],[-98.90430175399995,21.753390954000054],[-98.90484000000001,21.753109200000036],[-98.90572707699992,21.75267503100002],[-98.90619386199997,21.752738462000025],[-98.90619279999999,21.75337158500002],[-98.90610872299999,21.75384141500007],[-98.90600281499994,21.754451938000045],[-98.90571938499994,21.755089831000074],[-98.90545336899999,21.75555461500005],[-98.90509435399996,21.75590893800006],[-98.90471241499995,21.75627821500007],[-98.90433829199996,21.756571354000073],[-98.90392967699997,21.756634138000035],[-98.90361830799996,21.756486446000054],[-98.90344587699994,21.756139462000075],[-98.90313784599992,21.75563275400003],[-98.90279636899997,21.755374015000033],[-98.90253363099998,21.75547536900007],[-98.90233921499997,21.755784015000074],[-98.90234876899994,21.756559615000075],[-98.90271070799996,21.75727818500008],[-98.90326989199998,21.75804863100006],[-98.90359490799995,21.758643031000073],[-98.90351023099997,21.759017215000032],[-98.90310906199996,21.759273031000077],[-98.90272999999999,21.759509169000072],[-98.90293978499994,21.759922908000078],[-98.90336183099997,21.760001954000074],[-98.90385975399994,21.759886877000042],[-98.90460566199997,21.759887308000035],[-98.90488529199996,21.76001801500007],[-98.90515570799994,21.760140862000068],[-98.90534532299993,21.76065307700003],[-98.90540473799996,21.760988692000073],[-98.905513908,21.761149846000016],[-98.90570893799995,21.76124127700006],[-98.90600403099994,21.761310415000025],[-98.906421262,21.761343062000034],[-98.90661106199998,21.761579523000023],[-98.90644195399993,21.761993046000043],[-98.90627287699999,21.76232778500002],[-98.90606147699998,21.76285946200005],[-98.90583,21.76333204600007],[-98.90563869199997,21.76386375400006],[-98.905216323,21.76425741500003],[-98.904688692,21.764618215000038],[-98.90404284599995,21.764978569000053],[-98.90399578499994,21.76563130800002],[-98.90411192299997,21.766262385000058],[-98.90453119999995,21.766741323000076],[-98.90481078499995,21.766950354000077],[-98.90499195399997,21.767217954000046],[-98.90506427699995,21.767640723000056],[-98.90507924599996,21.76800766200006],[-98.90527006199994,21.768281708000075],[-98.90569172299993,21.768405999999995],[-98.90624670799997,21.768331200000027],[-98.90655483099992,21.768437292000037],[-98.90657535399997,21.768809446000027],[-98.90634661499995,21.769068738000044],[-98.90618256899995,21.76922409200006],[-98.90584490799995,21.769381400000043],[-98.90559164599996,21.769538769000064],[-98.905416431,21.769639677000036],[-98.90534903099993,21.769897738000054],[-98.90538026199991,21.77014895400003],[-98.90534846199995,21.770607462000044],[-98.90500009199995,21.770778738000047],[-98.90457515399997,21.77077978500006],[-98.90433390799996,21.770802908000064],[-98.90414781499996,21.770899031000056],[-98.90406587699992,21.771021692000033],[-98.90412072299996,21.77126487700008],[-98.90426696899999,21.771390692000068],[-98.90478443099994,21.771563231000073],[-98.90544930799996,21.77165975400004],[-98.90583703099995,21.771764062000045],[-98.90623146199994,21.77178080000004],[-98.90653972299995,21.77156712300007],[-98.90669823099995,21.771311985000068],[-98.90685986199998,21.771046938000037],[-98.90711601499999,21.77091178500007],[-98.90746824599997,21.771232954000027],[-98.90767129199997,21.771779708000054],[-98.90767852299996,21.772315892000048],[-98.90744618499996,21.77272920000006],[-98.90677083099993,21.77306350800006],[-98.90617989199995,21.773017646000024],[-98.90571301499993,21.773032846000028],[-98.90528172299996,21.77323970800006],[-98.90497716899995,21.77355467700005],[-98.90461835399995,21.773771046000036],[-98.90409084599997,21.773849492000068],[-98.90375738499995,21.773992585000027],[-98.90361509199995,21.774254215000045],[-98.90368943099996,21.77465644600005],[-98.9036048,21.77503046200007],[-98.90326359999996,21.77499761500008],[-98.90294289199993,21.77473080000004],[-98.90264927699995,21.7744],[-98.90255781499994,21.77397663100004],[-98.90248315399997,21.773483569000064],[-98.90213959999994,21.773221785000032],[-98.901683092,21.773082877000032],[-98.90072956899996,21.772185999999998],[-98.8995302769999,21.771010462000053],[-98.89930633799995,21.770128538000048],[-98.89909439999995,21.768761292000022],[-98.89873644599997,21.767923123000063],[-98.89849001499991,21.766982923000057],[-98.89865918499999,21.76641209200005],[-98.89857524599995,21.765782031000068],[-98.89810735399996,21.76529533800004],[-98.89758073799999,21.764967169000048],[-98.89696603099996,21.765021431000033],[-98.89639879999997,21.76528790800006],[-98.89591712299992,21.76559987700005],[-98.89562567699994,21.76597596900007],[-98.89515026199994,21.76646830800007],[-98.89477619999994,21.766827538000026],[-98.89443124599995,21.767242385000024],[-98.89391375399997,21.76775084600007],[-98.89366623099991,21.768119446000068],[-98.89347552299994,21.768517892000027],[-98.89349852299993,21.769008169000074],[-98.89374072299994,21.769577754000068],[-98.89376147699993,21.770030385000037],[-98.89347,21.770345062000047],[-98.89295984599994,21.770384092000032],[-98.89253395399997,21.77028544600006],[-98.89240853799996,21.77027184600007],[-98.89211543099998,21.77018043100003],[-98.89178912299994,21.770022708000056],[-98.89158687699994,21.77008220000004],[-98.89150949199995,21.77019109200006],[-98.89151607699992,21.77041578500007],[-98.89165559999999,21.770722754000076],[-98.89195333799995,21.770875108000045],[-98.89223955399993,21.77095635400008],[-98.89253663099997,21.77102803100007],[-98.89273786199996,21.771078938000077],[-98.89304323099998,21.771289015000036],[-98.89318361499994,21.77151595400005],[-98.89327592299996,21.77173438500006],[-98.89331990799995,21.772060862000043],[-98.89331969199998,21.77235316900004],[-98.89329343099996,21.77256424600006],[-98.89321506199997,21.772685999999997],[-98.89305079999997,21.77276029200004],[-98.89285549199995,21.772779492000037],[-98.89269744599994,21.772720062000076],[-98.89249987699993,21.772628292000032],[-98.89235966199999,21.772505015000036],[-98.89217193799996,21.772354246000074],[-98.89198916899994,21.77221980000007],[-98.89187644599997,21.772121677000026],[-98.89168603099995,21.77203107700006],[-98.89149289199996,21.771908615000036],[-98.89128000000001,21.771775262000066],[-98.89103272299994,21.77160469200004],[-98.89091967699993,21.771572138000067],[-98.89077176899995,21.77158052300007],[-98.89062947699996,21.771677185000044],[-98.89053095399996,21.77183455400007],[-98.89053478499993,21.772148662000063],[-98.89058496899996,21.77258572300008],[-98.89096473799998,21.773475677000082],[-98.89107938499994,21.773597708000068],[-98.89124701499995,21.773650646000075],[-98.89148972299992,21.77365346200003],[-98.89173269199995,21.773703923000028],[-98.89179123099993,21.77381504600004],[-98.89180470799994,21.774005877000036],[-98.89172555399992,21.774174446000075],[-98.89154058499997,21.774412477000052],[-98.89129066199997,21.774645446000022],[-98.89110975399996,21.775005662000073],[-98.89099083099994,21.775472308000076],[-98.89094109199999,21.775924923000048],[-98.89089473799997,21.776254908000055],[-98.89078024599995,21.776551108000035],[-98.89057032299993,21.776713585000028],[-98.89029069199997,21.776811508000037],[-98.8898025079999,21.776870415000083],[-98.88934549199993,21.77685233800003],[-98.88902270799996,21.776907908000055],[-98.88883898499991,21.776998738000035],[-98.88862356899995,21.777365185000065],[-98.88866510799993,21.77778924600005],[-98.88888149199992,21.778498969000054],[-98.88921756899998,21.77911120000004],[-98.88940583099993,21.77932893800005],[-98.88944933799993,21.779549738000068],[-98.88937595399992,21.779657200000027],[-98.88923864599995,21.779677892000052],[-98.88901838499997,21.779653754000037],[-98.88873163099996,21.779626015000076],[-98.88848650799993,21.77962530800005],[-98.88828776899997,21.779622554000067],[-98.88810498499998,21.779848062000045],[-98.88807630799991,21.780249708000035],[-98.88802919999995,21.780526862000038],[-98.88800556899996,21.780855231000032],[-98.88817686199994,21.781087169000045],[-98.8884701379999,21.781226508000028],[-98.88872632299994,21.78140712300006],[-98.88896427699994,21.781580446000074],[-98.88921552299995,21.78171038500005],[-98.88940924599994,21.781898723000044],[-98.88945549199997,21.78223795400003],[-98.88947079999998,21.78252852300005],[-98.88959476899998,21.78269404600007],[-98.88970324599995,21.782789277000056],[-98.88999019999993,21.782738800000054],[-98.89035470799993,21.78269560000006],[-98.89071146199996,21.78268136900004],[-98.89104032299996,21.782747785000023],[-98.89131939999999,21.78285580000005],[-98.89144232299996,21.783005431000046],[-98.89151690799996,21.783139338000062],[-98.89147123099995,21.783361615000047],[-98.89128147699995,21.78356503100002],[-98.89093172299991,21.78383824600007],[-98.89051247699996,21.78420420000003],[-98.890193077,21.784470923000075],[-98.88978390799996,21.78493473800006],[-98.88976479999995,21.785182169000045],[-98.88984249199994,21.78531327700005],[-98.8899865079999,21.785398954000073],[-98.89018949199998,21.785429662000066],[-98.89043833799992,21.78546649200007],[-98.89066313799998,21.785600431000027],[-98.89078903099993,21.78569467700003],[-98.89086379999996,21.785778554000043],[-98.89104164599996,21.785956154000075],[-98.89114575399995,21.786140015000054],[-98.891134046,21.78628593800005],[-98.89106203099998,21.786548215000035],[-98.89085898499995,21.78675243100002],[-98.89061496899997,21.786827892000076],[-98.89024407699996,21.78680527700004],[-98.88988993799994,21.786521708000066],[-98.88951558499997,21.786124185000062],[-98.88913435399994,21.785786769000023],[-98.88894072299993,21.78557786200002],[-98.88881864599993,21.785401692000047],[-98.88862999999999,21.78502918500003],[-98.88852295399992,21.78482203100003],[-98.88838615399996,21.784476400000074],[-98.88827232299992,21.78417292300003],[-98.88802739999991,21.783810769000073],[-98.88769692299995,21.783448585000023],[-98.88743193799993,21.783246708000032],[-98.88703472299991,21.78320935400006],[-98.88674341499994,21.78324409200007],[-98.88645923099993,21.78338913800007],[-98.88620423099995,21.78355838500005],[-98.88594664599998,21.783672908000025],[-98.88582501499994,21.783646492000056],[-98.88570824599996,21.783604662000073],[-98.88544239999997,21.78336323100006],[-98.88530826199994,21.783160462000072],[-98.88518150799993,21.782989892000042],[-98.88498298499995,21.782774600000035],[-98.88480463099995,21.782754877000055],[-98.88471021499997,21.78275481500003],[-98.88454759999995,21.782757154000024],[-98.88440801499993,21.782736031000063],[-98.88430301499993,21.78269006200002],[-98.88420127699999,21.782601308000036],[-98.88410723099996,21.782535631000023],[-98.88402161499994,21.782459938000038],[-98.88398890799999,21.782389646000066],[-98.88397673799992,21.78234146200003],[-98.88395441499992,21.78227883100004],[-98.8839387849999,21.78188835400005],[-98.88395767699994,21.781765908000068],[-98.88398516899996,21.781690492000052],[-98.88401056899994,21.781650200000055],[-98.88424446199998,21.78150287700003],[-98.88431659999996,21.78143564600003],[-98.88449778499992,21.78119886200005],[-98.88474512299995,21.78061863100003],[-98.88485729199998,21.780365999999997],[-98.88499489199995,21.78010673800003],[-98.88509206199994,21.779858538000045],[-98.88511053799999,21.77965775400003],[-98.88501736899995,21.779506323000078],[-98.88484166199999,21.779471815000026],[-98.88464696899997,21.77942433800007],[-98.88427079999995,21.779425400000033],[-98.88392418499996,21.77946130800007],[-98.88367535399995,21.779472338000062],[-98.88345652299994,21.779454154000067],[-98.88312243099993,21.779416754000067],[-98.88287038499995,21.779360108000052],[-98.88269950799996,21.779290338000067],[-98.88254610799996,21.779214277000047],[-98.88246487699993,21.779056492000056],[-98.88249627699994,21.778922138000038],[-98.88255275399993,21.77873664600002],[-98.88268952299993,21.77858021500003],[-98.88277664599994,21.778371569000058],[-98.88283249199995,21.778207615000042],[-98.88283267699993,21.77797747700004],[-98.88279583099992,21.77781061500008],[-98.88266507699994,21.777673477000064],[-98.882514631,21.77767332300004],[-98.88236684599995,21.777693754000037],[-98.88223372299994,21.777755415000062],[-98.88201647699996,21.777932431000067],[-98.88163783099996,21.778292462000024],[-98.88146169199997,21.778439662000036],[-98.88130984599995,21.778558538000027],[-98.88114590799995,21.778620738000026],[-98.88086666199996,21.77867152300007],[-98.88061778499997,21.778694015000042],[-98.88053279999995,21.778699615000047],[-98.88025866199996,21.77862818500006],[-98.87993376899998,21.778538723000054],[-98.87968530799996,21.778502862000035],[-98.87952283099995,21.778511662000028],[-98.87937218499992,21.778523569000072],[-98.87926535399995,21.778589938000028],[-98.87921183099994,21.778761554000024],[-98.87922344599997,21.779043969000043],[-98.87922918499997,21.77928207700006],[-98.87919341499996,21.779486938000044],[-98.87912203099994,21.779724985000026],[-98.87901303099993,21.78009944600006],[-98.87895387699994,21.78042361500007],[-98.87891238499996,21.78077527700003],[-98.87891218499996,21.78100607700003],[-98.87902355399994,21.781097862000024],[-98.87921824599992,21.78107223100005],[-98.87941552299995,21.780967308000076],[-98.87965716899997,21.780853215000036],[-98.87987778499993,21.780814446000026],[-98.88000723099996,21.78089695400007],[-98.87998944599997,21.781061800000032],[-98.87993629199995,21.781265092000073],[-98.87973536899992,21.781561585000077],[-98.87936901499994,21.781739999999996],[-98.87907756899992,21.781926231000053],[-98.87876107699995,21.782213446000064],[-98.87875413799993,21.782402169000022],[-98.8788364769999,21.782695185000023],[-98.87898501499993,21.78285720000002],[-98.87919144599992,21.782895892000056],[-98.8793896769999,21.782880615000067],[-98.87964579999999,21.782780585000065],[-98.87988539999996,21.782695954000076],[-98.88015795399996,21.782673015000054],[-98.88034790799995,21.782688585000066],[-98.88040563099996,21.78279655400007],[-98.88039721499995,21.782981569000068],[-98.88035955399992,21.783198800000033],[-98.880213262,21.783462846000074],[-98.88003055399994,21.783641662000033],[-98.87989349199995,21.783803446000036],[-98.8797745689999,21.78408455400006],[-98.87971956899996,21.784357200000038],[-98.87979239999996,21.78460436900008],[-98.87996570799997,21.78476638500007],[-98.88013115399994,21.784969846000024],[-98.88025,21.785159738000054],[-98.88036063099996,21.785405938000046],[-98.88023223099997,21.78566273800004],[-98.88004918499995,21.78570055400007],[-98.87983569199996,21.785662446000057],[-98.87962229199995,21.785548400000035],[-98.87930733799995,21.785234985000038],[-98.87914484599996,21.785007092000054],[-98.8788705379999,21.78476012300007],[-98.87868769199996,21.78456069200007],[-98.87844373799996,21.784484585000026],[-98.87823018499994,21.784512908000064],[-98.8781385999999,21.78460773800003],[-98.87815873799994,21.78484501500003],[-98.87815844599997,21.785186677000066],[-98.87837346199994,21.785512985000018],[-98.87848238499996,21.785891354000054],[-98.87859190799995,21.786132138000024],[-98.87863601499994,21.78637292300004],[-98.87849279999992,21.78660103100003],[-98.87821659999996,21.78675798500006],[-98.87794350799996,21.786866369000055],[-98.87769552299993,21.78684969200003],[-98.87746366199998,21.786663754000074],[-98.87727281499994,21.78643880000003],[-98.87716115399994,21.786210938000064],[-98.87702567699995,21.785980769000048],[-98.87689475399993,21.78585043100003],[-98.87670406199999,21.78569809200007],[-98.87652763099996,21.78568884600002],[-98.87636844599996,21.785792754000052],[-98.8763073379999,21.78590660000003],[-98.87621572299996,21.78602990800004],[-98.87610370799993,21.78621015400006],[-98.87610350799996,21.78644741500005],[-98.87606015399994,21.787014462000062],[-98.87603761499994,21.787119769000068],[-98.87578849199994,21.787905062000053],[-98.87538896899994,21.788564185000038],[-98.87539350799992,21.78929544600004],[-98.87522466199992,21.789793031000038],[-98.87452204599998,21.790174615000073],[-98.87391767699991,21.790397477000056],[-98.87276963099997,21.789896077000034],[-98.87171989199997,21.790227477000027],[-98.87147553799994,21.790866246000064],[-98.87197624599996,21.791547492000063],[-98.87201241499994,21.79210393800002],[-98.87187852299992,21.792793092000064],[-98.87148750799994,21.793225677000066],[-98.87113224599993,21.79298395400008],[-98.87068209199997,21.792752954000033],[-98.86987619999994,21.79280478500004],[-98.86931349199995,21.793346369000062],[-98.86875632299993,21.793536554000067],[-98.86820703099993,21.793479246000057],[-98.86758175399993,21.793149154000044],[-98.86767,21.792698800000036],[-98.86814338499994,21.79214133800008],[-98.86836841499994,21.79158030800005],[-98.86822178499993,21.791012400000056],[-98.86785789199993,21.790798923000068],[-98.86733960000001,21.790823554000042],[-98.86685083099994,21.79105113800006],[-98.86630133799993,21.791618554000024],[-98.86598059999993,21.791944846000032],[-98.86551686199992,21.79193538500004],[-98.86468624599996,21.79162064600007],[-98.86444395399995,21.79180455400007],[-98.86438898499995,21.792112508000056],[-98.86441,21.79242535400004],[-98.86409855399994,21.79294224600005],[-98.86386373799995,21.793185662000038],[-98.86379387699996,21.79360487700006],[-98.86427546199997,21.793841046000068],[-98.86472195399993,21.793997231000045],[-98.86468443099993,21.79434493800005],[-98.86449206199995,21.79450952300004],[-98.86420530799995,21.79451443100003],[-98.86347452299997,21.794408923000052],[-98.86236946199995,21.793743569000068],[-98.86172543099997,21.79383573800004],[-98.86097547699993,21.79418481500005],[-98.86088629199996,21.794059754000045],[-98.86116363099997,21.793398138000043],[-98.86135679999995,21.792820062000033],[-98.86107079999992,21.792506323000048],[-98.86043349199997,21.792645662000034],[-98.86013310799994,21.793187446000047],[-98.86003873799991,21.793869308000072],[-98.85988829199991,21.79441120000007],[-98.85840781499992,21.79437496900005],[-98.85825695399994,21.794684354000026],[-98.85853818499996,21.795214369000064],[-98.85911826199998,21.79612407700005],[-98.85932404599997,21.79649144600006],[-98.85931878499994,21.79713169200005],[-98.85908538499996,21.797583569000036],[-98.85797941499999,21.798860600000072],[-98.85746879999999,21.79939807700003],[-98.8578,21.80001429200007],[-98.85781538499998,21.800426723000044],[-98.85739095399997,21.800549200000027],[-98.85686949199999,21.800532277000055],[-98.85663024599994,21.800177615000056],[-98.8566753539999,21.79954687700006],[-98.856665723,21.79830252300007],[-98.85631224599996,21.797925738000064],[-98.85541509199997,21.798748154000066],[-98.85568956899998,21.800774431000036],[-98.85523464599999,21.801284400000046],[-98.85477190799995,21.801381277000075],[-98.85445078499997,21.801308231000064],[-98.85415675399996,21.800960954000065],[-98.85396829199996,21.80061407700003],[-98.85396669199997,21.799362200000076],[-98.85347118499998,21.798764908000066],[-98.85237266199991,21.79856316900003],[-98.85182989199994,21.798646800000018],[-98.85173578499993,21.799048862000063],[-98.85098584599993,21.79932795400003],[-98.84967367699991,21.799589046000047],[-98.84969196900002,21.800026185000036],[-98.84998224599997,21.800416846000076],[-98.85090212299994,21.80070018500004],[-98.8514714,21.80098947700003],[-98.85197652299993,21.801864185000063],[-98.85224075399996,21.80301935400007],[-98.85168656899998,21.80327967700003],[-98.85047672299996,21.80325793800006],[-98.85004538499997,21.80351983100007],[-98.85014510799999,21.804161954000055],[-98.85158386199998,21.804568538000073],[-98.85317355399994,21.80496687700003],[-98.85361603099993,21.805880108000057],[-98.85307826199993,21.806757292000043],[-98.85169189199995,21.806214015000027],[-98.85024893799991,21.80603786200004],[-98.84900906199994,21.80607426200004],[-98.84790595399994,21.80624553800004],[-98.84723109199994,21.806367323000078],[-98.84644232299993,21.80638],[-98.84573169199996,21.806383415000028],[-98.845324969,21.806709415000054],[-98.84496981499996,21.807139954000036],[-98.84475587699994,21.807633815000028],[-98.84468998499995,21.808104969000055],[-98.84463544599998,21.80892063100003],[-98.84486970799998,21.809720831000046],[-98.84534263099991,21.81003998500006],[-98.84599552299993,21.810211723000073],[-98.84699406199996,21.80898103100003],[-98.84775944599996,21.80853213800003],[-98.84820824599994,21.808646723000034],[-98.84865055399995,21.810003785000053],[-98.84911141499998,21.810503169000075],[-98.85012423099994,21.81090352300004],[-98.85077393799995,21.81112489200007],[-98.85188236899994,21.81124515400007],[-98.85271083099992,21.81160223100005],[-98.85309330799997,21.812355938000056],[-98.85326270799999,21.813034446000078],[-98.85329978499999,21.813525323000086],[-98.85307523099999,21.814482308000038],[-98.85237167699992,21.815035108000078],[-98.85189041499994,21.814950062000044],[-98.85107916899993,21.814191677000053],[-98.85056193799993,21.81476307700007],[-98.85055724599992,21.81645609200007],[-98.85064973799996,21.81809269200005],[-98.84878053799994,21.81844789200005],[-98.84768846199997,21.81931284600006],[-98.8471578,21.81952835400006],[-98.84644221499995,21.81953709200008],[-98.84548706199993,21.81990164600007],[-98.844852985,21.820429092000037],[-98.84413601499993,21.82101698500003],[-98.84352166199996,21.821404046000055],[-98.84271218499995,21.821760908000044],[-98.84186976899998,21.822394923000047],[-98.84095535399996,21.82286036900007],[-98.84029236899994,21.823197831000073],[-98.83997795399993,21.822903938000024],[-98.83985238499996,21.822610246000064],[-98.83969544599996,21.822228446000054],[-98.83966443099996,21.821817400000047],[-98.83897278499992,21.821112138000046],[-98.83752572299994,21.82046486200005],[-98.83648729199996,21.820287692000026],[-98.83510192299995,21.820756031000027],[-98.8343461379999,21.82110756900005],[-98.83333684599994,21.821421354000048],[-98.83280724599996,21.821736938000072],[-98.83258827699993,21.82252458500005],[-98.83243379999999,21.824051338000064],[-98.83253430799996,21.825167554000075],[-98.83263506199995,21.82607004600004],[-98.83328733799995,21.827363923000068],[-98.83372667699996,21.82849335400004],[-98.83365801499995,21.828843015000075],[-98.8334303079999,21.82926681500004],[-98.83298050799999,21.829758923000046],[-98.83257741499992,21.82999740000003],[-98.83224827699993,21.830367877000075],[-98.83209526199994,21.830628938000075],[-98.83222167699995,21.831365231000067],[-98.83314763099996,21.831921585000035],[-98.833809692,21.83254995400005],[-98.83396730799994,21.83314087700006],[-98.83329316899993,21.83436790800005],[-98.83247146199993,21.834902462000066],[-98.83129626199997,21.835018985000033],[-98.83057958499995,21.834748477000065],[-98.82905424599994,21.835190292000046],[-98.82830695399994,21.83548266200006],[-98.82745390799994,21.83586801500008],[-98.82512019999996,21.837880708000064],[-98.82383796899992,21.83881840000004],[-98.82256106199996,21.839297969000036],[-98.82222752299997,21.84006387700003],[-98.82214604599993,21.841522092000044],[-98.82177076899994,21.843827308000073],[-98.82145226199998,21.844179431000043],[-98.82109436899998,21.844234692000043],[-98.820124508,21.843976862000034],[-98.81903481499994,21.84431681500007],[-98.81837721499991,21.845034308000034],[-98.81728258499999,21.846159169000035],[-98.81391921499994,21.847234354000026],[-98.812699062,21.84758860000005],[-98.80996072299995,21.84765106200007],[-98.80287356899997,21.85040290800003],[-98.79227115399999,21.84035060000002],[-98.79068338499997,21.84184235400005],[-98.78422866199998,21.834596846000068],[-98.78220910799993,21.82961133800006],[-98.78258,21.829196785000025],[-98.78419863099995,21.827688692000038],[-98.78692503099995,21.827435015000052],[-98.79382553799995,21.829335954000044],[-98.78946318499997,21.82136120000007],[-98.80293807699992,21.80116358500004],[-98.80292999999999,21.80102387700003],[-98.78094432299996,21.778867015000063],[-98.76980236899998,21.785538492000054],[-98.76476586199999,21.77638318500004],[-98.75499539999998,21.758618800000015],[-98.74883015399993,21.758147723000036],[-98.73857766199995,21.75725509200004],[-98.73475276899994,21.75693729200003],[-98.72904012299992,21.756395492000028],[-98.73065553799995,21.749578492000072],[-98.72879999999999,21.749363677000073],[-98.72872269199995,21.749300077000036],[-98.73024839999992,21.742442723000064],[-98.73005493799995,21.74241335400006],[-98.72911684599994,21.742278338000062],[-98.72988104599993,21.737906554000062],[-98.72891807699992,21.737802677000047],[-98.72892378499996,21.73774829200005],[-98.72911018499997,21.737769538000066],[-98.72914670799996,21.733365000000003],[-98.72903863099997,21.733289323000065],[-98.72881850799993,21.729940615000032],[-98.72881252299997,21.72978809200003],[-98.7287788309999,21.72904464600003],[-98.72877486199994,21.728985723000054],[-98.72782975399997,21.72888043100005],[-98.72759972299997,21.728835615000037],[-98.72670164599998,21.728696538000058],[-98.72646649199997,21.728640569000046],[-98.72561218499999,21.728423246000027],[-98.72539332299999,21.728377846000054],[-98.72430990799995,21.728085492000048],[-98.72323547699993,21.72770829200004],[-98.72259538499996,21.727522138000037],[-98.72214390799995,21.72742467700004],[-98.72098661499996,21.727170769000054],[-98.71983469199996,21.72691256900003],[-98.71871803099997,21.72666729200006],[-98.71762038499999,21.726410554000037],[-98.71654658499995,21.726126923000034],[-98.71541383099995,21.72579496900005],[-98.71431533799995,21.72593483100007],[-98.71327535399995,21.72620192300008],[-98.71315661499995,21.72531995400004],[-98.71310507699995,21.725320215000064],[-98.71107647699995,21.72537412300005],[-98.71081075399995,21.725384338000026],[-98.71081781499997,21.72516747700007],[-98.70882733799999,21.725391354000067],[-98.70887486199996,21.724978077000063],[-98.70592298499997,21.724563862000025],[-98.70363036899994,21.724229815000054],[-98.70115126199995,21.72387746200008],[-98.70080295399997,21.72383341500006],[-98.69884727699994,21.723572569000048],[-98.69652518499998,21.723237769000036],[-98.69644159999994,21.72387467700003],[-98.69553970799994,21.723603708000034],[-98.69434033799993,21.72323616900007],[-98.69312373799991,21.722864785000073],[-98.69309172299994,21.722857769000036],[-98.69189589199999,21.722491062000074],[-98.69063823099997,21.722115554000027],[-98.69230619999993,21.713635754000055],[-98.67550999999999,21.711786400000047],[-98.67573781499992,21.70796313800003],[-98.67599386199996,21.703646677000048],[-98.67402306199993,21.703054338000072],[-98.67050718499993,21.70157178500006],[-98.66936361499995,21.70083827700006],[-98.66890847699992,21.70043593800005],[-98.66860384599991,21.700376708000075],[-98.66821424599998,21.700548538000074],[-98.66756276899997,21.700425369000072],[-98.667369523,21.700277138000043],[-98.66647926199994,21.70006315400008],[-98.66611341499998,21.69953596900007],[-98.67711412299994,21.672853615000065],[-98.68179684599993,21.671049369000063],[-98.68523456899999,21.669724892000026],[-98.68755993799992,21.668757938000056],[-98.69329126199995,21.66640635400006],[-98.70274569199995,21.66387355400008],[-98.71559623099992,21.65310587700003],[-98.717198323,21.651499708000078],[-98.72051826199998,21.64887258500005],[-98.73175086199996,21.639431538000053]]]}},{"type":"Feature","properties":{"code":"24042","cve_ent":"24","cve_mun":"042","municipio":"Tanquián de Escobedo","estado":"San Luis Potosí","region":"Huasteca Potosina","fuente":"Marco Geoestadístico / INEGI (consolidado GeoJSON para el visor)"},"geometry":{"type":"Polygon","coordinates":[[[-98.664760662,21.697423185000044],[-98.66366130799996,21.697229969000034],[-98.66218741499993,21.697406769000054],[-98.66199995399995,21.696687692000072],[-98.66181249199995,21.695968569000062],[-98.66215392299995,21.695290292000035],[-98.66153370799998,21.693885662000078],[-98.66162847699995,21.693580123000064],[-98.66090489199995,21.692731],[-98.66106458499996,21.691589600000043],[-98.66107658499999,21.690172246000028],[-98.66070961499996,21.68933884600005],[-98.66016269199997,21.68807204600006],[-98.65971195399997,21.68789936900004],[-98.65962916899996,21.687480077000032],[-98.65912296899995,21.687600462000034],[-98.65912395399994,21.687091077000048],[-98.65902759999993,21.686748108000074],[-98.65906081499995,21.68564013800005],[-98.65850921499997,21.68496438500006],[-98.65815781499992,21.684950292000057],[-98.657544262,21.68440801500003],[-98.65782801499994,21.683936631000048],[-98.65808812299993,21.683707769000026],[-98.65773943099997,21.683311600000025],[-98.65770012299996,21.682444077000067],[-98.65716312299996,21.68163160000006],[-98.65658070799996,21.680898077000055],[-98.65611373799999,21.680616862000022],[-98.65619626199998,21.680276062000075],[-98.65581963099997,21.679544385000042],[-98.65491824599995,21.679233585000077],[-98.65444636899996,21.678410800000048],[-98.65335479999999,21.678338769000053],[-98.65317786199994,21.67748298500004],[-98.65226330799996,21.677071354000084],[-98.65209418499994,21.67697947700003],[-98.65172624599995,21.677086569000043],[-98.65156256899995,21.676703431000078],[-98.65104041499993,21.676078385000043],[-98.65055327699996,21.674937077000035],[-98.65040852299992,21.674683662000067],[-98.65031579999996,21.67452135400003],[-98.65007301499995,21.673663631000064],[-98.64950181499994,21.673512815000034],[-98.64937221499994,21.673168123000046],[-98.647813892,21.67235684600007],[-98.64684701499999,21.671640415000073],[-98.64627838499995,21.67144169200003],[-98.64537959999994,21.670920308000067],[-98.64506867699997,21.67073604600006],[-98.64467815399993,21.670660477000073],[-98.64416872299995,21.670365800000074],[-98.64408224599998,21.670200769000083],[-98.64409872299994,21.66996429200003],[-98.64425552299997,21.66982613800008],[-98.6443482769999,21.669630769000037],[-98.64421743099997,21.66941995400003],[-98.64401123099998,21.669466446000058],[-98.64384384599998,21.669361338000044],[-98.64319721499997,21.669186400000058],[-98.64300041499995,21.669097400000055],[-98.64289255399993,21.66917575400004],[-98.642274462,21.668686262000044],[-98.64216415399993,21.668764615000043],[-98.64161564600002,21.668543492000026],[-98.64132039999998,21.668395123000042],[-98.64089221499994,21.668153],[-98.64086218499993,21.667969446000036],[-98.64064615399994,21.668020585000022],[-98.6401361539999,21.66752847700008],[-98.63975107699993,21.667736138000066],[-98.63969818499996,21.66811503100007],[-98.63921396899998,21.668033738000076],[-98.63872187699992,21.66859292300006],[-98.63820887699993,21.667102292000035],[-98.63790115399993,21.666885077000078],[-98.63767852299993,21.666943077000035],[-98.63713447699995,21.66666718500005],[-98.63515175399999,21.666054985000077],[-98.63514403099997,21.666072015000054],[-98.63458059999991,21.665494077000062],[-98.63409629199998,21.665376031000047],[-98.63359279999996,21.66541187700005],[-98.63251,21.665752292000032],[-98.63216216899995,21.665941477000043],[-98.63196186199997,21.66632304600006],[-98.63193836899994,21.66669038500003],[-98.63171173799996,21.667306185000033],[-98.63083515399993,21.667453200000065],[-98.62988518499996,21.666872754000057],[-98.62922883099993,21.66672075400004],[-98.62888983099995,21.666726277000063],[-98.62861749199999,21.666844077000064],[-98.62845792299996,21.666876677000065],[-98.62785832299991,21.666814046000074],[-98.627863446,21.666892077000057],[-98.62714072299995,21.66686415400006],[-98.62652203099996,21.66684981500003],[-98.62587852299994,21.666890569000035],[-98.62576293799992,21.666849569000078],[-98.62532055399996,21.666784200000052],[-98.62517836899994,21.666430615000024],[-98.62501467699994,21.666353462000075],[-98.62504146199994,21.666273046000075],[-98.62479041499994,21.666108446000067],[-98.62409659999996,21.66635235400003],[-98.62408403099992,21.66649140000004],[-98.62358363099996,21.666747554000036],[-98.62355355399994,21.666545631000076],[-98.62325473799994,21.666851723000043],[-98.62309547699991,21.66699676900004],[-98.62268972299994,21.667702569000028],[-98.62275176899996,21.667920477000056],[-98.62288363099997,21.667850492000078],[-98.62314846199995,21.66832569200005],[-98.62306753799996,21.668378708000034],[-98.62315893799993,21.66855292300005],[-98.62310149199999,21.669074138000045],[-98.62321533799994,21.669363062000063],[-98.62301659999996,21.669450831000063],[-98.62306381499994,21.669636631000056],[-98.62266575399995,21.669607862000078],[-98.62223249199994,21.669301431000065],[-98.62236453799991,21.669085308000035],[-98.62219898499994,21.668755200000078],[-98.62184793799995,21.668845677000036],[-98.62183301499991,21.668781446000025],[-98.62158749199993,21.668830308000054],[-98.62123887699991,21.66890698500003],[-98.62124203099994,21.669152600000075],[-98.6204418309999,21.66938198500003],[-98.61992689199995,21.668867292000076],[-98.61969829199994,21.668812415000044],[-98.61922409199998,21.668793015000062],[-98.61916333799995,21.669020431000032],[-98.61906159999995,21.669525723000053],[-98.61900564599996,21.669714092000046],[-98.61903806199993,21.67073778500003],[-98.61921063099999,21.67134570800005],[-98.61789089199996,21.67146395400005],[-98.61516987699996,21.67196773800004],[-98.61406861499995,21.67209718500004],[-98.61313455399993,21.672127815000067],[-98.61242129199995,21.67211207700006],[-98.61198364599994,21.672051154000034],[-98.61140270799994,21.67186747700004],[-98.61111524599993,21.671656123000048],[-98.61077593799993,21.671324015000042],[-98.61027552299997,21.67085169200005],[-98.60983298499995,21.670261031000056],[-98.60950103099997,21.669638662000068],[-98.60932850799995,21.669224831000058],[-98.60922913799999,21.668812600000024],[-98.60917196899999,21.668179215000066],[-98.60929510799996,21.66765232300003],[-98.60947047699992,21.667229092000067],[-98.60973559999994,21.666876169000034],[-98.61007481499993,21.66653498500005],[-98.61109927699992,21.66582298500003],[-98.61180544599996,21.665394400000025],[-98.61260393799995,21.66493366200007],[-98.61341018499995,21.664165585000035],[-98.61390075399996,21.663578462000036],[-98.61419186199998,21.66299203100004],[-98.61444,21.662236999999998],[-98.61477215399995,21.661301354000045],[-98.61491313799995,21.660878585000034],[-98.61520758499995,21.660185446000074],[-98.61571406199994,21.659481754000076],[-98.6160891229999,21.658820815000073],[-98.61632512299994,21.65850661500008],[-98.61657916899996,21.65822898500005],[-98.61688179999997,21.657855415000043],[-98.61688870799995,21.65758180000006],[-98.61679639999993,21.65736681500005],[-98.61666886199998,21.65725753800007],[-98.61662346199998,21.657119646000073],[-98.61664587699993,21.656876800000077],[-98.61684815399994,21.656607477000026],[-98.61710235399993,21.65621763100006],[-98.61730807699993,21.65581150800006],[-98.61744252299994,21.655647169000076],[-98.61792464599998,21.655262354000058],[-98.61865361499997,21.65477650800005],[-98.61935273799995,21.654183523000036],[-98.62003109199993,21.653526877000044],[-98.62056161499997,21.653073277000033],[-98.62114995399996,21.65279544600003],[-98.62194484599995,21.652560923000067],[-98.62269187699992,21.65257736900003],[-98.62342999999998,21.652748831000046],[-98.62432244599995,21.65296223100006],[-98.62500186199995,21.653190431000038],[-98.62553601499992,21.653415431000045],[-98.626213,21.653740508000052],[-98.62703524599999,21.654068769000055],[-98.62792121499996,21.654340277000074],[-98.62878739999992,21.654572569000038],[-98.62922027699993,21.654698400000036],[-98.62998563099994,21.65481216900003],[-98.63069761499996,21.654756846000055],[-98.63150410799992,21.65461764600008],[-98.63227673799994,21.65433820000004],[-98.63322175399996,21.653888169000037],[-98.6335704,21.653390169000037],[-98.63386872299996,21.652664385000037],[-98.63398873799994,21.651603431000073],[-98.63401870799997,21.650512231000047],[-98.63341192299997,21.646974892000063],[-98.63327573799994,21.64589584600003],[-98.63328370799995,21.645578169000036],[-98.63331861499991,21.64477740000007],[-98.63338172299993,21.644032523000078],[-98.63351603099993,21.643399754000033],[-98.63359967699995,21.643014646000037],[-98.63374355399993,21.642589400000077],[-98.63474158499996,21.64067856900004],[-98.63568959999998,21.63887518500008],[-98.63653613799988,21.636986631000074],[-98.63725863099995,21.635378862000035],[-98.63785313799995,21.63468709200004],[-98.63832203099994,21.634282785000035],[-98.63941239999996,21.63348263100005],[-98.63996796899994,21.633163138000047],[-98.64123726199993,21.632707246000052],[-98.64287490799994,21.632314692000026],[-98.64327875399991,21.63214387700003],[-98.64352092299998,21.63192806200005],[-98.643630692,21.631681708000034],[-98.64370021499994,21.63126864600003],[-98.64366413799995,21.630936200000065],[-98.64351250799996,21.630490646000055],[-98.64323158499995,21.629890246000063],[-98.642961631,21.629442123000047],[-98.64264352299993,21.629144938000024],[-98.64222256899996,21.628817877000074],[-98.64179323099995,21.628648415000043],[-98.64129693799998,21.62837498500005],[-98.64025687699994,21.62795143100005],[-98.63883510799992,21.627408954000035],[-98.63711786199997,21.626846169000036],[-98.63587044599994,21.62643186200006],[-98.63535592299993,21.626296185000058],[-98.63492772299996,21.626259169000036],[-98.63460027699993,21.62633489200004],[-98.63425801499993,21.62641030800006],[-98.63402536899996,21.626504231000066],[-98.63332158499996,21.626834277000054],[-98.63231715399992,21.627351185000073],[-98.63109523099995,21.62827790800003],[-98.62997649199995,21.629220692000047],[-98.62896333799993,21.630082877000063],[-98.62854504599993,21.630239523000057],[-98.62805072299992,21.63047740000008],[-98.62765035399995,21.630510062000045],[-98.62723624599994,21.63050095400007],[-98.62671856899999,21.63048956900008],[-98.62618787699992,21.630408800000055],[-98.62569847699994,21.630216862000054],[-98.62391115399996,21.62950036900003],[-98.62257812299994,21.628959692000027],[-98.62189030799995,21.628654323000035],[-98.62155643099999,21.62839821500006],[-98.62135527699994,21.62815884600008],[-98.62113,21.627822154000057],[-98.62099023099994,21.627376923000046],[-98.62079344599992,21.62637756900006],[-98.62065867699992,21.625327369000047],[-98.62031515399994,21.623712769000065],[-98.61987352299994,21.621304477000027],[-98.61969735399997,21.619677954000057],[-98.61934261499991,21.616490308000042],[-98.61922616899993,21.615145954000074],[-98.61921204599997,21.61438113800006],[-98.61920678499996,21.612395908000057],[-98.61925138499997,21.611041462000067],[-98.61928667699996,21.609222369000065],[-98.61932636899995,21.606827508000034],[-98.61926210799996,21.604407769000037],[-98.61928104599995,21.60328866200007],[-98.61935409199998,21.60246140000004],[-98.619404692,21.602111462000043],[-98.619499954,21.601645508000047],[-98.61961559999997,21.601199492000035],[-98.61975907699996,21.600890615000033],[-98.61992493799994,21.600523723000038],[-98.62015638499996,21.600111862000066],[-98.62034087699995,21.599833138000065],[-98.62055692299997,21.599545369000055],[-98.62110278499995,21.599011323000074],[-98.62139235399992,21.598705662000043],[-98.62189796899996,21.59811223100007],[-98.62250016899995,21.597413646000064],[-98.62298790799994,21.596795108000038],[-98.62312244599997,21.59642752300004],[-98.62322592299995,21.596049492000077],[-98.62323327699993,21.595757123000055],[-98.62326421499992,21.595358],[-98.62326838499995,21.59519232300005],[-98.62344181499995,21.594651046000028],[-98.62358538499994,21.594205954000078],[-98.62372335399999,21.593984846000073],[-98.62400575399992,21.593612354000072],[-98.62419332299997,21.59339235400006],[-98.62455395399995,21.59319933800003],[-98.62493170799993,21.592983538000052],[-98.62528447699997,21.592774892000023],[-98.62565212299991,21.59259561500005],[-98.62564553799992,21.592564354000043],[-98.62559755399992,21.59233613800006],[-98.62542744599993,21.592039215000053],[-98.62489124599992,21.59169584600005],[-98.62413470799997,21.591602892000026],[-98.62271932299993,21.591394400000073],[-98.62198753799994,21.59116463100003],[-98.62128143099993,21.590455877000064],[-98.62072298499996,21.58929124600007],[-98.62050601499995,21.588241446000037],[-98.62062013799999,21.587846431000056],[-98.62075615399998,21.587606615000027],[-98.62101596899998,21.587512108000052],[-98.62133172299994,21.58747841500008],[-98.62188447699997,21.58745469200005],[-98.62254366199994,21.58743338500005],[-98.62305669199995,21.587274877000027],[-98.62344793799994,21.58702483100006],[-98.62381446199998,21.586888785000045],[-98.62425393799995,21.586866985000032],[-98.62452246199997,21.58686758500005],[-98.62466915399992,21.586776677000042],[-98.62484015399994,21.58673143100003],[-98.62496215399992,21.586754523000025],[-98.62508404599997,21.586823231000036],[-98.62527903099995,21.586937723000066],[-98.62549873799993,21.586938215000032],[-98.62566973799993,21.586892969000075],[-98.62576795399994,21.586665092000032],[-98.62581743099994,21.58641427700007],[-98.62579330799994,21.586300169000026],[-98.62574484599995,21.58616320000004],[-98.62572084599996,21.586003462000065],[-98.62572143099995,21.585775354000077],[-98.62574666199997,21.585456046000044],[-98.62557624599997,21.585273185000062],[-98.62528383099995,21.585067231000036],[-98.624625462,21.58479203100006],[-98.62374693799993,21.584675985000047],[-98.62294161499992,21.584582908000073],[-98.62246747699996,21.58442940000003],[-98.62176049199995,21.584062831000036],[-98.62046821499993,21.58348960000006],[-98.62027315399993,21.583397923000064],[-98.62010275399994,21.583215046000078],[-98.62005441499996,21.583032431000046],[-98.62000630799994,21.582758600000027],[-98.6199829079999,21.582370769000025],[-98.61971753799995,21.581161169000044],[-98.61940218499994,21.580407692000048],[-98.61872035399992,21.579767415000052],[-98.61857443099994,21.57956178500007],[-98.61852627699993,21.579310754000065],[-98.61838046199995,21.579059508000057],[-98.61816136899995,21.578830892000042],[-98.61764895399993,21.57876127700007],[-98.61740472299992,21.57880633800005],[-98.616964969,21.57894220000003],[-98.61658564599998,21.578815877000068],[-98.61641501499996,21.57872423100002],[-98.61617109199993,21.578655246000036],[-98.61600033799999,21.57860921500003],[-98.6158049539999,21.578654400000065],[-98.61565836899996,21.578699677000024],[-98.61558495399997,21.578767954000057],[-98.61551143099993,21.578881831000047],[-98.61546216899994,21.57904138500004],[-98.615413,21.579178154000036],[-98.61524178499995,21.579314615000044],[-98.61514406199994,21.57933720000005],[-98.61489995399995,21.579336631000043],[-98.61453393799995,21.579290169000046],[-98.61443641499993,21.579244323000072],[-98.61426553799998,21.579243923000032],[-98.61421659999996,21.579289431000063],[-98.61411855399996,21.579448877000058],[-98.61397170799994,21.579585415000057],[-98.61395,21.57969941500005],[-98.61380024599998,21.57981312300007],[-98.61367806199995,21.579858462000068],[-98.61340955399997,21.57985783100003],[-98.61328781499994,21.57974349200003],[-98.61319058499997,21.57958360000003],[-98.61302044599996,21.57930946200003],[-98.61270773799995,21.577575108000083],[-98.61270827699992,21.577369800000042],[-98.61275752299994,21.57721024600005],[-98.61292867699994,21.57709658500005],[-98.61314884599993,21.57691460000007],[-98.61327139999996,21.576732400000026],[-98.61341916899994,21.57623090800007],[-98.61344418499996,21.576002846000048],[-98.61346938499997,21.57570636900004],[-98.61349446199993,21.57545550800006],[-98.61339743099994,21.575227169000076],[-98.61327563099995,21.57513564600003],[-98.61310470799998,21.57515806200007],[-98.6129578919999,21.575294585000048],[-98.61254218499992,21.57556733800004],[-98.61215092299993,21.575840169000063],[-98.61171116899999,21.575976],[-98.61124733799993,21.575997738000073],[-98.61085696899994,21.57592840000007],[-98.61029118499992,21.575631015000056],[-98.60972609199995,21.575080369000034],[-98.60952610799994,21.57478998500005],[-98.60973453799991,21.574372308000026],[-98.60941409199995,21.574171585000045],[-98.60930716899995,21.574138],[-98.60916498499996,21.573971015000044],[-98.609094,21.573837538000078],[-98.60905887699991,21.573637462000026],[-98.60905976899994,21.573304169000043],[-98.60891816899999,21.57290387700004],[-98.60891870799995,21.572703892000046],[-98.6088836769999,21.57247050800003],[-98.60888421499997,21.572270523000043],[-98.60899218499995,21.571904154000038],[-98.60909989199995,21.57163775400005],[-98.60910052299992,21.57140444600003],[-98.60913724599999,21.571004569000028],[-98.60906655399997,21.57077109200003],[-98.60878239999991,21.57033713800007],[-98.60813858499994,21.569752723000025],[-98.60792487699996,21.569652231000074],[-98.60781806199998,21.569585323000073],[-98.60767578499997,21.569451662000066],[-98.6076048,21.56931818500004],[-98.607569492,21.56918476900006],[-98.60746312299993,21.56895121500003],[-98.60746473799996,21.56835127700003],[-98.60757209199993,21.56821821500006],[-98.60782218499995,21.568052138000038],[-98.60803681499993,21.56781933800005],[-98.60803726199997,21.567652692000024],[-98.60771655399994,21.567551938000065],[-98.60675461499993,21.567183046000025],[-98.60643364599997,21.567182292000037],[-98.60625496899996,21.56731518500004],[-98.60604081499994,21.567381338000075],[-98.60586247699993,21.567380908000075],[-98.60575558499993,21.567347323000032],[-98.60557789199996,21.567113600000027],[-98.60540012299995,21.566913200000037],[-98.60529403099996,21.566579646000033],[-98.60536624599995,21.56624650800006],[-98.60550926199994,21.56611353800002],[-98.60561679999999,21.56591380000003],[-98.60565290799995,21.56574724600005],[-98.60565327699999,21.56561392300005],[-98.60572487699991,21.56551409200005],[-98.60583212299993,21.565414369000052],[-98.60650972299999,21.56541596900007],[-98.60668786199993,21.56548304600005],[-98.60679441499995,21.565649938000025],[-98.60686566199996,21.56568344600003],[-98.60722229199995,21.565684292000068],[-98.60743644599995,21.565618123000036],[-98.60757953799997,21.565451815000074],[-98.60782953799996,21.56531909200003],[-98.60790132299994,21.56515260000003],[-98.60800892299991,21.564919538000026],[-98.60822336899997,21.564753400000033],[-98.608295662,21.564386938000037],[-98.60808195399991,21.564042492000052],[-98.60793973799996,21.563875508000027],[-98.60772621499994,21.563708354000028],[-98.60761976899992,21.56350812300008],[-98.60762146199995,21.562874862000058],[-98.60747953799994,21.56260789200007],[-98.60708787699994,21.562373646000026],[-98.60698115399994,21.562273400000034],[-98.60680293799996,21.56223964600002],[-98.606553492,21.562172400000062],[-98.60644676899992,21.562072154000077],[-98.60641136899993,21.561972077000064],[-98.606233692,21.561738354000056],[-98.60612687699994,21.561671431000033],[-98.60591309199998,21.56160427700007],[-98.60580601499996,21.561637354000027],[-98.60552043099992,21.56173666200004],[-98.60541301499993,21.56190306200006],[-98.60526955399995,21.562202692000024],[-98.60501926199998,21.56243541500004],[-98.60441256899996,21.562600631000063],[-98.60387796899992,21.56246603100004],[-98.60352198499997,21.562231877000038],[-98.6034866,21.562131800000024],[-98.60348696899995,21.56199847700003],[-98.60359459999995,21.56176541500003],[-98.60363052299991,21.561665523000045],[-98.60370210799988,21.56156570800005],[-98.60370319999997,21.56116573800006],[-98.60377489199995,21.561032585000074],[-98.60388223099991,21.560899523000042],[-98.60413241499994,21.560700138000072],[-98.60423976899995,21.560567077000027],[-98.60434719999999,21.56040067700007],[-98.60449038499995,21.560201031000076],[-98.60470472299993,21.56006823100006],[-98.60491889199993,21.560002062000024],[-98.60523993799994,21.559969492000054],[-98.60570118499996,21.559982554000044],[-98.60584446199992,21.559749585000073],[-98.60595198499998,21.559549846000028],[-98.60595370799996,21.558916585000073],[-98.60602555399996,21.558716769000057],[-98.60620439999995,21.55851721500005],[-98.60616955399995,21.55821715400003],[-98.60602753799996,21.557983508000063],[-98.60588543099996,21.557783185000066],[-98.60581466199994,21.557583031000036],[-98.60585058499997,21.55748313800007],[-98.60602915399993,21.557383569000024],[-98.60627898499995,21.55731750800004],[-98.60649303099994,21.55728467700004],[-98.60667141499991,21.55725175400005],[-98.60692124599996,21.557185692000083],[-98.60731413799999,21.556953308000065],[-98.60749359999991,21.556520431000024],[-98.60778087699995,21.55578784600004],[-98.607425246,21.555420369000046],[-98.60614479999998,21.55418415400004],[-98.60532595399994,21.553682246000047],[-98.60500536899995,21.55354816900007],[-98.60443461499993,21.553613477000056],[-98.60389826199996,21.554145492000035],[-98.60357586199993,21.554678000000003],[-98.60336073799996,21.555110785000064],[-98.60278933799995,21.555409400000027],[-98.60243263099991,21.555441877000074],[-98.60204119999995,21.555140985000033],[-98.60168532299996,21.554873477000058],[-98.60132878499995,21.554839308000055],[-98.60100795399993,21.554805200000036],[-98.60058010799995,21.55477083100004],[-98.60025943099998,21.55467007700003],[-98.60011752299992,21.55440309200003],[-98.60015436899994,21.55396989200005],[-98.60025979999993,21.553608969000038],[-98.60033192299991,21.553362031000063],[-98.60051433799997,21.55273755400003],[-98.60051570799999,21.55223758500005],[-98.60048087699991,21.55193753800006],[-98.60019598499997,21.55180353800006],[-98.599697,21.551702354000042],[-98.59932512299996,21.551547892000027],[-98.59909789199996,21.55130973800004],[-98.59897301499994,21.55085509200007],[-98.59881643099996,21.550428662000055],[-98.59892312299995,21.549871769000056],[-98.59916973799994,21.549429923000044],[-98.59962626199999,21.54915244600005],[-98.60002216899993,21.549017],[-98.60034336899996,21.54891778500007],[-98.60059315399994,21.548851723000045],[-98.60076999999998,21.548652169000036],[-98.60080838499991,21.54838561500003],[-98.60088135399992,21.547785846000068],[-98.60102544599992,21.547252892000074],[-98.60109739999996,21.54701976900003],[-98.60109876899996,21.546519815000064],[-98.60106392299997,21.54621975400005],[-98.60110021499996,21.545986538000022],[-98.60127896899995,21.54582030800003],[-98.60177909199996,21.545488200000023],[-98.60213667699993,21.545122415000034],[-98.60238729199992,21.544756385000028],[-98.60253101499993,21.54435676900005],[-98.60230947699993,21.543830662000065],[-98.60216747699994,21.543597],[-98.60195907699993,21.543433815000068],[-98.60195704599994,21.543432231000047],[-98.60302492299995,21.543364308000037],[-98.60749124599994,21.542957846000036],[-98.60753630799994,21.541492477000077],[-98.61217453799995,21.541930954000065],[-98.61283584599992,21.54174287700004],[-98.61322409199995,21.54137001500004],[-98.61393455399995,21.54129449200008],[-98.61472896899994,21.541172215000074],[-98.61605407699993,21.540739492000053],[-98.61785827699997,21.541471585000068],[-98.61860226199997,21.541294031000064],[-98.619194769,21.540941092000025],[-98.6203691379999,21.540504],[-98.62080487699993,21.540330415000028],[-98.62241303099994,21.539095877000026],[-98.62315604599995,21.538345523000032],[-98.62378818499992,21.537728677000075],[-98.6251673849999,21.536818062000073],[-98.62546943099993,21.536575062000058],[-98.62612992299992,21.536137923000073],[-98.62650653799992,21.535768969000063],[-98.62667618499994,21.535442969000027],[-98.62662618499995,21.535099231000057],[-98.62700609199999,21.53480153800007],[-98.62747570799993,21.534159800000054],[-98.62755687699993,21.533283246000053],[-98.62784939999993,21.53249038500007],[-98.62855863099995,21.53205010800008],[-98.62918386199999,21.53218866200007],[-98.62964938499992,21.532392262000027],[-98.63005001499992,21.53257156900003],[-98.63101375399995,21.533090985000058],[-98.63130559999995,21.533360400000053],[-98.63202813799991,21.53383661500004],[-98.63298656899994,21.534526154000048],[-98.63367773799993,21.53499809200003],[-98.63441286199996,21.53466960000003],[-98.63512236899997,21.53480627700003],[-98.63604763099993,21.535448169000066],[-98.63666910799998,21.53592446200003],[-98.63744166199997,21.53653806200003],[-98.63765630799996,21.535368985000044],[-98.63832735399993,21.53224152300004],[-98.64383230799994,21.532442923000076],[-98.64875230799996,21.53332998500002],[-98.64902904599997,21.53614215400006],[-98.64905419999995,21.53647536900008],[-98.64951289199995,21.53943226200004],[-98.64952506199997,21.539817123000038],[-98.65185221499993,21.538378123000033],[-98.65221586199999,21.538206415000047],[-98.6543049379999,21.537230554000075],[-98.65833823099993,21.536099138000054],[-98.66067761499993,21.53521846200005],[-98.66210116899997,21.534653877000036],[-98.66292830799993,21.534186831000056],[-98.66369067699996,21.533726369000078],[-98.66448198499995,21.533363492000035],[-98.66638255399991,21.532523908000027],[-98.66742378499998,21.53166330800008],[-98.66831295399996,21.530540754000075],[-98.66873427699991,21.530199585000044],[-98.66907687699992,21.529826369000034],[-98.66941147699997,21.529471354000066],[-98.67041246199993,21.52746998500003],[-98.67089944599995,21.52635347700004],[-98.66996356899995,21.524593831000058],[-98.66880923099994,21.524148723000057],[-98.66918081499992,21.524102415000076],[-98.669290462,21.524075985000028],[-98.66944764599998,21.524015092000074],[-98.67012719999994,21.523695877000023],[-98.67510690799995,21.532121662000065],[-98.67664839999995,21.53121676900003],[-98.67785944599994,21.530516738000074],[-98.67988373799992,21.530797308000047],[-98.68146847699994,21.531394523000078],[-98.68239424599993,21.531208954000082],[-98.68301919999996,21.531692708000037],[-98.6833564,21.532454508000058],[-98.68307083099991,21.533070985000048],[-98.68270976899996,21.533588492000035],[-98.68247469199996,21.533941923000047],[-98.68207778499996,21.534435200000075],[-98.68177359999997,21.53508070800007],[-98.68142350799995,21.535210846000037],[-98.68103127699997,21.53547627700004],[-98.68088952299993,21.535668708000063],[-98.68099475399997,21.53626590800008],[-98.68097221499988,21.536851785000074],[-98.68071733799992,21.537283738000045],[-98.68043284599995,21.53772612300003],[-98.68037523099994,21.538143062000074],[-98.68029999999999,21.538803369000053],[-98.68072552299996,21.53908330800004],[-98.68105836899996,21.53989213800003],[-98.68174936899996,21.541921985000045],[-98.68261801499992,21.54245007700007],[-98.68314576899995,21.543841077000025],[-98.69046466199997,21.556072800000035],[-98.68844773799995,21.55754556900007],[-98.6858765379999,21.558359769000045],[-98.68531263099997,21.558661338000036],[-98.68476999999999,21.559152585000046],[-98.68461733799992,21.55940356900004],[-98.68436815399994,21.559697969000073],[-98.68407573799995,21.55997663100004],[-98.68527067699993,21.562147569000043],[-98.68495470799995,21.562697354000022],[-98.68486130799992,21.563072846000065],[-98.68476427699993,21.56347669200005],[-98.68475924599993,21.56388187700003],[-98.68484910799997,21.56474555400007],[-98.68513078499994,21.565266262000023],[-98.6848411079999,21.565887723000063],[-98.68499826199995,21.56624996900007],[-98.68458635399995,21.56722153800007],[-98.68609427699992,21.57109184600006],[-98.68599427699993,21.571809815000048],[-98.68619161499996,21.57316747700003],[-98.68606055399991,21.57461923100004],[-98.68586339999993,21.575430615000073],[-98.68518466199997,21.57828840000008],[-98.68516070799994,21.578568846000053],[-98.68519703099994,21.578952492000045],[-98.68522366199996,21.57931067700002],[-98.68525590799999,21.579669246000034],[-98.68531441499991,21.58002987700007],[-98.68541283099992,21.580403215000043],[-98.68572669199992,21.580605692000063],[-98.68610984599995,21.58071435400006],[-98.68634856899993,21.580802708000075],[-98.6864804149999,21.58084727700003],[-98.68887716899992,21.581488446000037],[-98.68907763099995,21.58178387700007],[-98.69000089199993,21.581576446000042],[-98.69042279999995,21.581867877000036],[-98.68985912299993,21.586579323000024],[-98.69037036899991,21.587097477000043],[-98.69102444599999,21.58612490800004],[-98.69153638499995,21.585884231000023],[-98.69214023099993,21.586071600000025],[-98.69213967699991,21.58695835400005],[-98.69321084599994,21.587130862000034],[-98.6932766,21.586221046000045],[-98.69300204599993,21.585916846000025],[-98.69291269199992,21.585601999999994],[-98.6928475999999,21.585048569000033],[-98.69290830799994,21.584206754000036],[-98.69307273799991,21.58382053800005],[-98.69361353799995,21.58320276900002],[-98.69449704599998,21.58284821500007],[-98.69626156899994,21.582132246000068],[-98.69657921499997,21.582511200000052],[-98.69704695399996,21.582511108000062],[-98.69709276899992,21.582218969000053],[-98.69825246199997,21.583167692000075],[-98.69929632299993,21.58332360000002],[-98.69950929199997,21.58267123100006],[-98.69938744599993,21.582255862000068],[-98.6991718149999,21.58174149200005],[-98.69930706199993,21.581369677000048],[-98.69980039999996,21.58109690800006],[-98.70014647699996,21.581029123000064],[-98.70052644599998,21.581178477000037],[-98.70077306199994,21.58141909200003],[-98.70129744599997,21.581289631000057],[-98.70199956899997,21.581014862000075],[-98.70177359999995,21.580349400000042],[-98.70179436899997,21.580017554000044],[-98.70213953799995,21.579979492000064],[-98.70246612299994,21.58038784600006],[-98.70268893799991,21.58071458500006],[-98.70335175399997,21.580490723000025],[-98.70323227699997,21.581023846000047],[-98.70303595399996,21.58127284600004],[-98.70433166199997,21.582896846000036],[-98.70513163099996,21.582986215000062],[-98.70617633799995,21.58253304600003],[-98.70706513799995,21.581976585000064],[-98.70785647699995,21.582529800000025],[-98.70830021499994,21.582580338000067],[-98.70847072299993,21.581651600000043],[-98.70909755399997,21.58169383100005],[-98.70933644599995,21.581812],[-98.70942824599997,21.58251970800006],[-98.70955598499997,21.582982815000033],[-98.70943215399993,21.583949738000054],[-98.70981778499998,21.58430635400003],[-98.71098164599994,21.584746800000058],[-98.71108433799998,21.585249585000035],[-98.71116264600002,21.58564906200007],[-98.71139903099998,21.586391415000037],[-98.71153084599995,21.586856815000033],[-98.71160310799996,21.587206031000047],[-98.71118344599998,21.587657200000024],[-98.71157310799998,21.587843046000046],[-98.71260229199999,21.588293954000044],[-98.71297759999999,21.589243415000052],[-98.71364536899996,21.58986973800006],[-98.71386950799997,21.590647923000063],[-98.714643815,21.590887523000053],[-98.71450269199993,21.59164780000003],[-98.7154822,21.59263030800002],[-98.71598926199994,21.59304015400005],[-98.71614293799995,21.59262893800007],[-98.71689123099996,21.592845538000063],[-98.717393954,21.59296744600005],[-98.71786107699995,21.593241354000043],[-98.71782883099995,21.594083631000046],[-98.71871230799994,21.594299415000027],[-98.71872590799995,21.595655185000055],[-98.72115759999996,21.597799277000032],[-98.72171230799994,21.598331662000074],[-98.72172912299999,21.598389246000064],[-98.72186532299996,21.599016800000072],[-98.7214,21.599038277000027],[-98.72154372299997,21.599501215000032],[-98.72153952299998,21.599557554000057],[-98.72204821499994,21.600109046000053],[-98.72239290799992,21.60028438500007],[-98.72244341499996,21.600327092000043],[-98.72189515399997,21.600536892000033],[-98.72199729199997,21.60102187700005],[-98.72201898499995,21.60146583100004],[-98.72205092299997,21.601507138000045],[-98.72210755399996,21.60152290800005],[-98.7225477539999,21.60179821500003],[-98.72292723099996,21.601648462000075],[-98.72310913799996,21.60209572300005],[-98.72312615399993,21.602189338000073],[-98.72331096899995,21.602366646000064],[-98.72358998499999,21.602362754000072],[-98.72392104599999,21.602861154000042],[-98.72392723099995,21.602935031000072],[-98.72406947699993,21.60393016900003],[-98.72407533799995,21.60398836900004],[-98.72427133799991,21.60429495400007],[-98.72442703099995,21.60453852300003],[-98.72421861499998,21.605249646000058],[-98.72499850799991,21.60572635400007],[-98.72556336899999,21.607695769000035],[-98.72515259999993,21.61181761500007],[-98.72466926199998,21.611844800000032],[-98.72469263099998,21.61423360000003],[-98.72435573799997,21.615498262000077],[-98.724631908,21.616620031000025],[-98.72431501499993,21.617192246000062],[-98.72396733799994,21.618249231000046],[-98.72362592299999,21.618595923000047],[-98.72255927699996,21.620510769000077],[-98.72281049199995,21.620723600000073],[-98.72303770799991,21.621981400000042],[-98.72405092299992,21.622417292000023],[-98.72478875399995,21.62314343100007],[-98.72527496899991,21.623041169000036],[-98.725489585,21.623216292000052],[-98.72656103099995,21.62315064600006],[-98.72851101499997,21.62409373800006],[-98.72875418499994,21.624731569000065],[-98.72987779999998,21.625002277000075],[-98.73054849199995,21.62579363100008],[-98.73222327699995,21.627769662000045],[-98.73273304599995,21.62837110800007],[-98.73854659999992,21.627347077000024],[-98.73175086199996,21.639431538000053],[-98.72051826199998,21.64887258500005],[-98.717198323,21.651499708000078],[-98.71559623099992,21.65310587700003],[-98.70274569199995,21.66387355400008],[-98.69329126199995,21.66640635400006],[-98.68755993799992,21.668757938000056],[-98.68523456899999,21.669724892000026],[-98.68179684599993,21.671049369000063],[-98.67711412299994,21.672853615000065],[-98.66611341499998,21.69953596900007],[-98.66558181499991,21.699182923000027],[-98.66518503099994,21.698555292000034],[-98.6651642,21.697850262000035],[-98.664760662,21.697423185000044]]]}},{"type":"Feature","properties":{"code":"24053","cve_ent":"24","cve_mun":"053","municipio":"Axtla de Terrazas","estado":"San Luis Potosí","region":"Huasteca Potosina","fuente":"Marco Geoestadístico / INEGI (consolidado GeoJSON para el visor)"},"geometry":{"type":"Polygon","coordinates":[[[-98.94887093799996,21.46470576900003],[-98.949783246,21.464389092000026],[-98.95062673799998,21.464071800000056],[-98.95214907699993,21.46358656900003],[-98.95248781499996,21.463509692000056],[-98.95581293799994,21.46349144600003],[-98.95624912299995,21.463952492000033],[-98.95654772299994,21.46439487700007],[-98.95662227699995,21.464782877000054],[-98.956506,21.465178585000043],[-98.95621549199997,21.465442338000052],[-98.95575181499996,21.465739538000026],[-98.95565476899998,21.46602358500007],[-98.95537679999993,21.46623504600006],[-98.95528626199994,21.466398215000023],[-98.95527321499996,21.466778985000076],[-98.95515678499999,21.467075108000078],[-98.95494986199999,21.46743769200003],[-98.95469126199998,21.467600800000067],[-98.95420649199998,21.467727600000043],[-98.95384069199997,21.467871831000025],[-98.95363255399994,21.46807384600003],[-98.953584462,21.46829835400007],[-98.95369241499998,21.468590262000074],[-98.95382441499999,21.468773662000043],[-98.95399244599997,21.468882231000062],[-98.95412792299999,21.46898263100007],[-98.95363249199994,21.469245354000066],[-98.95276738499996,21.470268862000072],[-98.94430270799995,21.47793292300003],[-98.94415629199996,21.47784595400003],[-98.94339309199997,21.47729315400005],[-98.94322261499998,21.47711903100003],[-98.94302860000002,21.47685240000004],[-98.94293266199998,21.476635738000027],[-98.94226610799996,21.475925338000025],[-98.94157212299993,21.475446569000038],[-98.94132321499997,21.475169446000052],[-98.94090756899999,21.474874738000043],[-98.94057878499996,21.474504815000046],[-98.94014119999997,21.473745308000044],[-98.93903298499998,21.472643477000073],[-98.9387181229999,21.472386877000073],[-98.93803215399996,21.47207629200005],[-98.93764767699997,21.47180189200003],[-98.93726649200002,21.47131055400007],[-98.93631170799995,21.47074483100004],[-98.93523772299993,21.46987195400004],[-98.93202258499997,21.467712031000072],[-98.93052453799999,21.466839415000035],[-98.92994438499994,21.46666044600005],[-98.92986733799994,21.46665915400007],[-98.92984987699997,21.466950662000045],[-98.93000900000001,21.46714335400003],[-98.93032892299998,21.467470677000044],[-98.93043290799991,21.468138415000052],[-98.93036539999996,21.469256108000025],[-98.93005535399998,21.469736031000018],[-98.92891178499997,21.470262923000064],[-98.92839347699997,21.47026269200006],[-98.92748655399997,21.47008413800006],[-98.92709789199995,21.469984200000056],[-98.92659255399994,21.46864118500002],[-98.92578201499992,21.467624323000052],[-98.92518535399994,21.467319662000023],[-98.924699031,21.46756098500003],[-98.92434443099995,21.46786136900005],[-98.9238472769999,21.468120999999996],[-98.92374732299996,21.46820861500003],[-98.92309,21.46862093800007],[-98.92246858499998,21.46900101500006],[-98.92150075399995,21.469459200000067],[-98.9208357379999,21.469731708000037],[-98.92082264599998,21.469798215000022],[-98.91996033799995,21.470183862000056],[-98.91893543099995,21.47068775400004],[-98.91794170799994,21.471300569000046],[-98.91774000000001,21.471414354000046],[-98.91696175399994,21.47181178500006],[-98.91500298499993,21.472832892000035],[-98.91280615399994,21.474022138000066],[-98.91519421499999,21.478315800000072],[-98.91218636899998,21.48041378500005],[-98.90864072299995,21.482886785000062],[-98.90585284599996,21.47798112300007],[-98.90172981499995,21.479790908000037],[-98.89989535399994,21.48042761500005],[-98.89695246199994,21.480713538000025],[-98.89646715399991,21.480679200000047],[-98.89594359999994,21.480782092000023],[-98.89535484599996,21.481218785000067],[-98.89516887699992,21.48131821500004],[-98.89486535399996,21.48161973800006],[-98.89468686199997,21.481607492000023],[-98.89424767699995,21.481434631000063],[-98.89404359999997,21.48150032300003],[-98.89337613799992,21.481504369000046],[-98.89254221499996,21.481585262000067],[-98.89207893799991,21.481425999999995],[-98.89174032299994,21.48144493800003],[-98.89137559999993,21.48161581500005],[-98.89054852299994,21.481808508000032],[-98.89013927699992,21.481754],[-98.889909677,21.48182681500003],[-98.88917790799994,21.482240523000023],[-98.88899861499999,21.482287154000062],[-98.88884278499994,21.482292015000034],[-98.88817252299992,21.48226086200003],[-98.88802810799994,21.48231073800002],[-98.88781110799991,21.48245063100006],[-98.88760059999998,21.48277449200003],[-98.88753176899995,21.482836523000056],[-98.88715076899997,21.482804815000062],[-98.88685209199996,21.482692123000046],[-98.88654681499995,21.482609877000066],[-98.88612704599996,21.48235470800006],[-98.88587016899996,21.482271877000066],[-98.88565659999995,21.482245800000037],[-98.88548007699993,21.482275846000046],[-98.88505707699991,21.482599200000028],[-98.88469815399995,21.48271143100003],[-98.88420721499992,21.482594999999996],[-98.88380793799993,21.482590108000064],[-98.88344370799996,21.482591215000063],[-98.88275576899996,21.482407677000023],[-98.88247332299991,21.48238255400002],[-98.88153044599994,21.482693400000066],[-98.88091592299996,21.482605062000058],[-98.88054592299993,21.482692077000017],[-98.88042344599997,21.482693892000036],[-98.88005823099994,21.482560985000074],[-98.87995459999995,21.48253832300002],[-98.87952830799995,21.482503862000037],[-98.87890964599995,21.482222785000026],[-98.87875450799996,21.482181123000032],[-98.87861395399993,21.482133569000034],[-98.87839999999998,21.48200204600004],[-98.87822759999993,21.481805677000068],[-98.87812087699994,21.481734508000038],[-98.87757124599993,21.48158130800004],[-98.87734116899995,21.481438385000043],[-98.87685152299994,21.481077077000066],[-98.8766558,21.480930923000074],[-98.87646384599998,21.48085055400003],[-98.87600501499993,21.480500185000036],[-98.87583426199994,21.48028250800007],[-98.87559490799997,21.480077046000076],[-98.87523329199995,21.479774877000064],[-98.87369776899999,21.480205031000022],[-98.8726210309999,21.480455215000063],[-98.87337172299998,21.481545077000074],[-98.87292478499995,21.481672538000048],[-98.87224312299995,21.481863477000047],[-98.87226193799991,21.482934369000073],[-98.87207430799995,21.483323369000058],[-98.87179564599995,21.48348124600005],[-98.87131307699995,21.483634323000043],[-98.87124804599995,21.484066723000073],[-98.87092012299993,21.484170477000077],[-98.87074858499992,21.484188169000053],[-98.87057995399991,21.484126754000037],[-98.86971416899995,21.485321062000022],[-98.87006961499995,21.485342308000032],[-98.87034098499997,21.485439846000066],[-98.87053061499994,21.48559741500003],[-98.87117978499998,21.48631256900006],[-98.87171958499992,21.486686338000023],[-98.87262787699993,21.48705440000003],[-98.87365839999994,21.487100446000053],[-98.87382413799995,21.487117877000056],[-98.87403355399991,21.48715841500007],[-98.87426056899994,21.487271462000027],[-98.87465395399991,21.48751270800005],[-98.87497636899994,21.487642538000035],[-98.87524689199994,21.487718154000046],[-98.87585241499991,21.487812277000042],[-98.87635587699995,21.48806273800005],[-98.87723210799996,21.48854890800003],[-98.87734476899998,21.488587923000065],[-98.87751730799992,21.488610138000066],[-98.87763292299994,21.488603815000026],[-98.87833315399992,21.488448462000058],[-98.87872669199997,21.488399846000043],[-98.87902039999993,21.48844312300002],[-98.880656446,21.48894546200006],[-98.88084606199999,21.489236999999996],[-98.88111207699993,21.48958333800004],[-98.88071569199995,21.490198985000063],[-98.880157,21.491375892000065],[-98.87994159999992,21.491711369000033],[-98.87819315399994,21.49552572300007],[-98.8778206,21.49691806200008],[-98.87780063099993,21.49724226200004],[-98.87775549199995,21.497634400000035],[-98.87771292299996,21.497820231000045],[-98.87752543099995,21.498199938000024],[-98.87711327699995,21.498784692000065],[-98.87706609199995,21.498897815000074],[-98.87676446199998,21.50018375400003],[-98.87650906199995,21.500848600000037],[-98.87634276899992,21.50109466200007],[-98.87609538499997,21.50128853800004],[-98.87575847699993,21.50164766200004],[-98.87532778499995,21.501920354000053],[-98.87026349199999,21.50506512300007],[-98.86676609199995,21.51072644600003],[-98.86657779999996,21.511472585000032],[-98.85805452299994,21.502191692000054],[-98.85798084599996,21.50176841500008],[-98.85981581499996,21.50019620000006],[-98.85154476899997,21.49905918500008],[-98.84999092299992,21.498983431000056],[-98.84950876899995,21.498783646000046],[-98.84701293799998,21.499333123000042],[-98.84653412299996,21.499424523000073],[-98.84630427699993,21.499431923000028],[-98.84628595399994,21.49928980000004],[-98.84624207699993,21.49904461500006],[-98.84473438499998,21.499651400000065],[-98.84261464599999,21.50020858500005],[-98.84125147699997,21.500475677000054],[-98.83960223099996,21.501408938000054],[-98.83520576899997,21.49664780000006],[-98.83523659999996,21.498744477000052],[-98.82993789199995,21.502153631000052],[-98.82960659999996,21.50246998500006],[-98.82860321499997,21.50101844600005],[-98.82783378499994,21.500161154000068],[-98.826625246,21.49873689200006],[-98.82087404599996,21.49115972300007],[-98.81561789199996,21.48420593800006],[-98.81515024599997,21.48392555400005],[-98.81395490799997,21.484406046000057],[-98.81337164599995,21.484688369000025],[-98.81292883099994,21.48477760000003],[-98.81269264599995,21.484832554000032],[-98.81270689199991,21.485294123000074],[-98.81212000000001,21.486427385000066],[-98.81217981499996,21.487048646000062],[-98.81088909199997,21.487258415000046],[-98.80888015399992,21.48733567700003],[-98.80881126199992,21.487349492000074],[-98.80768270799996,21.48747370800004],[-98.80592206199995,21.48780878500003],[-98.80497813799992,21.487936585000053],[-98.80436275399994,21.488223385000023],[-98.803622062,21.488522846000016],[-98.80289775399993,21.488922231000053],[-98.80286595399996,21.488930446000033],[-98.80221658499994,21.489098292000048],[-98.80149347699995,21.48986749200003],[-98.80086999999999,21.49028130800008],[-98.80001758499998,21.49070706200007],[-98.79908347699995,21.490937338000034],[-98.79749878499997,21.491167169000054],[-98.79617416899998,21.491063677000056],[-98.79476013799996,21.490707477000054],[-98.79375846199997,21.490375677000028],[-98.79289639999995,21.490381277000036],[-98.79259367699996,21.489840785000066],[-98.79415698499999,21.48494007700003],[-98.79501003099992,21.482218185000022],[-98.795234662,21.48156363100003],[-98.797062354,21.478228062000024],[-98.79697821499994,21.475181462000027],[-98.79750773799995,21.473296385000026],[-98.79775316899998,21.47308563100006],[-98.79829593799995,21.470695031000044],[-98.79836895399994,21.469706999999996],[-98.79899792299992,21.46941981500003],[-98.80020938499996,21.469014262000027],[-98.80054143099993,21.468831046000044],[-98.80101746199995,21.46853501500004],[-98.80174623099997,21.467838923000045],[-98.80225309199994,21.46693206200007],[-98.80236359999998,21.46642835400007],[-98.80228835399996,21.46617215400005],[-98.80168112299997,21.465663985000045],[-98.80052063099998,21.46507158500003],[-98.79943627699997,21.464165215000037],[-98.79870549199995,21.463552815000067],[-98.79793036899997,21.463025492000043],[-98.79771764599997,21.46254038500006],[-98.79765798499996,21.461779877000023],[-98.79751438499996,21.461294338000073],[-98.79723395399999,21.460920015000056],[-98.79691309199997,21.460392692000024],[-98.796894523,21.459921615000045],[-98.79705349199997,21.459468800000025],[-98.797330446,21.459272062000025],[-98.79804215399994,21.459161],[-98.79876679999995,21.45900470800007],[-98.79996443099999,21.459125123000035],[-98.80059733799997,21.45903824600003],[-98.80175827699995,21.458406400000055],[-98.80321707699993,21.458465631000024],[-98.80448744599994,21.457757077000053],[-98.80522796899999,21.457113462000052],[-98.80618323099996,21.455826123000065],[-98.80643589199995,21.45504610800003],[-98.80649156899993,21.45474909200004],[-98.80668458499996,21.454538523000053],[-98.80687806199994,21.45369873800007],[-98.80707607699995,21.454034308000075],[-98.80789833799994,21.45323529200004],[-98.80831346199994,21.45257543100007],[-98.81251287699993,21.453320508000044],[-98.81360212299994,21.451692277000056],[-98.81446664599999,21.451652954000053],[-98.81561256899994,21.45127790800007],[-98.81648513799993,21.45056983100005],[-98.81753344599997,21.448010677000067],[-98.81734446199994,21.447780677000026],[-98.81498978499997,21.445815585000044],[-98.81654026199998,21.444606708000034],[-98.81678684599994,21.444397231000035],[-98.816962,21.444286908000034],[-98.81809430799993,21.444566538000057],[-98.81951406199995,21.443645877000044],[-98.82022641499998,21.44316886200005],[-98.82113015399992,21.442824108000025],[-98.82179269199996,21.44254316900003],[-98.82230758499993,21.442384154000024],[-98.82360184599995,21.441974062000046],[-98.82423430799996,21.44170363100005],[-98.82501581499994,21.441335677000037],[-98.82568733799992,21.440720815000073],[-98.82656635399994,21.439411523000047],[-98.82686541499996,21.438101477000032],[-98.82719212299995,21.43725718500008],[-98.82754696899997,21.43634016900006],[-98.82838495399992,21.434676400000058],[-98.82995136899994,21.433373246000027],[-98.83083650799993,21.432716831000043],[-98.83093250799995,21.432174292000067],[-98.83075719999991,21.43155546200007],[-98.83048323099995,21.43108163100004],[-98.83003852299994,21.43056232300006],[-98.82948859999999,21.429883231000076],[-98.82875303099993,21.429482462000063],[-98.82741501499997,21.42914423100006],[-98.82683999999999,21.429041754000025],[-98.82547047699993,21.428908277000062],[-98.82371689199991,21.42860287700005],[-98.82200464599998,21.427876985000072],[-98.82081035399992,21.427377892000035],[-98.81945812299992,21.427391938000024],[-98.81822218499997,21.426588092000028],[-98.81715990799997,21.425163585000057],[-98.81616930799998,21.421324308000067],[-98.81601510799999,21.419406],[-98.81569533799994,21.41699386200003],[-98.81550449199995,21.414949738000075],[-98.81549198499991,21.412118446000026],[-98.81541027699994,21.411580185000048],[-98.81553424599996,21.41009058500003],[-98.81520304599997,21.409888385000045],[-98.81515443099994,21.409602154000027],[-98.81519873799999,21.40915753800004],[-98.81385675399996,21.405425369000056],[-98.81225670799995,21.40112243100003],[-98.81207624599993,21.400158908000037],[-98.80943906199995,21.39683786200004],[-98.80886139999994,21.396269800000027],[-98.80685610799993,21.395454400000066],[-98.80479055399994,21.39573506200003],[-98.80339212299995,21.39648549200007],[-98.8020323379999,21.397602908000067],[-98.80186463099994,21.39837920000002],[-98.80064673799994,21.39947987700003],[-98.80223350799996,21.399929662000034],[-98.80169609199999,21.400779846000027],[-98.80048738499993,21.40135213800005],[-98.79911189199998,21.40140984600003],[-98.798259923,21.40134240000003],[-98.79692659999996,21.401220954000053],[-98.79711756899997,21.399482354000043],[-98.79678813799993,21.399290523000047],[-98.79645839999995,21.39914690800003],[-98.79615079999996,21.399038031000032],[-98.79577946199998,21.398860954000046],[-98.79543238499996,21.39868595400003],[-98.79504026199997,21.398468],[-98.79486759999998,21.398495646000075],[-98.793630292,21.398071708000035],[-98.79318812299991,21.397724],[-98.79288850799995,21.397533985000052],[-98.79259255399994,21.39725630800007],[-98.79233238499994,21.39694373800006],[-98.79196001499997,21.396419600000055],[-98.79174,21.396021692000033],[-98.79146696899996,21.39560753800003],[-98.79127673799995,21.39530467700007],[-98.79115661499998,21.395028662000076],[-98.79111843099997,21.394899754000054],[-98.79092316899992,21.394581000000002],[-98.79088947699995,21.39445381500008],[-98.79084232299991,21.394310908000023],[-98.79076032299996,21.394100985000026],[-98.79069319999996,21.393902385000047],[-98.79066504599999,21.39369389200004],[-98.79050827699996,21.393238108000048],[-98.79044798499994,21.393046523000066],[-98.79047932299993,21.39264049200005],[-98.79049112299997,21.392388108000034],[-98.79051003099991,21.392127200000058],[-98.79050516899997,21.39186763100003],[-98.79038003099997,21.391518231000077],[-98.79019807699994,21.39116143100006],[-98.790127769,21.39097483100005],[-98.79002192299998,21.39071458500007],[-98.78992573799995,21.390499400000067],[-98.78984444599996,21.39029509200003],[-98.78977784599991,21.390091692000055],[-98.78963838499996,21.389865815000068],[-98.78937855399991,21.389502538000038],[-98.78923253799994,21.38929007700005],[-98.78909692299999,21.389096415000036],[-98.78893470799993,21.38890069200005],[-98.78878556899996,21.388694615000077],[-98.78852659999995,21.38846089200006],[-98.78837204599994,21.388271585000037],[-98.78808090799997,21.387885169000075],[-98.78773559999995,21.387102369000043],[-98.78530556899993,21.38560638500007],[-98.78379256899994,21.38452535400006],[-98.78166241499997,21.38350681500003],[-98.78070826199995,21.381626508000064],[-98.78031503099997,21.37921256900006],[-98.78061301499997,21.378929692000042],[-98.78131,21.37843936900003],[-98.78212681499994,21.378820523000055],[-98.78289770799994,21.377921462000078],[-98.78297444599997,21.37868918500004],[-98.78349881499994,21.378872908000066],[-98.78361663099997,21.378845615000046],[-98.784179092,21.378894892000066],[-98.78463396899998,21.378564369000063],[-98.78457007699994,21.378294169000075],[-98.78482878499995,21.37819773800004],[-98.78501029199995,21.378037246000076],[-98.78526513799991,21.377975538000047],[-98.78544010799995,21.378032585000025],[-98.78576619999993,21.378342138000047],[-98.78592869199997,21.37844572300003],[-98.78620158499994,21.378557],[-98.78630067699997,21.37866884600004],[-98.78644447699996,21.37880386200004],[-98.78703850799994,21.37900650800003],[-98.78723621499995,21.379079262000058],[-98.78739019999995,21.379062262000048],[-98.78760007699995,21.37904883100003],[-98.78774170799993,21.378968600000068],[-98.78825884599995,21.378674615000026],[-98.78849030799994,21.378592231000024],[-98.78873479999996,21.37856380000005],[-98.78905116899993,21.37853015400003],[-98.78941784599999,21.37849086200003],[-98.7897,21.37842964600003],[-98.79016638499996,21.378379031000062],[-98.79059216899995,21.37826715400007],[-98.79096223099995,21.37808698500003],[-98.79179309199999,21.37748078500005],[-98.79211578499996,21.37706701500003],[-98.79240472299992,21.376876138000057],[-98.79275996899997,21.376766477000047],[-98.79388590799992,21.37646052300005],[-98.79493095399994,21.37636676900008],[-98.79518393799998,21.376258231000065],[-98.79541756899992,21.37606224600006],[-98.79567407699993,21.375645585000026],[-98.79620716899996,21.37501490800003],[-98.79651872299995,21.37438523100008],[-98.79697004599994,21.373888154000042],[-98.79762090799996,21.37335935400006],[-98.79816163099997,21.372675892000075],[-98.79840236899996,21.371976908000022],[-98.79862481499998,21.371465031000074],[-98.79881604599996,21.370884846000024],[-98.79897427699994,21.370310138000036],[-98.79903732299991,21.36945552300006],[-98.799086677,21.368963415000053],[-98.79925221499995,21.368729123000033],[-98.79948376899996,21.368487400000046],[-98.80009366199995,21.368104077000048],[-98.80032204599995,21.36791330800003],[-98.80050655399994,21.367686692000063],[-98.80049081499997,21.367407031000027],[-98.80013409199995,21.36686187700008],[-98.80013243099992,21.36653418500003],[-98.80028818499991,21.366351462000072],[-98.80050927699993,21.36620552300008],[-98.80111738499994,21.36597141500005],[-98.80203250799994,21.36573147700005],[-98.80252150799997,21.365616769000034],[-98.80282533799999,21.36533229200006],[-98.80320989199998,21.365139969000037],[-98.80361236899995,21.36506435400003],[-98.80387859999993,21.36490835400003],[-98.80397973799994,21.364723031000036],[-98.80412058499996,21.364417969000044],[-98.80419144599996,21.364199354000046],[-98.80423581499996,21.36394435400007],[-98.80437495399995,21.363844892000028],[-98.80467050799996,21.363840831000058],[-98.80484329199999,21.363936569000032],[-98.80505378499998,21.364058692000075],[-98.80549587699991,21.36404953800007],[-98.80558356899995,21.364006785000075],[-98.80562206199994,21.36384544600003],[-98.80573303099997,21.363734262000033],[-98.80590904599995,21.363802785000075],[-98.80606795399994,21.363862862000076],[-98.80642336899997,21.363858123000064],[-98.80664963099997,21.36363583100006],[-98.80698664599998,21.363237231000024],[-98.80713821499992,21.363086062000036],[-98.80754770799996,21.36297944600005],[-98.80772303099995,21.362968538000075],[-98.80878841499995,21.363070246000063],[-98.80915775399994,21.363181231000056],[-98.8095148,21.363268662000056],[-98.80997178499993,21.363219108000067],[-98.81030767699994,21.363179369000026],[-98.81082013799993,21.363015877000066],[-98.811137262,21.362871600000066],[-98.81197679999995,21.36249416900006],[-98.81224492299998,21.362257215000056],[-98.81256449199999,21.362036492000072],[-98.81295778499998,21.36174203100006],[-98.813509077,21.36139653800006],[-98.81355343099995,21.36133684600003],[-98.81361690799997,21.361171923000036],[-98.81372999999999,21.361089369000073],[-98.81381579999997,21.361093323000034],[-98.81401749199996,21.361074169000066],[-98.81424932299996,21.360990415000064],[-98.81451566199998,21.36087390800003],[-98.81478066199998,21.36066976900003],[-98.81490984599999,21.360556277000054],[-98.81515472299998,21.36034318500003],[-98.81520419999997,21.360268369000035],[-98.81525021499998,21.36016606200008],[-98.81527196899998,21.360113785000067],[-98.81536069199996,21.360030692000066],[-98.81551850799995,21.359933431000062],[-98.81557779999996,21.35977015400005],[-98.8156838,21.359642292000043],[-98.81577286199993,21.359532231000056],[-98.81593555399994,21.359463077000044],[-98.81617186199996,21.359403385000064],[-98.81635216899996,21.359374969000047],[-98.81654069199998,21.359366154000046],[-98.81671013799993,21.359394646000055],[-98.81689750799994,21.359455046000054],[-98.81713435399995,21.359628631000078],[-98.81735090799998,21.35978136900008],[-98.81754686199997,21.35982521500006],[-98.81767853799992,21.360104138000054],[-98.81795803099999,21.360652923000032],[-98.81812729199999,21.36098806200005],[-98.81824673799996,21.361230277000057],[-98.81834892299995,21.36137678500006],[-98.81852470799998,21.36153121500007],[-98.81869943099996,21.361631877000033],[-98.81886503099996,21.361752569000032],[-98.81905178499994,21.36187929200003],[-98.81917773799991,21.36200767700006],[-98.81922598499996,21.362126923000062],[-98.81922818499997,21.362270877000068],[-98.81926678499998,21.362498031000026],[-98.81940007699994,21.362744092000067],[-98.81953421499996,21.362937308000028],[-98.81972,21.363172800000026],[-98.81986655399997,21.363298200000028],[-98.82003875399991,21.363364354000055],[-98.82018143099997,21.363363200000034],[-98.82035356899995,21.36330315400005],[-98.82048938499996,21.36324720000004],[-98.82063507699993,21.363267969000052],[-98.82071809199991,21.36336340000003],[-98.82075603099995,21.363489815000033],[-98.82083196899997,21.363638385000055],[-98.82092909199997,21.36374806200007],[-98.82141098499994,21.364132338000044],[-98.82211783099993,21.364627369000058],[-98.82231943099997,21.364725431000068],[-98.82253839999996,21.36482],[-98.82268484599996,21.364931062000043],[-98.82275033799993,21.365008938000074],[-98.82286184599994,21.365050262000068],[-98.82298089199995,21.36519207700007],[-98.82304392299993,21.36533663100004],[-98.82321813799994,21.365421323000074],[-98.82339741499995,21.365560754000054],[-98.82357863099995,21.36571786200005],[-98.82372921499996,21.365855077000045],[-98.82400124599995,21.36603509200006],[-98.82426666199996,21.366211862000057],[-98.82442270799997,21.36634187700002],[-98.82451084599995,21.36651632300004],[-98.82458081499996,21.366690246000076],[-98.82464644599997,21.36691621500006],[-98.82466878499997,21.367009],[-98.82480389199996,21.367165877000048],[-98.82497407699996,21.367332292000068],[-98.82504943099995,21.36762880000003],[-98.82519606199996,21.36790458500008],[-98.82531778499997,21.368059323000068],[-98.82559401499996,21.368286231000067],[-98.82587861499992,21.36858463100003],[-98.82598893799992,21.36875004600006],[-98.82613286199992,21.36910756900005],[-98.8265420769999,21.37013861500003],[-98.82677758499992,21.370509108000075],[-98.82731526199996,21.37097232300005],[-98.82759706199994,21.371031569000028],[-98.82780683099995,21.371203400000073],[-98.82798279999996,21.37159489200008],[-98.82799023099992,21.37179121500003],[-98.82814661499997,21.371884338000037],[-98.82884524599993,21.372481508000078],[-98.82895810799991,21.37274967700005],[-98.82926290799996,21.373309892000066],[-98.82922670799995,21.37333469200007],[-98.82960347699998,21.373983138000032],[-98.83030903099994,21.37499598500006],[-98.83054836899997,21.37712693800006],[-98.83080003099994,21.378109277000075],[-98.83077398499995,21.378397246000077],[-98.83244298499993,21.380343185000072],[-98.83248627699996,21.38037315400004],[-98.83289087699993,21.380477523000025],[-98.83423989199997,21.381702662000066],[-98.8351732149999,21.38192744600008],[-98.83638278499994,21.381188954000038],[-98.83749219999997,21.380083015000025],[-98.8383680919999,21.379694277000052],[-98.83886813799992,21.379518046000044],[-98.84106969199998,21.37909355400006],[-98.84244475399997,21.379172892000042],[-98.84398318499994,21.378415754000063],[-98.84484018499995,21.37771090800004],[-98.8455311229999,21.377133354000026],[-98.84634496899997,21.376450369000057],[-98.84659712299997,21.376234538000062],[-98.84782761499997,21.37524283100003],[-98.84838296899993,21.375416323000024],[-98.86719395399994,21.36841723100002],[-98.86743538499995,21.368314492000025],[-98.86773290799991,21.36791061500003],[-98.86816823099994,21.367273385000033],[-98.86863832299993,21.366283246000023],[-98.86920666199997,21.365121338000048],[-98.86932430799999,21.36464555400005],[-98.86944947699999,21.36410680000006],[-98.86940232299995,21.363704846000076],[-98.86927858499995,21.363234969000075],[-98.86897673799994,21.362835708000034],[-98.86834158499992,21.362551999999997],[-98.86800324599994,21.362494092000077],[-98.86746001499995,21.36237876900003],[-98.86696910799998,21.36239298500004],[-98.86629910799995,21.362530538000037],[-98.86592856899995,21.36261340000004],[-98.86564461499995,21.362734815000064],[-98.86517039999994,21.36282987700002],[-98.86492223099998,21.362829677000033],[-98.86474,21.362741185000058],[-98.86458676899997,21.362525123000065],[-98.86445086199996,21.362139031000023],[-98.86441446199997,21.361634892000037],[-98.86459464599994,21.361191800000032],[-98.86481726199997,21.36077149200003],[-98.86487704599993,21.360288492000056],[-98.86495563099999,21.359631877000027],[-98.86494472299995,21.359045123000048],[-98.86492329199999,21.358614569000054],[-98.86481556899997,21.358114015000073],[-98.86472083099993,21.357820508000035],[-98.86459179999997,21.35747983100003],[-98.86443827699995,21.35715823100003],[-98.86428066199996,21.356937846000047],[-98.86421489199996,21.356692077000044],[-98.86402643099996,21.35645233800005],[-98.86378513799994,21.356066800000065],[-98.86352759999994,21.35555416900008],[-98.86335349199999,21.354911708000035],[-98.86315990799993,21.35444390800006],[-98.86287453799994,21.353392123000052],[-98.86274819999991,21.35202869200003],[-98.86257752299993,21.350983231000043],[-98.86250401499994,21.349237831000035],[-98.86243673799994,21.34856721500006],[-98.86239258499994,21.347715108000045],[-98.86241084599999,21.347216338000067],[-98.86243323099994,21.34708507700003],[-98.86252155399993,21.34697184600003],[-98.86258101499998,21.346970369000083],[-98.86286673799997,21.345965200000027],[-98.86297293799996,21.345764262000046],[-98.86319007699994,21.345550815000024],[-98.86318283099993,21.345498754000058],[-98.86349898499998,21.344835985000035],[-98.86352390800002,21.344794231000034],[-98.86357018499996,21.34453153800007],[-98.86312975399994,21.343733462000046],[-98.86311236899995,21.34370692300007],[-98.86282418499995,21.34324287700002],[-98.86271718499991,21.342824954000037],[-98.86268607699996,21.342736831000018],[-98.86249783099996,21.342318338000037],[-98.86247533799992,21.34219856900006],[-98.86242335399997,21.341852015000036],[-98.86243706199996,21.341615769000043],[-98.86260844599995,21.341109662000065],[-98.86288333799993,21.340596708000078],[-98.86300387699997,21.340345015000025],[-98.86363,21.339809431000052],[-98.86397024599995,21.339641908000033],[-98.86495000000001,21.338952292000045],[-98.86575924599998,21.338725215000068],[-98.86657450799997,21.33846038500008],[-98.86706744599996,21.338121985000043],[-98.86736163099992,21.337707800000032],[-98.86750916899994,21.33748493800005],[-98.867644908,21.337213908000027],[-98.86766384599999,21.337001754000035],[-98.86766943099998,21.336762338000028],[-98.86772404599999,21.336576785000034],[-98.86773469199994,21.336405738000057],[-98.86765498499996,21.336024415000058],[-98.8680604,21.33615135400004],[-98.86911123099996,21.336165231000056],[-98.86988681499994,21.336454908000068],[-98.87030432299994,21.336595262000063],[-98.87232763099993,21.33758244600006],[-98.87497227699996,21.339376938000044],[-98.87557703099995,21.341641908000042],[-98.87563639999993,21.341986015000035],[-98.87682843099996,21.342697785000038],[-98.87992755399993,21.342492923000066],[-98.883729169,21.343814262000027],[-98.88467986199998,21.344080554000072],[-98.88583089199992,21.344464077000055],[-98.88688826199994,21.34478821500005],[-98.88767935399993,21.34504484600006],[-98.88960566199997,21.345689892000046],[-98.89048738499996,21.34582740000008],[-98.89231384599998,21.346372062000054],[-98.89357867699991,21.347184431000077],[-98.89527353799996,21.348494692000028],[-98.89654869199994,21.348941031000034],[-98.89714213799996,21.349139585000042],[-98.89871813799998,21.34977558500003],[-98.89982078499997,21.35002121500003],[-98.90175986199996,21.350719662000074],[-98.90248359999998,21.350987292000074],[-98.90313833799993,21.35136978500003],[-98.90552303099997,21.353036538000026],[-98.90567443099995,21.35333281500004],[-98.90642323099996,21.355472600000034],[-98.90735161499998,21.356561154000083],[-98.90849916899998,21.358101908000034],[-98.90910730799999,21.35902280000004],[-98.91009733799994,21.360810985000057],[-98.91029763100002,21.36134024600005],[-98.91052926199997,21.362029077000038],[-98.91074793799997,21.362772077000038],[-98.91090895399998,21.36324598500005],[-98.91116281499995,21.363821138000045],[-98.91120661499998,21.363890338000033],[-98.91178576899996,21.364289815000063],[-98.91232164599997,21.364533538000043],[-98.91286035399996,21.364961415000046],[-98.91436923099997,21.36722787700006],[-98.91460212299995,21.368118138000057],[-98.91489392299997,21.368980800000028],[-98.91532661499997,21.36963189200003],[-98.91554155399993,21.36993978500004],[-98.91615226199998,21.370437431000028],[-98.91676019999994,21.370819138000062],[-98.91955352299999,21.37501441500007],[-98.91962598500001,21.37511875400003],[-98.91968273799995,21.37557576900003],[-98.920601262,21.376587908000033],[-98.92097758499993,21.377065000000005],[-98.92469913799992,21.382423554000063],[-98.92433955399996,21.383269123000044],[-98.92498670799995,21.383989123000053],[-98.92501249199992,21.383976800000028],[-98.92502761499996,21.384034646000032],[-98.92581330799996,21.38431320000006],[-98.92890078499994,21.386500462000075],[-98.92962823099998,21.38788369200006],[-98.93214723099996,21.39917020000007],[-98.93217419999995,21.400051938000047],[-98.93238326199997,21.401103215000028],[-98.932669585,21.402213354000022],[-98.93280321499995,21.403190954000024],[-98.9330071379999,21.40535963100006],[-98.93310086199995,21.40562486200002],[-98.93390423099999,21.407515538000037],[-98.93399132299997,21.407758708000078],[-98.93435855399996,21.408408138000027],[-98.93472673799994,21.40943189200004],[-98.93493444599996,21.40998787700005],[-98.93545079999994,21.411687108000027],[-98.93578481499995,21.41278623100003],[-98.93597083099993,21.41391255400003],[-98.93621878499994,21.414364785000036],[-98.93582479999999,21.41495816900005],[-98.93562235399996,21.415288492000062],[-98.935613892,21.415504369000075],[-98.93548261499994,21.41568496900004],[-98.93548603099997,21.415986908000036],[-98.93540135399994,21.41638443100004],[-98.93541,21.416694662000054],[-98.93591363099996,21.418489585000028],[-98.93611876899995,21.41889541500007],[-98.93618615399996,21.41923930800004],[-98.93670612299994,21.42113067700006],[-98.93763972299996,21.422083631000074],[-98.93781047699997,21.422439815000068],[-98.93856439999995,21.42318644600004],[-98.94147493799994,21.42735296900003],[-98.94199781499998,21.428194769000076],[-98.94224586199994,21.42851107700005],[-98.942669477,21.42917310800004],[-98.94339947699996,21.429637015000022],[-98.94394621499998,21.431293831000062],[-98.94304473799997,21.431843508000043],[-98.94217678499997,21.432604169000058],[-98.941362246,21.43286490800006],[-98.94080773799996,21.433127892000073],[-98.94062861499997,21.43340540000003],[-98.93996000000001,21.433904954000074],[-98.93992641499993,21.434164615000046],[-98.93915289199998,21.434802385000072],[-98.93796983099998,21.43544615400003],[-98.93740932299994,21.435857185000035],[-98.93692881499997,21.43661527700004],[-98.93680535399993,21.436886985000054],[-98.936665169,21.43706889200007],[-98.93649573799995,21.437327169000074],[-98.93619944600002,21.437539446000073],[-98.93536298499998,21.43773492300005],[-98.934696477,21.43795595400008],[-98.93426896899996,21.43820613800005],[-98.93412946200002,21.438555385000033],[-98.934164846,21.438793631000063],[-98.93454561499999,21.439199969000075],[-98.93498432299998,21.439502338000064],[-98.93584819999992,21.439920554000025],[-98.93652487699995,21.440548969000076],[-98.93680927699995,21.440958462000033],[-98.93683866199996,21.441424662000028],[-98.93654009199997,21.44203181500006],[-98.93626752299997,21.442478338000054],[-98.935616446,21.442722462000056],[-98.93529689199994,21.44285970800007],[-98.93521633799996,21.44302472300006],[-98.93528946199997,21.443329508000026],[-98.93540893799994,21.443409246000037],[-98.93561332299998,21.44339270800003],[-98.93597,21.443250400000064],[-98.93643612299994,21.442857400000037],[-98.93708592299997,21.442411462000052],[-98.93765292299997,21.442211369000063],[-98.93819303099995,21.442222169000043],[-98.93870818499992,21.442361385000027],[-98.93908819999996,21.442864015000055],[-98.939285123,21.443286046000026],[-98.93955133799992,21.443804185000033],[-98.93954541499991,21.444064077000064],[-98.93876516899995,21.444904600000033],[-98.93825913799995,21.44526598500005],[-98.93805843099993,21.445673754000037],[-98.93800943099995,21.446353108000036],[-98.93808973799996,21.447364569000058],[-98.93789587699995,21.447928262000065],[-98.93738159999998,21.44853533800005],[-98.93704141499995,21.44912744600003],[-98.93697024599999,21.449772523000032],[-98.93695078499996,21.450625338000066],[-98.937030662,21.451272492000044],[-98.93722670799997,21.451591892000067],[-98.93739749199995,21.451802723000075],[-98.93786056899997,21.451963231000036],[-98.93834832299993,21.452055092000027],[-98.93879638499999,21.452064046000032],[-98.93962810799995,21.45206769200007],[-98.94098192299995,21.451649308000068],[-98.94258366199996,21.451071831000036],[-98.94531969199996,21.449814108000055],[-98.94697373799994,21.448846215000057],[-98.94737161499994,21.448522938000046],[-98.947694723,21.448242708000063],[-98.94797939999994,21.447857646000045],[-98.94813753799995,21.447660662000033],[-98.94852258499996,21.447336185000037],[-98.94897041499995,21.44695981500007],[-98.949257646,21.44673090800006],[-98.94957479999994,21.446571],[-98.95006093799998,21.446411138000027],[-98.95041335399995,21.446324277000024],[-98.95083203099993,21.446342508000036],[-98.95092673799995,21.446359215000026],[-98.95133755399993,21.44664203100006],[-98.95170149199998,21.44700801500005],[-98.95200598499997,21.447425277000033],[-98.95239289199996,21.448011292000043],[-98.95254372299995,21.448231692000032],[-98.95271358499997,21.44838470800005],[-98.95308439999995,21.44863160000005],[-98.95345587699994,21.44884946200005],[-98.95412827699991,21.449235831000063],[-98.95431660000001,21.44941498500003],[-98.95450540000002,21.44967960000002],[-98.95458883099994,21.449924138000032],[-98.95462529199996,21.450393292000054],[-98.95443487699997,21.45072030800003],[-98.95399361499994,21.451082292000024],[-98.95302243099995,21.45141090800007],[-98.95207624599996,21.45186001500003],[-98.95133859999997,21.451944262000037],[-98.95055303099997,21.451974508000035],[-98.95006721499998,21.451971769000075],[-98.94964752299995,21.45193720000003],[-98.949253754,21.451994892000076],[-98.94890267699995,21.452120892000035],[-98.94864255399993,21.452265492000038],[-98.94841823099992,21.452447815000024],[-98.94824598499999,21.45283743100003],[-98.94814606199999,21.45317209200004],[-98.947966292,21.454421569000033],[-98.94808950799995,21.454750692000058],[-98.94823976899995,21.455044523000026],[-98.94895326199999,21.456266569000036],[-98.9490371379999,21.456643877000026],[-98.94886949199997,21.45727087700004],[-98.94839010799994,21.458561369000048],[-98.94816612299995,21.459070523000037],[-98.94724338500001,21.460278585000026],[-98.94690095399994,21.46073084600004],[-98.94670446199997,21.461160631000038],[-98.94660519999996,21.461552923000053],[-98.94660013799995,21.462123446000074],[-98.94697170799995,21.462823985000053],[-98.94755518499996,21.46383343100007],[-98.94751387699996,21.464443831000033],[-98.94758509199993,21.46487923100005],[-98.94776392299997,21.464990262000075],[-98.94811623099997,21.465070677000025],[-98.94866447699997,21.464884031000054],[-98.94887093799996,21.46470576900003]]]}},{"type":"Feature","properties":{"code":"24054","cve_ent":"24","cve_mun":"054","municipio":"Xilitla","estado":"San Luis Potosí","region":"Huasteca Potosina","fuente":"Marco Geoestadístico / INEGI (consolidado GeoJSON para el visor)"},"geometry":{"type":"Polygon","coordinates":[[[-99.00462236899995,21.497273862000043],[-98.9974775379999,21.48788821500005],[-98.99010521499997,21.482489631000067],[-98.98934184599993,21.48265280000003],[-98.98689535399993,21.47904416900008],[-98.98608072299997,21.477324815000028],[-98.98459661499999,21.474192338000023],[-98.98416859999998,21.469036292000048],[-98.98531819999992,21.457167800000036],[-98.98243656899993,21.458005338000078],[-98.98244976899997,21.45812476900005],[-98.98244690799997,21.45825213800003],[-98.98220475399995,21.458345785000063],[-98.981607985,21.458461231000054],[-98.98122000000002,21.458515062000057],[-98.98069250799992,21.458703646000057],[-98.98033824599995,21.45883866200006],[-98.97988778499995,21.45892680000003],[-98.97960138499995,21.459011908000036],[-98.97909575399993,21.45917072300006],[-98.97821629199996,21.459394446000033],[-98.97791896899997,21.459407062000025],[-98.97780456899994,21.459367200000028],[-98.97775215399994,21.459313523000045],[-98.97763789199993,21.459148292000066],[-98.97753333799993,21.459028385000067],[-98.97735110799991,21.458945800000034],[-98.97727659999998,21.458950662000067],[-98.97704149199994,21.45896970800004],[-98.97699438499994,21.45893656900006],[-98.97672126199994,21.45878060000006],[-98.97641121499997,21.458642277000017],[-98.97629487699997,21.458610123000028],[-98.97622306199999,21.458625769000037],[-98.97612436899999,21.458687785000052],[-98.97598136899994,21.458827123000045],[-98.97590124599998,21.459077154000056],[-98.97585619999994,21.459120338000044],[-98.97585084599996,21.459087538000063],[-98.97581244599995,21.458970200000067],[-98.97573779999998,21.45877681500007],[-98.97573950799992,21.458700938000042],[-98.97576444599997,21.45855412300006],[-98.97507226199996,21.458081108000044],[-98.97489786199998,21.457937785000073],[-98.97480759999995,21.457656246000056],[-98.97462623099995,21.45740789200005],[-98.97446000000001,21.45689858500003],[-98.97433692299994,21.45646472300007],[-98.97221607699997,21.454746938000024],[-98.97155653799996,21.45395656900007],[-98.963724169,21.460809923000056],[-98.96272963099995,21.459273969000037],[-98.96261287699996,21.459133662000056],[-98.96226476899996,21.45876383100005],[-98.962153646,21.458692092000028],[-98.96190530799998,21.458534615000076],[-98.96164538499995,21.45825353800006],[-98.96144000000001,21.45804718500005],[-98.96122787699993,21.45783681500006],[-98.96011093799996,21.456697077000054],[-98.95991621499995,21.45644076900004],[-98.95744843099996,21.453410662000067],[-98.95191484599997,21.45959018500002],[-98.95070121499997,21.461139185000032],[-98.94938129199994,21.463782277000057],[-98.94904536899998,21.464386862000023],[-98.94887093799996,21.46470576900003],[-98.94866447699997,21.464884031000054],[-98.94811623099997,21.465070677000025],[-98.94776392299997,21.464990262000075],[-98.94758509199993,21.46487923100005],[-98.94751387699996,21.464443831000033],[-98.94755518499996,21.46383343100007],[-98.94697170799995,21.462823985000053],[-98.94660013799995,21.462123446000074],[-98.94660519999996,21.461552923000053],[-98.94670446199997,21.461160631000038],[-98.94690095399994,21.46073084600004],[-98.94724338500001,21.460278585000026],[-98.94816612299995,21.459070523000037],[-98.94839010799994,21.458561369000048],[-98.94886949199997,21.45727087700004],[-98.9490371379999,21.456643877000026],[-98.94895326199999,21.456266569000036],[-98.94823976899995,21.455044523000026],[-98.94808950799995,21.454750692000058],[-98.947966292,21.454421569000033],[-98.94814606199999,21.45317209200004],[-98.94824598499999,21.45283743100003],[-98.94841823099992,21.452447815000024],[-98.94864255399993,21.452265492000038],[-98.94890267699995,21.452120892000035],[-98.949253754,21.451994892000076],[-98.94964752299995,21.45193720000003],[-98.95006721499998,21.451971769000075],[-98.95055303099997,21.451974508000035],[-98.95133859999997,21.451944262000037],[-98.95207624599996,21.45186001500003],[-98.95302243099995,21.45141090800007],[-98.95399361499994,21.451082292000024],[-98.95443487699997,21.45072030800003],[-98.95462529199996,21.450393292000054],[-98.95458883099994,21.449924138000032],[-98.95450540000002,21.44967960000002],[-98.95431660000001,21.44941498500003],[-98.95412827699991,21.449235831000063],[-98.95345587699994,21.44884946200005],[-98.95308439999995,21.44863160000005],[-98.95271358499997,21.44838470800005],[-98.95254372299995,21.448231692000032],[-98.95239289199996,21.448011292000043],[-98.95200598499997,21.447425277000033],[-98.95170149199998,21.44700801500005],[-98.95133755399993,21.44664203100006],[-98.95092673799995,21.446359215000026],[-98.95083203099993,21.446342508000036],[-98.95041335399995,21.446324277000024],[-98.95006093799998,21.446411138000027],[-98.94957479999994,21.446571],[-98.949257646,21.44673090800006],[-98.94897041499995,21.44695981500007],[-98.94852258499996,21.447336185000037],[-98.94813753799995,21.447660662000033],[-98.94797939999994,21.447857646000045],[-98.947694723,21.448242708000063],[-98.94737161499994,21.448522938000046],[-98.94697373799994,21.448846215000057],[-98.94531969199996,21.449814108000055],[-98.94258366199996,21.451071831000036],[-98.94098192299995,21.451649308000068],[-98.93962810799995,21.45206769200007],[-98.93879638499999,21.452064046000032],[-98.93834832299993,21.452055092000027],[-98.93786056899997,21.451963231000036],[-98.93739749199995,21.451802723000075],[-98.93722670799997,21.451591892000067],[-98.937030662,21.451272492000044],[-98.93695078499996,21.450625338000066],[-98.93697024599999,21.449772523000032],[-98.93704141499995,21.44912744600003],[-98.93738159999998,21.44853533800005],[-98.93789587699995,21.447928262000065],[-98.93808973799996,21.447364569000058],[-98.93800943099995,21.446353108000036],[-98.93805843099993,21.445673754000037],[-98.93825913799995,21.44526598500005],[-98.93876516899995,21.444904600000033],[-98.93954541499991,21.444064077000064],[-98.93955133799992,21.443804185000033],[-98.939285123,21.443286046000026],[-98.93908819999996,21.442864015000055],[-98.93870818499992,21.442361385000027],[-98.93819303099995,21.442222169000043],[-98.93765292299997,21.442211369000063],[-98.93708592299997,21.442411462000052],[-98.93643612299994,21.442857400000037],[-98.93597,21.443250400000064],[-98.93561332299998,21.44339270800003],[-98.93540893799994,21.443409246000037],[-98.93528946199997,21.443329508000026],[-98.93521633799996,21.44302472300006],[-98.93529689199994,21.44285970800007],[-98.935616446,21.442722462000056],[-98.93626752299997,21.442478338000054],[-98.93654009199997,21.44203181500006],[-98.93683866199996,21.441424662000028],[-98.93680927699995,21.440958462000033],[-98.93652487699995,21.440548969000076],[-98.93584819999992,21.439920554000025],[-98.93498432299998,21.439502338000064],[-98.93454561499999,21.439199969000075],[-98.934164846,21.438793631000063],[-98.93412946200002,21.438555385000033],[-98.93426896899996,21.43820613800005],[-98.934696477,21.43795595400008],[-98.93536298499998,21.43773492300005],[-98.93619944600002,21.437539446000073],[-98.93649573799995,21.437327169000074],[-98.936665169,21.43706889200007],[-98.93680535399993,21.436886985000054],[-98.93692881499997,21.43661527700004],[-98.93740932299994,21.435857185000035],[-98.93796983099998,21.43544615400003],[-98.93915289199998,21.434802385000072],[-98.93992641499993,21.434164615000046],[-98.93996000000001,21.433904954000074],[-98.94062861499997,21.43340540000003],[-98.94080773799996,21.433127892000073],[-98.941362246,21.43286490800006],[-98.94217678499997,21.432604169000058],[-98.94304473799997,21.431843508000043],[-98.94394621499998,21.431293831000062],[-98.94339947699996,21.429637015000022],[-98.942669477,21.42917310800004],[-98.94224586199994,21.42851107700005],[-98.94199781499998,21.428194769000076],[-98.94147493799994,21.42735296900003],[-98.93856439999995,21.42318644600004],[-98.93781047699997,21.422439815000068],[-98.93763972299996,21.422083631000074],[-98.93670612299994,21.42113067700006],[-98.93618615399996,21.41923930800004],[-98.93611876899995,21.41889541500007],[-98.93591363099996,21.418489585000028],[-98.93541,21.416694662000054],[-98.93540135399994,21.41638443100004],[-98.93548603099997,21.415986908000036],[-98.93548261499994,21.41568496900004],[-98.935613892,21.415504369000075],[-98.93562235399996,21.415288492000062],[-98.93582479999999,21.41495816900005],[-98.93621878499994,21.414364785000036],[-98.93597083099993,21.41391255400003],[-98.93578481499995,21.41278623100003],[-98.93545079999994,21.411687108000027],[-98.93493444599996,21.40998787700005],[-98.93472673799994,21.40943189200004],[-98.93435855399996,21.408408138000027],[-98.93399132299997,21.407758708000078],[-98.93390423099999,21.407515538000037],[-98.93310086199995,21.40562486200002],[-98.9330071379999,21.40535963100006],[-98.93280321499995,21.403190954000024],[-98.932669585,21.402213354000022],[-98.93238326199997,21.401103215000028],[-98.93217419999995,21.400051938000047],[-98.93214723099996,21.39917020000007],[-98.92962823099998,21.38788369200006],[-98.92890078499994,21.386500462000075],[-98.92581330799996,21.38431320000006],[-98.92502761499996,21.384034646000032],[-98.92501249199992,21.383976800000028],[-98.92498670799995,21.383989123000053],[-98.92433955399996,21.383269123000044],[-98.92469913799992,21.382423554000063],[-98.92097758499993,21.377065000000005],[-98.920601262,21.376587908000033],[-98.91968273799995,21.37557576900003],[-98.91962598500001,21.37511875400003],[-98.91955352299999,21.37501441500007],[-98.91676019999994,21.370819138000062],[-98.91615226199998,21.370437431000028],[-98.91554155399993,21.36993978500004],[-98.91532661499997,21.36963189200003],[-98.91489392299997,21.368980800000028],[-98.91460212299995,21.368118138000057],[-98.91436923099997,21.36722787700006],[-98.91286035399996,21.364961415000046],[-98.91232164599997,21.364533538000043],[-98.91178576899996,21.364289815000063],[-98.91120661499998,21.363890338000033],[-98.91116281499995,21.363821138000045],[-98.91090895399998,21.36324598500005],[-98.91074793799997,21.362772077000038],[-98.91052926199997,21.362029077000038],[-98.91029763100002,21.36134024600005],[-98.91009733799994,21.360810985000057],[-98.90910730799999,21.35902280000004],[-98.90849916899998,21.358101908000034],[-98.90735161499998,21.356561154000083],[-98.90642323099996,21.355472600000034],[-98.90567443099995,21.35333281500004],[-98.90552303099997,21.353036538000026],[-98.90313833799993,21.35136978500003],[-98.90248359999998,21.350987292000074],[-98.90175986199996,21.350719662000074],[-98.89982078499997,21.35002121500003],[-98.89871813799998,21.34977558500003],[-98.89714213799996,21.349139585000042],[-98.89654869199994,21.348941031000034],[-98.89527353799996,21.348494692000028],[-98.89357867699991,21.347184431000077],[-98.89231384599998,21.346372062000054],[-98.89048738499996,21.34582740000008],[-98.88960566199997,21.345689892000046],[-98.88767935399993,21.34504484600006],[-98.88688826199994,21.34478821500005],[-98.88583089199992,21.344464077000055],[-98.88467986199998,21.344080554000072],[-98.883729169,21.343814262000027],[-98.87992755399993,21.342492923000066],[-98.87682843099996,21.342697785000038],[-98.87563639999993,21.341986015000035],[-98.87557703099995,21.341641908000042],[-98.87497227699996,21.339376938000044],[-98.87232763099993,21.33758244600006],[-98.87030432299994,21.336595262000063],[-98.86988681499994,21.336454908000068],[-98.86911123099996,21.336165231000056],[-98.8680604,21.33615135400004],[-98.86765498499996,21.336024415000058],[-98.86724710799996,21.335687662000055],[-98.86682910799998,21.33536203100004],[-98.86667967699998,21.33519836900007],[-98.86653550799996,21.335054046000042],[-98.86643461499993,21.33486130800004],[-98.86638796899996,21.334613538000042],[-98.86643879999995,21.334348262000052],[-98.86653272299996,21.334133308000048],[-98.86672679999995,21.333936292000033],[-98.86701913799999,21.33372356900003],[-98.86738595399997,21.333505015000075],[-98.86864710799993,21.333437031000074],[-98.86958970799995,21.333272446000027],[-98.87029892299994,21.332998938000063],[-98.87093590799994,21.33255344600008],[-98.87145627699991,21.332243338000062],[-98.87192909199995,21.331965523000072],[-98.87263729199996,21.331591431000053],[-98.87336543099995,21.331397385000063],[-98.87400012299995,21.33125066200006],[-98.87458236899992,21.33115609200008],[-98.87520735399991,21.331018769000032],[-98.87601687699996,21.33093416900005],[-98.87661572299997,21.33091349200004],[-98.877419708,21.33082343100006],[-98.87825989199993,21.330430462000038],[-98.87890093799994,21.33028840000003],[-98.87941192299994,21.330325415000065],[-98.87969381499992,21.330581785000053],[-98.87999398499994,21.330775200000065],[-98.88098844599993,21.331888123000066],[-98.88194723099996,21.33271452300005],[-98.88558939999993,21.333558015000055],[-98.88590667699994,21.333646862000023],[-98.88658958499995,21.334045523000047],[-98.88683172299991,21.334376785000078],[-98.88701855399994,21.33484815400005],[-98.88707630799993,21.33519495400003],[-98.88728819999993,21.33560613800006],[-98.88745098499999,21.335876938000073],[-98.88763819999996,21.336136938000035],[-98.88780098499996,21.336234431000033],[-98.8883651849999,21.336311154000047],[-98.88862201499992,21.33631636900003],[-98.88894810799992,21.33623895400007],[-98.88901433799997,21.336144215000047],[-98.88927593799995,21.33583496900008],[-98.88939036899994,21.33546035400008],[-98.88959921499996,21.335181938000066],[-98.88984778499996,21.334913308000072],[-98.89005583099997,21.33473473800007],[-98.89035570799996,21.33466852300007],[-98.89065950799994,21.334710846000064],[-98.89086467699997,21.33474916900008],[-98.89138750799994,21.33470472300008],[-98.89169229199995,21.334725108000043],[-98.89189383099995,21.334782431000065],[-98.892043646,21.33486355400004],[-98.89242875399997,21.334995600000077],[-98.89289156899996,21.33513724600004],[-98.89334673799999,21.335245169000075],[-98.89378319999996,21.335340877000075],[-98.89406990799996,21.335409246000037],[-98.89437250799992,21.335415385000033],[-98.89471055399996,21.335382477000053],[-98.89550346199997,21.335225477000048],[-98.89681967699994,21.33483704600008],[-98.89779198499996,21.334545538000043],[-98.90015290799994,21.33526972300007],[-98.90052052299995,21.33557596900005],[-98.90091793799995,21.335921215000045],[-98.90131598499995,21.336019277000045],[-98.90178921499992,21.33587658500005],[-98.90250541499995,21.335240831000075],[-98.90344206199995,21.33440749200003],[-98.90420115399995,21.33425240000003],[-98.90485516899997,21.334265631000054],[-98.90500746199997,21.33443280000006],[-98.90517504599995,21.334507662000078],[-98.90555570799995,21.33438269200008],[-98.90590670799996,21.334389785000045],[-98.90627059999997,21.33456146200007],[-98.90646287699994,21.33492527700003],[-98.90653533799996,21.335228],[-98.90656833799991,21.335534492000026],[-98.90630304599996,21.33585427700007],[-98.90585083099994,21.336061892000036],[-98.90490641499996,21.33628021500004],[-98.90445013799996,21.336305800000048],[-98.90411333799995,21.336594923000067],[-98.90378535399994,21.337106138000024],[-98.90354587699993,21.33764330800005],[-98.90353861499993,21.337958385000043],[-98.90360232299996,21.33822492300004],[-98.90387904599999,21.33851227700006],[-98.90416339999999,21.33851803100003],[-98.90462113799998,21.338406277000043],[-98.904839569,21.338129938000066],[-98.90500892299995,21.337963938000033],[-98.90538021499997,21.33778750800008],[-98.90561286199994,21.337792215000036],[-98.90594666199996,21.337895769000067],[-98.906159292,21.338045692000037],[-98.90636475399998,21.338250815000038],[-98.90662701499997,21.338568262000027],[-98.90683527699994,21.33885041500003],[-98.90699067699995,21.339045969000043],[-98.90716801499997,21.339430092000043],[-98.90716266199998,21.339662354000037],[-98.90716947699998,21.33988369200006],[-98.90718539999995,21.34005503100008],[-98.90728079999997,21.34017656900005],[-98.90747709199995,21.340449723000063],[-98.907535662,21.340621769000055],[-98.90761518499995,21.340752123000073],[-98.90811547699995,21.341433046000077],[-98.90830906199994,21.34160501500003],[-98.90857910799996,21.341770123000064],[-98.90920339999997,21.342219815000075],[-98.90959829199994,21.342465308000044],[-98.90983881499992,21.34252584600005],[-98.910185169,21.342640446000072],[-98.91035470799994,21.342722077000072],[-98.91059539999998,21.342766277000063],[-98.91087204599995,21.34277186200006],[-98.91112527699995,21.342727785000022],[-98.91127841499997,21.34261941500005],[-98.91137739999998,21.34242798500003],[-98.91144424599999,21.34211132300004],[-98.91142141499996,21.341884646000043],[-98.91118239999997,21.34122958500006],[-98.91096683099994,21.34070709200006],[-98.91063013799999,21.34016947700007],[-98.91035012299993,21.339878000000006],[-98.91004555399995,21.339390785000035],[-98.90988826199998,21.33904752300003],[-98.90992803099992,21.338754600000076],[-98.91003336899996,21.338483631000027],[-98.91055883099993,21.33784595400005],[-98.91086126199997,21.337597169000052],[-98.91143286199997,21.337485800000024],[-98.91188212299993,21.337408385000064],[-98.91226503099995,21.33724849200007],[-98.91301409199998,21.33696947700003],[-98.91353238499994,21.336666846000067],[-98.91414216899994,21.33633476900008],[-98.91426806199998,21.33605553800004],[-98.91449444600002,21.335531908000064],[-98.91561073799994,21.33455206200006],[-98.91715923099999,21.334451538000057],[-98.91865023099997,21.33461783100006],[-98.92070418499995,21.334786354000077],[-98.92181000000001,21.33477963100006],[-98.92221703099993,21.334770015000064],[-98.92262193799995,21.334402615000045],[-98.92310698499995,21.33386675400005],[-98.92318713799992,21.33321186200004],[-98.92335329199994,21.33291683100003],[-98.92352473799997,21.332855631000037],[-98.92385796899998,21.332922],[-98.92412689199995,21.333011938000027],[-98.92441296899995,21.333281262000074],[-98.92483386199996,21.333747585000026],[-98.92511504599997,21.334054092000034],[-98.92525190799995,21.334209],[-98.92539735399995,21.334312200000056],[-98.92590595399996,21.334476677000055],[-98.92620655399996,21.334556738000064],[-98.926639046,21.334565431000048],[-98.92695529199995,21.33457178500004],[-98.92738009199995,21.334510631000057],[-98.92773533799995,21.334439385000053],[-98.9280487079999,21.334356077000052],[-98.92886096899997,21.33414013800007],[-98.92964,21.333813354000036],[-98.93016915399994,21.333727877000054],[-98.93057436899994,21.333801400000034],[-98.93098418499994,21.334032708000056],[-98.93141170799998,21.334584492000037],[-98.93194473799996,21.335094985000072],[-98.93212219999998,21.33518858500003],[-98.93242312299998,21.335212631000044],[-98.93251175399995,21.335175754000037],[-98.93284158499995,21.334879985000047],[-98.93297826199995,21.334553908000036],[-98.93328086199995,21.333496985000068],[-98.93348309199996,21.332796400000063],[-98.93366723099997,21.332207308000022],[-98.93378733799992,21.331698769000077],[-98.93387881499993,21.331221185000064],[-98.93388836899999,21.33080246200007],[-98.93367126199996,21.33011452300008],[-98.93275295399994,21.327405877000047],[-98.93207583099993,21.324298969000044],[-98.93261644599995,21.324392923000065],[-98.93291215399994,21.32386027700005],[-98.93353347699997,21.323662769000066],[-98.93447196899997,21.324008523000035],[-98.93524579999996,21.324397846000068],[-98.93573889199992,21.324677846000043],[-98.93600629199995,21.324913646000027],[-98.93633775399994,21.325015862000043],[-98.93680023099995,21.324711800000042],[-98.93672383099994,21.323377062000077],[-98.93707998499998,21.32299970800005],[-98.93758426199999,21.322839985000027],[-98.93854047699993,21.322864092000035],[-98.93980215399993,21.322746923000064],[-98.94048410799995,21.322710415000074],[-98.94071756899994,21.322584815000027],[-98.94105859999996,21.322206369000067],[-98.94122118499997,21.321960785000048],[-98.94115669199995,21.321660708000028],[-98.940893062,21.32150707700003],[-98.94050886199993,21.32143013800004],[-98.93930763099995,21.32160353800003],[-98.93795018499996,21.321615092000062],[-98.93687449199994,21.321739446000034],[-98.93615984599995,21.321968169000066],[-98.935716631,21.321997308000054],[-98.9353,21.321807215000035],[-98.93494127699995,21.320735323000065],[-98.93456907700002,21.320234938000056],[-98.93460176899998,21.320016338000073],[-98.93503032299996,21.319680138000027],[-98.93584595399993,21.31972126200003],[-98.93731298499996,21.320029338000037],[-98.93779269199996,21.320170046000044],[-98.93817635399994,21.320157031000065],[-98.93855927699995,21.320085169000038],[-98.93896410799992,21.319139754000048],[-98.93927358499997,21.318721785000037],[-98.93968198499994,21.31831215400007],[-98.94021496899998,21.31811667700003],[-98.94060893799997,21.318049554000027],[-98.94146012299996,21.318132785000046],[-98.94196009199999,21.318107708000074],[-98.94227095399998,21.318024492000067],[-98.94244403099998,21.31773533800003],[-98.94194003099994,21.31646820000003],[-98.94216401499995,21.31595067700005],[-98.94241643099997,21.315681246000054],[-98.94318915399998,21.315191185000064],[-98.94376696899997,21.31479312300008],[-98.94405606199996,21.31439747700006],[-98.94416343099995,21.31390812300004],[-98.94409550799998,21.312682908000056],[-98.94412906199997,21.311926446000033],[-98.94477958500002,21.31139470800003],[-98.94496075399996,21.31133658500005],[-98.94529095399997,21.311173800000066],[-98.94558941499997,21.311076385000035],[-98.945683585,21.31105633800007],[-98.94584778499994,21.310999785000035],[-98.94613983099998,21.310940815000034],[-98.94644249199996,21.310838754000034],[-98.946745062,21.31082440000006],[-98.94699655399995,21.310780985000065],[-98.94726233799997,21.31070726200005],[-98.94765256899997,21.31054933800004],[-98.94785290799994,21.310479415000035],[-98.94813618499995,21.310412738000025],[-98.94827609199997,21.310367092000035],[-98.94839159999998,21.310315862000042],[-98.94851036899996,21.310241754000064],[-98.948622292,21.31022869200007],[-98.94878915399993,21.31011940000008],[-98.94910901499998,21.310007615000078],[-98.94948390800002,21.30985304600006],[-98.94985310799996,21.309712231000038],[-98.95027773799993,21.309195646000035],[-98.95032004599994,21.309135600000047],[-98.95047610799995,21.308932785000025],[-98.95067141499999,21.308747615000073],[-98.95086387699995,21.30868730800006],[-98.95120066199998,21.308642585000023],[-98.95140529199995,21.308642585000023],[-98.95187327699993,21.30874158500006],[-98.95245107699994,21.308797923000043],[-98.95278081499995,21.308849338000073],[-98.95307349199999,21.308806400000037],[-98.95316807699997,21.308773],[-98.95331172299994,21.308613862000072],[-98.95342187699997,21.308428231000047],[-98.95337792299993,21.30819096900007],[-98.95329636899999,21.308016262000024],[-98.95316884599997,21.307819585000058],[-98.95300373799995,21.307654492000044],[-98.952794569,21.307592554000053],[-98.95265873799994,21.307410785000055],[-98.95256347699996,21.30722115400005],[-98.95255252299994,21.30702516900005],[-98.95259663099995,21.306818877000072],[-98.95266850799999,21.30674993800005],[-98.95291073799994,21.306729369000035],[-98.95330709199999,21.306719169000075],[-98.95354932299993,21.306719231000038],[-98.95390843099993,21.306845615000043],[-98.95434530799996,21.306874800000063],[-98.95461758499994,21.306685615000053],[-98.95476576899996,21.306422292000033],[-98.95483773799997,21.30591503100004],[-98.95485987699998,21.30552307700003],[-98.95490401499994,21.305193015000043],[-98.95490413799995,21.304749477000026],[-98.95492627699997,21.30435750800007],[-98.954926415,21.303934600000044],[-98.95506693799996,21.30345373800003],[-98.95511132299997,21.303136723000026],[-98.95527513799996,21.302885615000037],[-98.95545433799997,21.30257129200003],[-98.95563435399997,21.302426815000043],[-98.95585718499993,21.30223963100007],[-98.95610823099996,21.302039954000062],[-98.95651355399997,21.301804046000036],[-98.95670930799996,21.301786277000076],[-98.95687992299996,21.301765554000045],[-98.95701630799992,21.301801492000042],[-98.95715527699997,21.301828615000037],[-98.95731839999995,21.301876385000075],[-98.95774839999994,21.302109600000048],[-98.95809095399993,21.302416400000027],[-98.95843227699994,21.30257044600006],[-98.95877527699994,21.30270733800006],[-98.95941367699999,21.303305754000068],[-98.95966667699997,21.30344070800004],[-98.95990550799995,21.30335878500006],[-98.96012818499997,21.30333547700008],[-98.960374646,21.30324330800005],[-98.96062873799995,21.30314089200004],[-98.96086941500002,21.30297581500003],[-98.96112967699999,21.30272004600004],[-98.96129643099992,21.302550015000065],[-98.96149816899998,21.30247081500005],[-98.96172601499995,21.30238175400007],[-98.96194838499997,21.302372292000026],[-98.96211839999995,21.302386077000044],[-98.962314,21.302414215000056],[-98.96249809199996,21.302459477000067],[-98.96266796899995,21.302565877000063],[-98.96281106199994,21.302710323000042],[-98.96285506199996,21.30286504600003],[-98.96294307699995,21.303081677000026],[-98.96297606199994,21.303308615000045],[-98.96300901499994,21.30359743100007],[-98.96316516899999,21.303923631000032],[-98.96331643099995,21.30410858500005],[-98.96346024599995,21.304298938000045],[-98.96368043099994,21.304381508000066],[-98.96392233799995,21.30450204600003],[-98.9641758,21.304649800000046],[-98.964316985,21.304744308000068],[-98.964632646,21.30500192300008],[-98.96473675399993,21.30527021500006],[-98.96463590800002,21.305681631000027],[-98.96467000000001,21.30595075400004],[-98.96469839999997,21.30627103100005],[-98.96462253799997,21.30665144600005],[-98.96485204599998,21.306915846000038],[-98.96530147699995,21.306940508000025],[-98.96559818499996,21.306742277000065],[-98.96596000000001,21.30659],[-98.966023954,21.306552015000026],[-98.96624153799995,21.306339308000076],[-98.96673884599993,21.306105062000036],[-98.96702923099998,21.305980892000036],[-98.96757604599998,21.305688708000048],[-98.96769469199998,21.305580215000077],[-98.96795903099996,21.30542007700006],[-98.96812259999997,21.30543906200006],[-98.96832510799996,21.305596631000068],[-98.96858476899996,21.305830138000033],[-98.96884147699993,21.306008477000034],[-98.96910581499998,21.306144831000033],[-98.96940727699993,21.306102123000077],[-98.96973267699995,21.305975200000034],[-98.96985472299995,21.30587363100005],[-98.9698418309999,21.30559223100004],[-98.96975,21.305223969000053],[-98.96961147699994,21.304995385000044],[-98.969624723,21.304849338000054],[-98.96967513799994,21.30466529200004],[-98.96982481499998,21.30455406200003],[-98.97003533799992,21.304386862000058],[-98.97027689199996,21.30430347700008],[-98.97062239999995,21.30416606200004],[-98.97103027699994,21.304016338000054],[-98.97158,21.30394867700005],[-98.97297130799991,21.303777],[-98.97319269199994,21.303823600000044],[-98.97340641499993,21.303835831000075],[-98.97370623099991,21.30382573800006],[-98.97418119999996,21.30365350800002],[-98.97483776899996,21.303084846000047],[-98.97473,21.302026231000063],[-98.97461313799994,21.301904231000037],[-98.97463849199994,21.301749185000062],[-98.97470924599997,21.301619585000026],[-98.97476904599996,21.30148712300008],[-98.97502898499994,21.301348],[-98.97540512299994,21.30101389200007],[-98.97560676899995,21.300752462000048],[-98.97571539999994,21.300345769000046],[-98.97540466199996,21.299869169000036],[-98.97509053799993,21.29937407700004],[-98.97474726199991,21.29883096900005],[-98.97464664599993,21.29846860000003],[-98.97455369199999,21.297887585000073],[-98.97455372299997,21.297458769000066],[-98.97482544599997,21.29717561500008],[-98.97504330799994,21.29700360000004],[-98.97544684599994,21.29694747700006],[-98.97564381499994,21.296943354000064],[-98.97583259999999,21.296923046000074],[-98.97599732299992,21.29692655400003],[-98.97609547699993,21.297032415000047],[-98.97629938499996,21.297100569000065],[-98.97646192299999,21.297089969000073],[-98.97707387699992,21.29674893800006],[-98.97738136899993,21.296577585000023],[-98.97745063099994,21.296530231000073],[-98.97765758499997,21.296462185000053],[-98.977855462,21.296418015000032],[-98.97809392299993,21.296470815000077],[-98.97828909199995,21.296546800000037],[-98.97852698499997,21.296573877000068],[-98.97881447699996,21.296821692000037],[-98.97917507699997,21.297001631000057],[-98.97968775399993,21.297167338000065],[-98.97994395399995,21.297180569000034],[-98.98029403099997,21.297219523000024],[-98.98058343099996,21.297247092000077],[-98.98076633799994,21.297374862000026],[-98.980862646,21.29755530800003],[-98.98097098499994,21.29771321500004],[-98.98109135399993,21.297938785000046],[-98.98130067699995,21.29824612300007],[-98.98169138499998,21.29840467700006],[-98.98188427699995,21.298427369000024],[-98.98309936899994,21.298306662000073],[-98.98356981499995,21.298203538000045],[-98.98383007699991,21.298129277000037],[-98.98418298499996,21.29808463100005],[-98.98447679999997,21.29802690800005],[-98.98479153799995,21.29798150800008],[-98.98507526199995,21.29795930800003],[-98.98559189199993,21.297985369000067],[-98.98610635399996,21.297920077000075],[-98.98679410799996,21.297878046000054],[-98.98722135399997,21.29773164600004],[-98.98768601499995,21.29761772300003],[-98.98820783099994,21.297413646000052],[-98.98854349199996,21.297427646000074],[-98.98884961499998,21.29748504600008],[-98.98913124599994,21.29748506200008],[-98.98942512299996,21.297496569000028],[-98.98974349199995,21.297576908000053],[-98.98992772299991,21.297743462000028],[-98.99043249199997,21.297911785000057],[-98.99119687699992,21.29859332300003],[-98.99146452300002,21.29903856900006],[-98.99177164599996,21.29923047700003],[-98.99226252299995,21.299314138000057],[-98.99264659999994,21.299260031000074],[-98.992962462,21.299479062000046],[-98.99335184599994,21.299347062000034],[-98.99382323099996,21.298880446000055],[-98.994126323,21.29867052300005],[-98.99436667699996,21.298535554000065],[-98.99446710799998,21.298289892000067],[-98.99476919999996,21.298124385000044],[-98.99505601499999,21.29803476900003],[-98.99521461499997,21.297917246000054],[-98.99549479999995,21.297821169000034],[-98.99574078499995,21.29773709200003],[-98.99613809199995,21.29769338500006],[-98.99636219999995,21.297678738000055],[-98.99657979999994,21.297651262000045],[-98.99695996900002,21.29763332300007],[-98.997273615,21.29755693800007],[-98.99769500000002,21.297514415000027],[-98.99813278499994,21.29744046200005],[-98.99881758499997,21.297527923000075],[-98.99923473799998,21.297607],[-98.99973929199997,21.29768740000003],[-99.00021713799995,21.29777998500003],[-99.00075213799991,21.297898646000082],[-99.00122000000002,21.29794946200008],[-99.00168752299997,21.297996031000025],[-99.00227936899995,21.297957692000068],[-99.00257321499997,21.297805308000026],[-99.00298590799994,21.297630323000078],[-99.00325555399995,21.297494154000052],[-99.00401609199997,21.297063877000028],[-99.00448181499993,21.296809554000042],[-99.00520289199993,21.296553231000072],[-99.00563039999996,21.296311969000044],[-99.006356585,21.29602663100007],[-99.00683518499993,21.296184862000075],[-99.007096662,21.29621495400005],[-99.00725675399997,21.296209754000074],[-99.00744050799993,21.296138462000044],[-99.007641031,21.29611326200006],[-99.00784016899995,21.296150431000058],[-99.00795516899994,21.295973785000054],[-99.00833999999999,21.29565263100005],[-99.00882844599991,21.295331154000053],[-99.00928683099993,21.295298508000027],[-99.00974107699992,21.295253308000042],[-99.01073949199996,21.295218631000065],[-99.01120298499997,21.295356662000074],[-99.01189623099998,21.295353569000042],[-99.01278450799997,21.295370908000052],[-99.01339,21.29516221500006],[-99.01418010799995,21.29444463100003],[-99.01456769199997,21.293998708000064],[-99.01507587699994,21.293161323000053],[-99.01541256899996,21.292606215000028],[-99.01578518499996,21.29243458500002],[-99.0163370769999,21.292476785000076],[-99.01668506199997,21.29241284600004],[-99.01716693799995,21.292122677000062],[-99.01786504599995,21.29209884600004],[-99.01874079999999,21.29196501500008],[-99.01924533799995,21.29185420000005],[-99.01997507699996,21.291606292000036],[-99.02054049199995,21.291236615000056],[-99.02093758499994,21.290761738000075],[-99.02206041499993,21.29001806200006],[-99.02241956899995,21.289473954000073],[-99.02260219999992,21.28925284600006],[-99.02272112299988,21.288697662000057],[-99.02277229199993,21.28800493800003],[-99.02292741499996,21.287621046000027],[-99.02334196899993,21.287158969000078],[-99.02373609199996,21.287016862000026],[-99.02407393799996,21.286909585000043],[-99.02457033799996,21.286965000000002],[-99.02510533799992,21.28708358500006],[-99.02554289199995,21.287187769000074],[-99.02602189199995,21.287226200000074],[-99.02635067699997,21.286824877000072],[-99.02662995399999,21.286109262000018],[-99.02692618499995,21.28577386200003],[-99.02706964599999,21.285514538000026],[-99.02735,21.28542840000005],[-99.0277955079999,21.285321815000028],[-99.02809938499995,21.28544421500003],[-99.02845652299995,21.285567646000057],[-99.02879710799995,21.285636677000063],[-99.02886649199995,21.28551320000002],[-99.02917972299996,21.28521141500005],[-99.02929458499993,21.28483920000008],[-99.02987450799996,21.28419609200006],[-99.03024492299994,21.28392038500004],[-99.03061107699993,21.28423952300005],[-99.03058050799994,21.284617523000062],[-99.03070943099996,21.284815569000045],[-99.03073444599994,21.285133538000018],[-99.03092413799996,21.28539516900003],[-99.03113364599996,21.285565646000066],[-99.03166381499994,21.285963231000036],[-99.03192158499996,21.285959908000052],[-99.03214556899995,21.28587689200003],[-99.03290463099992,21.285304985000035],[-99.03339921499995,21.28463643100002],[-99.03375787699994,21.284334938000026],[-99.03426203099997,21.284240708000027],[-99.03481000000001,21.284218015000082],[-99.03569486199996,21.283826569000038],[-99.03609086199998,21.28339740000007],[-99.03656910799998,21.282942662000035],[-99.03658216899996,21.282934046000033],[-99.03713266199998,21.28257081500004],[-99.03742161499997,21.28256392300005],[-99.03769024599997,21.28287284600003],[-99.03765970799999,21.28325084600004],[-99.03791655399998,21.283692662000075],[-99.0385376149999,21.283937662000028],[-99.03901803099993,21.284201492000026],[-99.03933032299992,21.28421343100007],[-99.03979855399994,21.28386295400003],[-99.03995907699998,21.283433385000016],[-99.04017623099996,21.28265126200006],[-99.04036673799999,21.282306369000022],[-99.04077333799994,21.282201908000044],[-99.04114290799997,21.281963585000028],[-99.04142083099997,21.281901308000045],[-99.04163850799995,21.281852523000055],[-99.04231304599993,21.281686662000027],[-99.04270910799993,21.281555600000047],[-99.04276052299994,21.281495262000078],[-99.04281921499995,21.281426369000027],[-99.04294624599999,21.281277277000072],[-99.04297050799993,21.28057881500007],[-99.04304892299996,21.280043631000066],[-99.04310758499997,21.279601077000052],[-99.04316570799993,21.279560508000028],[-99.04327003099995,21.279487708000033],[-99.04345338499996,21.279433015000052],[-99.04378201499995,21.27943935400003],[-99.04388881499992,21.279632815000067],[-99.044162154,21.279729615000058],[-99.04464327699998,21.279934923000045],[-99.04518052299993,21.279949462000047],[-99.04562096899998,21.279969277000077],[-99.04582855399995,21.279978615000065],[-99.04609293799996,21.27987555400006],[-99.04628593799998,21.279775708000045],[-99.04641855399994,21.27970709200002],[-99.04667695399995,21.279674646000046],[-99.04678206199996,21.27974324600006],[-99.04695763099994,21.279842323000025],[-99.046962738,21.27988255400004],[-99.04696536899996,21.27990320000003],[-99.04698413799996,21.280050846000048],[-99.046942662,21.28032047700003],[-99.04684081499992,21.28070958500006],[-99.04646955399994,21.28122118500005],[-99.04634586199994,21.281593231000038],[-99.04638361499997,21.28189767700007],[-99.04652513799991,21.282129231000045],[-99.04670176899998,21.282178400000078],[-99.04700512299995,21.28212184600005],[-99.04719030799998,21.281983969000066],[-99.04747466199996,21.28178143100007],[-99.04819626199998,21.28129195400004],[-99.04879006199995,21.28143244600005],[-99.04917613799994,21.281656231000053],[-99.04922630799997,21.281783415000064],[-99.04927506199999,21.28190703100006],[-99.04936132299996,21.28212575400005],[-99.04953592299995,21.28290009200003],[-99.049637492,21.28313086200006],[-99.04984936899994,21.283193200000024],[-99.05002659999995,21.283013569000044],[-99.05016276899991,21.28267918500006],[-99.05032756899998,21.282715677000052],[-99.05065232299994,21.28249312300005],[-99.05089461499993,21.282385462000036],[-99.05118533799997,21.28249923100002],[-99.05184,21.282944569000048],[-99.05234113799993,21.28318786200003],[-99.05285586199992,21.28321858500004],[-99.05309449199996,21.283277277000018],[-99.05355753799994,21.28323209200004],[-99.05371524599995,21.283131123000032],[-99.05395109199996,21.283114862000044],[-99.05420901499997,21.283103200000024],[-99.05452244599996,21.282992723000064],[-99.05465626199997,21.28276647700005],[-99.05513849199994,21.282538477000056],[-99.05519673799994,21.28253896900003],[-99.05552941499995,21.282541831000053],[-99.05581978499998,21.282672231000042],[-99.05672250799994,21.28291052300005],[-99.05705639999995,21.283083354000034],[-99.05729019999995,21.28336244600007],[-99.0574118769999,21.283689292000073],[-99.05729993799997,21.283932600000067],[-99.05732110799993,21.28439890800007],[-99.05742852299991,21.28465020000004],[-99.05791944599999,21.284697800000057],[-99.05819963099998,21.284599969000052],[-99.05828476899995,21.284120354000034],[-99.05842750799994,21.283301954000024],[-99.05903709199997,21.282729754000055],[-99.05949652299991,21.28240686200007],[-99.05967109199996,21.281780492000053],[-99.06001581499997,21.28078629200007],[-99.06046595399992,21.279872385000033],[-99.06095090799994,21.279500200000026],[-99.06142716899994,21.279474],[-99.061811262,21.27975861500005],[-99.06210761499993,21.28014741500004],[-99.06238781499992,21.280366600000033],[-99.06253506199994,21.280651831000053],[-99.06271492299997,21.28089804600006],[-99.06275250799993,21.281139523000032],[-99.07446729199995,21.288273800000066],[-99.07551781499993,21.288847154000052],[-99.07601821499995,21.289367754000065],[-99.07621755399997,21.28974569200005],[-99.07643003099994,21.290580354000042],[-99.07667287699992,21.290634077000046],[-99.07718153799999,21.290884585000075],[-99.07693329199998,21.29137476900008],[-99.07782347699995,21.29175527700005],[-99.07796704599997,21.291586323000047],[-99.07808004599995,21.291686769000027],[-99.07796246199997,21.29266406200003],[-99.07821396899998,21.292803108000044],[-99.07873964599996,21.292193523000034],[-99.07989041499994,21.293011400000072],[-99.08002327699995,21.293317923000075],[-99.07940461499997,21.294497446000037],[-99.07893313799994,21.29521595400007],[-99.08299075399997,21.296346892000024],[-99.08883893799995,21.294740431000033],[-99.09097886199997,21.294739292000024],[-99.09317716899993,21.291741600000023],[-99.10434535399995,21.289597862000047],[-99.10442075399996,21.291243077000043],[-99.10449358499994,21.29283212300004],[-99.10458129199998,21.29474584600007],[-99.10484229199993,21.30044040000007],[-99.10542441499996,21.301470385000076],[-99.10579007699991,21.30204189200003],[-99.10658601499993,21.302456015000075],[-99.10745779999995,21.30284789200004],[-99.10865426199994,21.303339585000057],[-99.10992519999995,21.30387964600004],[-99.11104539999995,21.30441709200005],[-99.11236658499995,21.304958000000006],[-99.11351238499998,21.305472338000072],[-99.11455956899992,21.305890754000075],[-99.11547886199995,21.306424708000065],[-99.11632,21.307098600000074],[-99.11699132299997,21.307463400000078],[-99.11791107699996,21.307973800000074],[-99.11878290799993,21.308365615000074],[-99.12017212299993,21.309284431000037],[-99.12104396899997,21.309676231000026],[-99.12166229199991,21.31018141500005],[-99.12215272299991,21.310802123000034],[-99.12246913799994,21.31132564600006],[-99.12287866199993,21.31222755400006],[-99.12354355399997,21.31292190800008],[-99.12407732299991,21.31389660000008],[-99.12490932299993,21.315041246000078],[-99.12579249199993,21.316139692000036],[-99.12657658499994,21.317165769000052],[-99.12755889199995,21.318336554000037],[-99.12460746199997,21.318484],[-99.12136090799997,21.318448185000026],[-99.11929653799996,21.318581877000042],[-99.11753541499995,21.318433692000042],[-99.113584985,21.318206369000055],[-99.10754535399994,21.31804166200004],[-99.10283959999994,21.317881938000035],[-99.10298601499991,21.31892016900003],[-99.10294884599992,21.321194431000038],[-99.13782958499996,21.32979189200006],[-99.12960515399998,21.361470046000026],[-99.12945552299996,21.362046246000027],[-99.09262075399994,21.363360477000075],[-99.09788304599994,21.377641908000044],[-99.09283919999996,21.381700446000025],[-99.09813023099996,21.40841267700005],[-99.1003975849999,21.40913343100004],[-99.10285464599997,21.40991443100006],[-99.10591543099996,21.411560077000047],[-99.10574807699994,21.413542369000027],[-99.10516230799996,21.420480385000076],[-99.10623084599995,21.42240630800006],[-99.10858915399994,21.42652098500002],[-99.11122981499994,21.431629538000028],[-99.11602132299997,21.441202231000027],[-99.12194119999997,21.45254349200007],[-99.12239661499993,21.45341587700005],[-99.12603004599995,21.46054284600006],[-99.12832543099994,21.467929323000078],[-99.12906516899993,21.471262323000076],[-99.12928123099991,21.485866462000047],[-99.12929473799993,21.486779231000064],[-99.08872847699993,21.488138354000053],[-99.07499375399996,21.48859629200006],[-99.07478953799993,21.488460062000055],[-99.07220113799994,21.48855778500007],[-99.07169309199998,21.487070046000042],[-99.07143672299995,21.486652092000035],[-99.07114106199998,21.486364062000064],[-99.07093919999993,21.485730908000043],[-99.07064635399993,21.485709185000072],[-99.07061326199995,21.486434662000022],[-99.07053495399997,21.487256077000033],[-99.07010598499994,21.48775363100003],[-99.06991226199995,21.488013708000036],[-99.06141130799993,21.48360926200007],[-99.04984773799997,21.481767892000047],[-99.04032807699996,21.485714538000018],[-99.02207592299997,21.495157646000052],[-99.01707559999994,21.49108118500004],[-99.01266398499997,21.49636],[-99.00756879999994,21.502809462000076],[-99.00462236899995,21.497273862000043]]]}},{"type":"Feature","properties":{"code":"24057","cve_ent":"24","cve_mun":"057","municipio":"Matlapa","estado":"San Luis Potosí","region":"Huasteca Potosina","fuente":"Marco Geoestadístico / INEGI (consolidado GeoJSON para el visor)"},"geometry":{"type":"Polygon","coordinates":[[[-98.83244298499993,21.380343185000072],[-98.83077398499995,21.378397246000077],[-98.83080003099994,21.378109277000075],[-98.83054836899997,21.37712693800006],[-98.83030903099994,21.37499598500006],[-98.82960347699998,21.373983138000032],[-98.82922670799995,21.37333469200007],[-98.82926290799996,21.373309892000066],[-98.82895810799991,21.37274967700005],[-98.82884524599993,21.372481508000078],[-98.82814661499997,21.371884338000037],[-98.82799023099992,21.37179121500003],[-98.82798279999996,21.37159489200008],[-98.82780683099995,21.371203400000073],[-98.82759706199994,21.371031569000028],[-98.82731526199996,21.37097232300005],[-98.82677758499992,21.370509108000075],[-98.8265420769999,21.37013861500003],[-98.82613286199992,21.36910756900005],[-98.82598893799992,21.36875004600006],[-98.82587861499992,21.36858463100003],[-98.82559401499996,21.368286231000067],[-98.82531778499997,21.368059323000068],[-98.82519606199996,21.36790458500008],[-98.82504943099995,21.36762880000003],[-98.82497407699996,21.367332292000068],[-98.82480389199996,21.367165877000048],[-98.82466878499997,21.367009],[-98.82464644599997,21.36691621500006],[-98.82458081499996,21.366690246000076],[-98.82451084599995,21.36651632300004],[-98.82442270799997,21.36634187700002],[-98.82426666199996,21.366211862000057],[-98.82400124599995,21.36603509200006],[-98.82372921499996,21.365855077000045],[-98.82357863099995,21.36571786200005],[-98.82339741499995,21.365560754000054],[-98.82321813799994,21.365421323000074],[-98.82304392299993,21.36533663100004],[-98.82298089199995,21.36519207700007],[-98.82286184599994,21.365050262000068],[-98.82275033799993,21.365008938000074],[-98.82268484599996,21.364931062000043],[-98.82253839999996,21.36482],[-98.82231943099997,21.364725431000068],[-98.82211783099993,21.364627369000058],[-98.82141098499994,21.364132338000044],[-98.82092909199997,21.36374806200007],[-98.82083196899997,21.363638385000055],[-98.82075603099995,21.363489815000033],[-98.82071809199991,21.36336340000003],[-98.82063507699993,21.363267969000052],[-98.82048938499996,21.36324720000004],[-98.82035356899995,21.36330315400005],[-98.82018143099997,21.363363200000034],[-98.82003875399991,21.363364354000055],[-98.81986655399997,21.363298200000028],[-98.81972,21.363172800000026],[-98.81953421499996,21.362937308000028],[-98.81940007699994,21.362744092000067],[-98.81926678499998,21.362498031000026],[-98.81922818499997,21.362270877000068],[-98.81922598499996,21.362126923000062],[-98.81917773799991,21.36200767700006],[-98.81905178499994,21.36187929200003],[-98.81886503099996,21.361752569000032],[-98.81869943099996,21.361631877000033],[-98.81852470799998,21.36153121500007],[-98.81834892299995,21.36137678500006],[-98.81824673799996,21.361230277000057],[-98.81812729199999,21.36098806200005],[-98.81795803099999,21.360652923000032],[-98.81767853799992,21.360104138000054],[-98.81754686199997,21.35982521500006],[-98.81735090799998,21.35978136900008],[-98.81713435399995,21.359628631000078],[-98.81689750799994,21.359455046000054],[-98.81671013799993,21.359394646000055],[-98.81654069199998,21.359366154000046],[-98.81635216899996,21.359374969000047],[-98.81617186199996,21.359403385000064],[-98.81593555399994,21.359463077000044],[-98.81577286199993,21.359532231000056],[-98.8156838,21.359642292000043],[-98.81557779999996,21.35977015400005],[-98.81551850799995,21.359933431000062],[-98.81536069199996,21.360030692000066],[-98.81527196899998,21.360113785000067],[-98.81525021499998,21.36016606200008],[-98.81520419999997,21.360268369000035],[-98.81515472299998,21.36034318500003],[-98.81490984599999,21.360556277000054],[-98.81478066199998,21.36066976900003],[-98.81451566199998,21.36087390800003],[-98.81424932299996,21.360990415000064],[-98.81401749199996,21.361074169000066],[-98.81381579999997,21.361093323000034],[-98.81372999999999,21.361089369000073],[-98.81361690799997,21.361171923000036],[-98.81355343099995,21.36133684600003],[-98.813509077,21.36139653800006],[-98.81295778499998,21.36174203100006],[-98.81256449199999,21.362036492000072],[-98.81224492299998,21.362257215000056],[-98.81197679999995,21.36249416900006],[-98.811137262,21.362871600000066],[-98.81082013799993,21.363015877000066],[-98.81030767699994,21.363179369000026],[-98.80997178499993,21.363219108000067],[-98.8095148,21.363268662000056],[-98.80915775399994,21.363181231000056],[-98.80878841499995,21.363070246000063],[-98.80772303099995,21.362968538000075],[-98.80754770799996,21.36297944600005],[-98.80713821499992,21.363086062000036],[-98.80698664599998,21.363237231000024],[-98.80664963099997,21.36363583100006],[-98.80642336899997,21.363858123000064],[-98.80606795399994,21.363862862000076],[-98.80590904599995,21.363802785000075],[-98.80573303099997,21.363734262000033],[-98.80562206199994,21.36384544600003],[-98.80558356899995,21.364006785000075],[-98.80549587699991,21.36404953800007],[-98.80505378499998,21.364058692000075],[-98.80484329199999,21.363936569000032],[-98.80467050799996,21.363840831000058],[-98.80437495399995,21.363844892000028],[-98.80423581499996,21.36394435400007],[-98.80419144599996,21.364199354000046],[-98.80412058499996,21.364417969000044],[-98.80397973799994,21.364723031000036],[-98.80387859999993,21.36490835400003],[-98.80361236899995,21.36506435400003],[-98.80320989199998,21.365139969000037],[-98.80282533799999,21.36533229200006],[-98.80252150799997,21.365616769000034],[-98.80203250799994,21.36573147700005],[-98.80111738499994,21.36597141500005],[-98.80050927699993,21.36620552300008],[-98.80028818499991,21.366351462000072],[-98.80013243099992,21.36653418500003],[-98.80013409199995,21.36686187700008],[-98.80049081499997,21.367407031000027],[-98.80050655399994,21.367686692000063],[-98.80032204599995,21.36791330800003],[-98.80009366199995,21.368104077000048],[-98.79948376899996,21.368487400000046],[-98.79925221499995,21.368729123000033],[-98.799086677,21.368963415000053],[-98.79903732299991,21.36945552300006],[-98.79897427699994,21.370310138000036],[-98.79881604599996,21.370884846000024],[-98.79862481499998,21.371465031000074],[-98.79840236899996,21.371976908000022],[-98.79816163099997,21.372675892000075],[-98.79762090799996,21.37335935400006],[-98.79697004599994,21.373888154000042],[-98.79651872299995,21.37438523100008],[-98.79620716899996,21.37501490800003],[-98.79567407699993,21.375645585000026],[-98.79541756899992,21.37606224600006],[-98.79518393799998,21.376258231000065],[-98.79493095399994,21.37636676900008],[-98.79388590799992,21.37646052300005],[-98.79275996899997,21.376766477000047],[-98.79240472299992,21.376876138000057],[-98.79211578499996,21.37706701500003],[-98.79179309199999,21.37748078500005],[-98.79096223099995,21.37808698500003],[-98.79059216899995,21.37826715400007],[-98.79016638499996,21.378379031000062],[-98.7897,21.37842964600003],[-98.78941784599999,21.37849086200003],[-98.78905116899993,21.37853015400003],[-98.78873479999996,21.37856380000005],[-98.78849030799994,21.378592231000024],[-98.78825884599995,21.378674615000026],[-98.78774170799993,21.378968600000068],[-98.78760007699995,21.37904883100003],[-98.78739019999995,21.379062262000048],[-98.78723621499995,21.379079262000058],[-98.78703850799994,21.37900650800003],[-98.78644447699996,21.37880386200004],[-98.78630067699997,21.37866884600004],[-98.78620158499994,21.378557],[-98.78592869199997,21.37844572300003],[-98.78576619999993,21.378342138000047],[-98.78544010799995,21.378032585000025],[-98.78526513799991,21.377975538000047],[-98.78501029199995,21.378037246000076],[-98.78482878499995,21.37819773800004],[-98.78457007699994,21.378294169000075],[-98.78463396899998,21.378564369000063],[-98.784179092,21.378894892000066],[-98.78361663099997,21.378845615000046],[-98.78349881499994,21.378872908000066],[-98.78297444599997,21.37868918500004],[-98.78289770799994,21.377921462000078],[-98.78212681499994,21.378820523000055],[-98.78131,21.37843936900003],[-98.78061301499997,21.378929692000042],[-98.78031503099997,21.37921256900006],[-98.77982007699993,21.379594708000074],[-98.77937159999995,21.37897392300005],[-98.77816893799994,21.37745849200008],[-98.77686261499996,21.37621667700006],[-98.77467769199994,21.375472938000026],[-98.77231990799996,21.374970554000072],[-98.77083792299997,21.374472877000073],[-98.76958075399993,21.37435953800008],[-98.76836073799993,21.37396284600004],[-98.76661789199994,21.373376523000047],[-98.76575589199996,21.37294596900006],[-98.76498356899997,21.37232276900005],[-98.76451272299991,21.371564431000028],[-98.76417527699992,21.37092816900003],[-98.76374932299994,21.370217031000035],[-98.76337044599995,21.369168585000068],[-98.76357183099996,21.367256369000078],[-98.76415781499996,21.365928800000063],[-98.76438592299995,21.36492284600007],[-98.76443638499995,21.363634154000067],[-98.76424395399994,21.36275813800006],[-98.76467213799997,21.362316046000043],[-98.76641652299996,21.361285508000037],[-98.768503862,21.359327708000023],[-98.769256769,21.35820261500004],[-98.76980607699993,21.357247185000066],[-98.76994484599999,21.35654316900008],[-98.76978383099997,21.355638999999996],[-98.769860985,21.354460538000072],[-98.77001332299992,21.353183],[-98.76985709199994,21.352586785000028],[-98.76867044599999,21.35177498500008],[-98.76585436899995,21.350734200000026],[-98.76534181499991,21.350602938000062],[-98.76470787699996,21.350610923000033],[-98.7641928,21.35092529200006],[-98.76403547699992,21.350607185000054],[-98.76379279999995,21.349991862000024],[-98.763668646,21.349469538000047],[-98.76360207699996,21.348964585000033],[-98.76366527699997,21.34834990800004],[-98.76380755399995,21.347850877000045],[-98.76388730799991,21.346864646000036],[-98.763834246,21.345620108000045],[-98.76372869199997,21.34493010800003],[-98.76372915399995,21.344516769000055],[-98.76355219999998,21.34416367700004],[-98.76383279999999,21.343231492000033],[-98.76407843099996,21.342580692000066],[-98.76448156899994,21.341816415000043],[-98.76484535399999,21.34090646200008],[-98.765012631,21.340292400000063],[-98.76550379999998,21.339391738000078],[-98.76580969199996,21.338679477000028],[-98.76640738499998,21.33812456900006],[-98.76677876899997,21.337500785000035],[-98.76695586199997,21.336885154000083],[-98.7671036,21.33606269200004],[-98.76702730799995,21.33535318500003],[-98.76700287699997,21.33346340000003],[-98.76684747699993,21.33258175400005],[-98.76645086199994,21.332186708000048],[-98.76622052299997,21.331597231000046],[-98.76586513799997,21.331324169000034],[-98.76555706199997,21.33078404600008],[-98.76538159999994,21.330619262000027],[-98.76507323099996,21.330276800000036],[-98.76475207699995,21.329933615000076],[-98.76432850799992,21.329490169000056],[-98.76386124599998,21.329054077000027],[-98.76386224599997,21.328423369000063],[-98.76337589199991,21.327814046000075],[-98.76538735399996,21.32781546200005],[-98.76583856899997,21.324219831000047],[-98.76672667699995,21.324714],[-98.76923310799998,21.325147400000045],[-98.769196492,21.320261769000076],[-98.77292132299995,21.32046827700003],[-98.77045303099999,21.309558415000033],[-98.77056103099993,21.309087138000056],[-98.77054923099995,21.308909062000055],[-98.76896527699995,21.30358590800006],[-98.77192432299995,21.302598538000037],[-98.77242736899994,21.302467923000048],[-98.77423281499993,21.30188386200007],[-98.77586467699996,21.30132826200003],[-98.77969241499993,21.299993754000074],[-98.78007764599991,21.299638985000055],[-98.78027,21.299728092000066],[-98.78381750799996,21.29853156900003],[-98.78384963099995,21.298520723000024],[-98.78398495399992,21.298475062000026],[-98.7845908,21.298270585000065],[-98.78560544599998,21.298053892000038],[-98.78565629199994,21.29804735400006],[-98.78608735399993,21.297991954000057],[-98.78616386199997,21.297982108000046],[-98.78655360000002,21.297932015000075],[-98.78665950799996,21.297918415000034],[-98.78677963099992,21.297902969000067],[-98.78773035399992,21.297780769000045],[-98.78857396899997,21.297672338000037],[-98.78909610799994,21.297605215000033],[-98.78922056899994,21.297589215000073],[-98.78986889199996,21.29750587700005],[-98.79114461499996,21.29734187700006],[-98.791458692,21.296908462000037],[-98.79214987699996,21.29756418500006],[-98.79243119999994,21.297660769000064],[-98.79274109199996,21.297812769000075],[-98.793510815,21.297317492000047],[-98.79507273799997,21.295746015000073],[-98.79532730799995,21.29544624600003],[-98.79551503099998,21.295324462000053],[-98.79560118499995,21.295292569000022],[-98.79635404599998,21.29530676900003],[-98.79757379999997,21.293915508000055],[-98.79769304599998,21.293598200000076],[-98.79788729199998,21.293051662000043],[-98.79792932299996,21.292803092000042],[-98.79796821499997,21.292591369000036],[-98.79798109199999,21.29247047700005],[-98.79800896899995,21.292260677000055],[-98.79754484599994,21.292118999999996],[-98.79738250799993,21.29216983100002],[-98.79721833799992,21.292225800000036],[-98.796838,21.292193185000027],[-98.79664681499996,21.292131554000033],[-98.79635716899995,21.29202996900005],[-98.79619864599994,21.292010092000048],[-98.79592367699996,21.291975615000077],[-98.79580724599998,21.291883662000036],[-98.79576001499997,21.291846354000032],[-98.79524593799992,21.291400692000025],[-98.79523943099997,21.291086169000042],[-98.79584461499995,21.291023092000046],[-98.796006262,21.290954554000056],[-98.79789690799998,21.290143215000054],[-98.79868853799994,21.289944354000056],[-98.79921707699998,21.28977921500006],[-98.801167046,21.28980275400005],[-98.80373509199993,21.289633585000036],[-98.80519346199996,21.289694615000027],[-98.80539544599995,21.28959606200004],[-98.80640863099993,21.289718800000056],[-98.80728912299995,21.289915354000076],[-98.80774996899999,21.290081338000046],[-98.80857718499996,21.290047646000062],[-98.80971386199995,21.290543999999997],[-98.81136855399994,21.29107316900008],[-98.81363227699994,21.29133913800007],[-98.81505895399991,21.290879600000036],[-98.81664400000001,21.290283708000057],[-98.81750812299997,21.289580031000067],[-98.81828410799993,21.289166908000027],[-98.81869638499994,21.28890464600005],[-98.820569031,21.287998231000074],[-98.82382676899992,21.28698760000003],[-98.82680130799994,21.28657209200003],[-98.83162686199996,21.285687031000062],[-98.83447373799997,21.286006369000063],[-98.83557869199994,21.286386508000074],[-98.83664913799997,21.28651056900003],[-98.83735516899996,21.286584385000026],[-98.83813812299992,21.28670612300004],[-98.84162424600001,21.286138815000072],[-98.84278515399993,21.28584387700004],[-98.84502976899994,21.284981954000045],[-98.84526026199997,21.284933631000055],[-98.84565301499998,21.284885108000033],[-98.84707164599996,21.284780677000064],[-98.84850015399994,21.284528938000047],[-98.84946572299998,21.283771200000043],[-98.85005281499993,21.28354361500004],[-98.85090024599998,21.28339167700005],[-98.85356,21.283396677000038],[-98.85609939999995,21.28348844600003],[-98.85670230799992,21.289576231000066],[-98.85600524599994,21.297524800000073],[-98.85549126199996,21.305337123000076],[-98.85751193799996,21.30409663100005],[-98.85763141499996,21.303685],[-98.85774941499993,21.303501969000024],[-98.85849906199995,21.303490615000044],[-98.86332629199995,21.300526923000064],[-98.86869775399994,21.306214446000073],[-98.87170323099996,21.308901800000058],[-98.87180795399993,21.30886770800004],[-98.87196150799996,21.308784123000066],[-98.87205061499996,21.308693969000046],[-98.87202783099994,21.30850427700005],[-98.87192604599993,21.308333908000066],[-98.87198479999999,21.308274831000062],[-98.87205467699991,21.308276262000046],[-98.8723732769999,21.308335200000037],[-98.87241966199997,21.30835680000007],[-98.87265819999995,21.30863424600005],[-98.87267139999992,21.30881333800005],[-98.87238729199994,21.30935746200004],[-98.87234721499998,21.309477600000037],[-98.87328373799993,21.31031495400003],[-98.87734978499998,21.31343946200008],[-98.87745081499995,21.313344154000053],[-98.87763467699993,21.31322304600008],[-98.87776284599992,21.313123415000067],[-98.87790632299995,21.31307967700008],[-98.87799356899994,21.313003662000032],[-98.87827393799994,21.312893815000056],[-98.87836044599999,21.31288176900006],[-98.88039275399993,21.31034023100005],[-98.880263169,21.30971326200006],[-98.88047010799991,21.30861112300005],[-98.88118489199995,21.30549312300008],[-98.88127490799995,21.305173723000053],[-98.88276863099995,21.302302400000027],[-98.88294495399997,21.30231727700004],[-98.88344003099994,21.302393108000047],[-98.88364218499997,21.302331477000052],[-98.88397363099993,21.302103400000078],[-98.88440178499995,21.301816231000032],[-98.88485264599996,21.30163284600007],[-98.88542916899995,21.301658677000034],[-98.88589993799994,21.30200633800007],[-98.88634241499992,21.302320538000057],[-98.88666433799993,21.30250073800005],[-98.88758386199997,21.301882738000078],[-98.88784584599995,21.30173546200007],[-98.88803213799993,21.301702446000036],[-98.88834112299993,21.302198077000067],[-98.88862652299996,21.302279338000062],[-98.88910253799995,21.302262446000043],[-98.89022796899997,21.301793662000026],[-98.88914123099993,21.300903785000063],[-98.88963576899994,21.299680108000075],[-98.88972184599997,21.29939898500004],[-98.88987621499992,21.298608385000023],[-98.88991995399991,21.298241277000038],[-98.88991153799994,21.298211862000073],[-98.89765704599996,21.29790403100003],[-98.90235293799994,21.29972106200006],[-98.90519255399992,21.30126001500003],[-98.90619967699996,21.301938508000035],[-98.91145576899999,21.300483846000077],[-98.91556895399995,21.301570708000046],[-98.92336949199996,21.300682554000044],[-98.93382063099995,21.30183049200003],[-98.94254201499996,21.302656],[-98.94281075399992,21.303620508000048],[-98.943079492,21.304585015000047],[-98.94334823099996,21.30554952300002],[-98.94361696899996,21.306514031000063],[-98.94388572299992,21.307478538000055],[-98.944154477,21.308443062000034],[-98.94442323099999,21.30940756900003],[-98.94469198499998,21.310372077000068],[-98.94496075399996,21.31133658500005],[-98.94477958500002,21.31139470800003],[-98.94412906199997,21.311926446000033],[-98.94409550799998,21.312682908000056],[-98.94416343099995,21.31390812300004],[-98.94405606199996,21.31439747700006],[-98.94376696899997,21.31479312300008],[-98.94318915399998,21.315191185000064],[-98.94241643099997,21.315681246000054],[-98.94216401499995,21.31595067700005],[-98.94194003099994,21.31646820000003],[-98.94244403099998,21.31773533800003],[-98.94227095399998,21.318024492000067],[-98.94196009199999,21.318107708000074],[-98.94146012299996,21.318132785000046],[-98.94060893799997,21.318049554000027],[-98.94021496899998,21.31811667700003],[-98.93968198499994,21.31831215400007],[-98.93927358499997,21.318721785000037],[-98.93896410799992,21.319139754000048],[-98.93855927699995,21.320085169000038],[-98.93817635399994,21.320157031000065],[-98.93779269199996,21.320170046000044],[-98.93731298499996,21.320029338000037],[-98.93584595399993,21.31972126200003],[-98.93503032299996,21.319680138000027],[-98.93460176899998,21.320016338000073],[-98.93456907700002,21.320234938000056],[-98.93494127699995,21.320735323000065],[-98.9353,21.321807215000035],[-98.935716631,21.321997308000054],[-98.93615984599995,21.321968169000066],[-98.93687449199994,21.321739446000034],[-98.93795018499996,21.321615092000062],[-98.93930763099995,21.32160353800003],[-98.94050886199993,21.32143013800004],[-98.940893062,21.32150707700003],[-98.94115669199995,21.321660708000028],[-98.94122118499997,21.321960785000048],[-98.94105859999996,21.322206369000067],[-98.94071756899994,21.322584815000027],[-98.94048410799995,21.322710415000074],[-98.93980215399993,21.322746923000064],[-98.93854047699993,21.322864092000035],[-98.93758426199999,21.322839985000027],[-98.93707998499998,21.32299970800005],[-98.93672383099994,21.323377062000077],[-98.93680023099995,21.324711800000042],[-98.93633775399994,21.325015862000043],[-98.93600629199995,21.324913646000027],[-98.93573889199992,21.324677846000043],[-98.93524579999996,21.324397846000068],[-98.93447196899997,21.324008523000035],[-98.93353347699997,21.323662769000066],[-98.93291215399994,21.32386027700005],[-98.93261644599995,21.324392923000065],[-98.93207583099993,21.324298969000044],[-98.93275295399994,21.327405877000047],[-98.93367126199996,21.33011452300008],[-98.93388836899999,21.33080246200007],[-98.93387881499993,21.331221185000064],[-98.93378733799992,21.331698769000077],[-98.93366723099997,21.332207308000022],[-98.93348309199996,21.332796400000063],[-98.93328086199995,21.333496985000068],[-98.93297826199995,21.334553908000036],[-98.93284158499995,21.334879985000047],[-98.93251175399995,21.335175754000037],[-98.93242312299998,21.335212631000044],[-98.93212219999998,21.33518858500003],[-98.93194473799996,21.335094985000072],[-98.93141170799998,21.334584492000037],[-98.93098418499994,21.334032708000056],[-98.93057436899994,21.333801400000034],[-98.93016915399994,21.333727877000054],[-98.92964,21.333813354000036],[-98.92886096899997,21.33414013800007],[-98.9280487079999,21.334356077000052],[-98.92773533799995,21.334439385000053],[-98.92738009199995,21.334510631000057],[-98.92695529199995,21.33457178500004],[-98.926639046,21.334565431000048],[-98.92620655399996,21.334556738000064],[-98.92590595399996,21.334476677000055],[-98.92539735399995,21.334312200000056],[-98.92525190799995,21.334209],[-98.92511504599997,21.334054092000034],[-98.92483386199996,21.333747585000026],[-98.92441296899995,21.333281262000074],[-98.92412689199995,21.333011938000027],[-98.92385796899998,21.332922],[-98.92352473799997,21.332855631000037],[-98.92335329199994,21.33291683100003],[-98.92318713799992,21.33321186200004],[-98.92310698499995,21.33386675400005],[-98.92262193799995,21.334402615000045],[-98.92221703099993,21.334770015000064],[-98.92181000000001,21.33477963100006],[-98.92070418499995,21.334786354000077],[-98.91865023099997,21.33461783100006],[-98.91715923099999,21.334451538000057],[-98.91561073799994,21.33455206200006],[-98.91449444600002,21.335531908000064],[-98.91426806199998,21.33605553800004],[-98.91414216899994,21.33633476900008],[-98.91353238499994,21.336666846000067],[-98.91301409199998,21.33696947700003],[-98.91226503099995,21.33724849200007],[-98.91188212299993,21.337408385000064],[-98.91143286199997,21.337485800000024],[-98.91086126199997,21.337597169000052],[-98.91055883099993,21.33784595400005],[-98.91003336899996,21.338483631000027],[-98.90992803099992,21.338754600000076],[-98.90988826199998,21.33904752300003],[-98.91004555399995,21.339390785000035],[-98.91035012299993,21.339878000000006],[-98.91063013799999,21.34016947700007],[-98.91096683099994,21.34070709200006],[-98.91118239999997,21.34122958500006],[-98.91142141499996,21.341884646000043],[-98.91144424599999,21.34211132300004],[-98.91137739999998,21.34242798500003],[-98.91127841499997,21.34261941500005],[-98.91112527699995,21.342727785000022],[-98.91087204599995,21.34277186200006],[-98.91059539999998,21.342766277000063],[-98.91035470799994,21.342722077000072],[-98.910185169,21.342640446000072],[-98.90983881499992,21.34252584600005],[-98.90959829199994,21.342465308000044],[-98.90920339999997,21.342219815000075],[-98.90857910799996,21.341770123000064],[-98.90830906199994,21.34160501500003],[-98.90811547699995,21.341433046000077],[-98.90761518499995,21.340752123000073],[-98.907535662,21.340621769000055],[-98.90747709199995,21.340449723000063],[-98.90728079999997,21.34017656900005],[-98.90718539999995,21.34005503100008],[-98.90716947699998,21.33988369200006],[-98.90716266199998,21.339662354000037],[-98.90716801499997,21.339430092000043],[-98.90699067699995,21.339045969000043],[-98.90683527699994,21.33885041500003],[-98.90662701499997,21.338568262000027],[-98.90636475399998,21.338250815000038],[-98.906159292,21.338045692000037],[-98.90594666199996,21.337895769000067],[-98.90561286199994,21.337792215000036],[-98.90538021499997,21.33778750800008],[-98.90500892299995,21.337963938000033],[-98.904839569,21.338129938000066],[-98.90462113799998,21.338406277000043],[-98.90416339999999,21.33851803100003],[-98.90387904599999,21.33851227700006],[-98.90360232299996,21.33822492300004],[-98.90353861499993,21.337958385000043],[-98.90354587699993,21.33764330800005],[-98.90378535399994,21.337106138000024],[-98.90411333799995,21.336594923000067],[-98.90445013799996,21.336305800000048],[-98.90490641499996,21.33628021500004],[-98.90585083099994,21.336061892000036],[-98.90630304599996,21.33585427700007],[-98.90656833799991,21.335534492000026],[-98.90653533799996,21.335228],[-98.90646287699994,21.33492527700003],[-98.90627059999997,21.33456146200007],[-98.90590670799996,21.334389785000045],[-98.90555570799995,21.33438269200008],[-98.90517504599995,21.334507662000078],[-98.90500746199997,21.33443280000006],[-98.90485516899997,21.334265631000054],[-98.90420115399995,21.33425240000003],[-98.90344206199995,21.33440749200003],[-98.90250541499995,21.335240831000075],[-98.90178921499992,21.33587658500005],[-98.90131598499995,21.336019277000045],[-98.90091793799995,21.335921215000045],[-98.90052052299995,21.33557596900005],[-98.90015290799994,21.33526972300007],[-98.89779198499996,21.334545538000043],[-98.89681967699994,21.33483704600008],[-98.89550346199997,21.335225477000048],[-98.89471055399996,21.335382477000053],[-98.89437250799992,21.335415385000033],[-98.89406990799996,21.335409246000037],[-98.89378319999996,21.335340877000075],[-98.89334673799999,21.335245169000075],[-98.89289156899996,21.33513724600004],[-98.89242875399997,21.334995600000077],[-98.892043646,21.33486355400004],[-98.89189383099995,21.334782431000065],[-98.89169229199995,21.334725108000043],[-98.89138750799994,21.33470472300008],[-98.89086467699997,21.33474916900008],[-98.89065950799994,21.334710846000064],[-98.89035570799996,21.33466852300007],[-98.89005583099997,21.33473473800007],[-98.88984778499996,21.334913308000072],[-98.88959921499996,21.335181938000066],[-98.88939036899994,21.33546035400008],[-98.88927593799995,21.33583496900008],[-98.88901433799997,21.336144215000047],[-98.88894810799992,21.33623895400007],[-98.88862201499992,21.33631636900003],[-98.8883651849999,21.336311154000047],[-98.88780098499996,21.336234431000033],[-98.88763819999996,21.336136938000035],[-98.88745098499999,21.335876938000073],[-98.88728819999993,21.33560613800006],[-98.88707630799993,21.33519495400003],[-98.88701855399994,21.33484815400005],[-98.88683172299991,21.334376785000078],[-98.88658958499995,21.334045523000047],[-98.88590667699994,21.333646862000023],[-98.88558939999993,21.333558015000055],[-98.88194723099996,21.33271452300005],[-98.88098844599993,21.331888123000066],[-98.87999398499994,21.330775200000065],[-98.87969381499992,21.330581785000053],[-98.87941192299994,21.330325415000065],[-98.87890093799994,21.33028840000003],[-98.87825989199993,21.330430462000038],[-98.877419708,21.33082343100006],[-98.87661572299997,21.33091349200004],[-98.87601687699996,21.33093416900005],[-98.87520735399991,21.331018769000032],[-98.87458236899992,21.33115609200008],[-98.87400012299995,21.33125066200006],[-98.87336543099995,21.331397385000063],[-98.87263729199996,21.331591431000053],[-98.87192909199995,21.331965523000072],[-98.87145627699991,21.332243338000062],[-98.87093590799994,21.33255344600008],[-98.87029892299994,21.332998938000063],[-98.86958970799995,21.333272446000027],[-98.86864710799993,21.333437031000074],[-98.86738595399997,21.333505015000075],[-98.86701913799999,21.33372356900003],[-98.86672679999995,21.333936292000033],[-98.86653272299996,21.334133308000048],[-98.86643879999995,21.334348262000052],[-98.86638796899996,21.334613538000042],[-98.86643461499993,21.33486130800004],[-98.86653550799996,21.335054046000042],[-98.86667967699998,21.33519836900007],[-98.86682910799998,21.33536203100004],[-98.86724710799996,21.335687662000055],[-98.86765498499996,21.336024415000058],[-98.86773469199994,21.336405738000057],[-98.86772404599999,21.336576785000034],[-98.86766943099998,21.336762338000028],[-98.86766384599999,21.337001754000035],[-98.867644908,21.337213908000027],[-98.86750916899994,21.33748493800005],[-98.86736163099992,21.337707800000032],[-98.86706744599996,21.338121985000043],[-98.86657450799997,21.33846038500008],[-98.86575924599998,21.338725215000068],[-98.86495000000001,21.338952292000045],[-98.86397024599995,21.339641908000033],[-98.86363,21.339809431000052],[-98.86300387699997,21.340345015000025],[-98.86288333799993,21.340596708000078],[-98.86260844599995,21.341109662000065],[-98.86243706199996,21.341615769000043],[-98.86242335399997,21.341852015000036],[-98.86247533799992,21.34219856900006],[-98.86249783099996,21.342318338000037],[-98.86268607699996,21.342736831000018],[-98.86271718499991,21.342824954000037],[-98.86282418499995,21.34324287700002],[-98.86311236899995,21.34370692300007],[-98.86312975399994,21.343733462000046],[-98.86357018499996,21.34453153800007],[-98.86352390800002,21.344794231000034],[-98.86349898499998,21.344835985000035],[-98.86318283099993,21.345498754000058],[-98.86319007699994,21.345550815000024],[-98.86297293799996,21.345764262000046],[-98.86286673799997,21.345965200000027],[-98.86258101499998,21.346970369000083],[-98.86252155399993,21.34697184600003],[-98.86243323099994,21.34708507700003],[-98.86241084599999,21.347216338000067],[-98.86239258499994,21.347715108000045],[-98.86243673799994,21.34856721500006],[-98.86250401499994,21.349237831000035],[-98.86257752299993,21.350983231000043],[-98.86274819999991,21.35202869200003],[-98.86287453799994,21.353392123000052],[-98.86315990799993,21.35444390800006],[-98.86335349199999,21.354911708000035],[-98.86352759999994,21.35555416900008],[-98.86378513799994,21.356066800000065],[-98.86402643099996,21.35645233800005],[-98.86421489199996,21.356692077000044],[-98.86428066199996,21.356937846000047],[-98.86443827699995,21.35715823100003],[-98.86459179999997,21.35747983100003],[-98.86472083099993,21.357820508000035],[-98.86481556899997,21.358114015000073],[-98.86492329199999,21.358614569000054],[-98.86494472299995,21.359045123000048],[-98.86495563099999,21.359631877000027],[-98.86487704599993,21.360288492000056],[-98.86481726199997,21.36077149200003],[-98.86459464599994,21.361191800000032],[-98.86441446199997,21.361634892000037],[-98.86445086199996,21.362139031000023],[-98.86458676899997,21.362525123000065],[-98.86474,21.362741185000058],[-98.86492223099998,21.362829677000033],[-98.86517039999994,21.36282987700002],[-98.86564461499995,21.362734815000064],[-98.86592856899995,21.36261340000004],[-98.86629910799995,21.362530538000037],[-98.86696910799998,21.36239298500004],[-98.86746001499995,21.36237876900003],[-98.86800324599994,21.362494092000077],[-98.86834158499992,21.362551999999997],[-98.86897673799994,21.362835708000034],[-98.86927858499995,21.363234969000075],[-98.86940232299995,21.363704846000076],[-98.86944947699999,21.36410680000006],[-98.86932430799999,21.36464555400005],[-98.86920666199997,21.365121338000048],[-98.86863832299993,21.366283246000023],[-98.86816823099994,21.367273385000033],[-98.86773290799991,21.36791061500003],[-98.86743538499995,21.368314492000025],[-98.86719395399994,21.36841723100002],[-98.84838296899993,21.375416323000024],[-98.84782761499997,21.37524283100003],[-98.84659712299997,21.376234538000062],[-98.84634496899997,21.376450369000057],[-98.8455311229999,21.377133354000026],[-98.84484018499995,21.37771090800004],[-98.84398318499994,21.378415754000063],[-98.84244475399997,21.379172892000042],[-98.84106969199998,21.37909355400006],[-98.83886813799992,21.379518046000044],[-98.8383680919999,21.379694277000052],[-98.83749219999997,21.380083015000025],[-98.83638278499994,21.381188954000038],[-98.8351732149999,21.38192744600008],[-98.83423989199997,21.381702662000066],[-98.83289087699993,21.380477523000025],[-98.83248627699996,21.38037315400004],[-98.83244298499993,21.380343185000072]]]}},{"type":"Feature","properties":{"code":"24058","cve_ent":"24","cve_mun":"058","municipio":"El Naranjo","estado":"San Luis Potosí","region":"Huasteca Potosina","fuente":"Marco Geoestadístico / INEGI (consolidado GeoJSON para el visor)"},"geometry":{"type":"Polygon","coordinates":[[[-99.48775530799996,22.544309985000037],[-99.48996878499997,22.55270275400005],[-99.4904294,22.554449138000052],[-99.49191015399998,22.560062923000032],[-99.49311733799998,22.564639169000028],[-99.49324364599997,22.56511798500003],[-99.49229433799995,22.57898352300003],[-99.49844504599997,22.572464077000063],[-99.49865480000001,22.571575908000057],[-99.50340398499998,22.569720877000062],[-99.50965363099999,22.58406601500008],[-99.51947146199996,22.580888077000054],[-99.5245622,22.57923996900007],[-99.53248487699992,22.592638846000053],[-99.51523736899996,22.59231160000007],[-99.51509821499994,22.592308954000032],[-99.51412166200001,22.592290369000068],[-99.513992692,22.592843308000056],[-99.51383092299993,22.593536938000053],[-99.51359650799998,22.594436462000033],[-99.51347038499995,22.594920462000065],[-99.51309983099995,22.596342400000026],[-99.51276398500002,22.597631092000032],[-99.512664246,22.59801384600007],[-99.51261759999994,22.59819284600007],[-99.51240703099994,22.598158554000065],[-99.510923415,22.597916892000057],[-99.50931527699997,22.597654923000054],[-99.50904166199997,22.59761035400004],[-99.50967533799994,22.599593],[-99.50993646199997,22.600410015000023],[-99.51050661499994,22.601307754000064],[-99.51099033799993,22.60206938500005],[-99.51103418499996,22.60211430800007],[-99.51213224599995,22.60323893800006],[-99.51275407699994,22.604242277000026],[-99.51310724599995,22.60481209200003],[-99.51373018499997,22.60568132300006],[-99.51386126199999,22.605864200000045],[-99.51418835399993,22.60632063100007],[-99.51441604599994,22.60663832300003],[-99.51456509199996,22.606846292000057],[-99.51532719999993,22.60790967700007],[-99.51580209199993,22.608572292000073],[-99.51680136899992,22.61019821500003],[-99.51737852299999,22.611005062000068],[-99.51594693799994,22.61130332300008],[-99.51220759999995,22.612082262000058],[-99.51365163099997,22.61506136900005],[-99.49583132299993,22.619924138000048],[-99.49453636899995,22.620868631000068],[-99.50130119999993,22.635122308000064],[-99.50555630799992,22.644132523000053],[-99.50734396899998,22.64790556900005],[-99.51528704599997,22.664667492000035],[-99.51549524599994,22.66463781500005],[-99.51675746199999,22.664436892000026],[-99.52581929199992,22.693546185000056],[-99.52537639999994,22.693616754000058],[-99.52562329199998,22.694524985000044],[-99.52789255399993,22.69557961500004],[-99.53264339999998,22.70962090800003],[-99.53924889199999,22.729138462000037],[-99.54000561499998,22.73137401500003],[-99.54432738499997,22.744140154000036],[-99.49678850799994,22.74849795400007],[-99.49244869199998,22.741947985000024],[-99.49048449199996,22.741426723000075],[-99.48305207699994,22.742272708000026],[-99.48109044599995,22.742363354000076],[-99.47922030799998,22.742052954000027],[-99.47712683099995,22.740637215000046],[-99.44832783099996,22.67343732300003],[-99.44271307699995,22.66464912300006],[-99.44255352299997,22.664399385000024],[-99.44205287699994,22.66361570800007],[-99.41991272299998,22.662037538000046],[-99.41279318499994,22.66469703100006],[-99.41273376899994,22.664719231000046],[-99.39654012299994,22.670766800000024],[-99.38897524599996,22.67009004600004],[-99.38843363099993,22.669291046000072],[-99.38702541499998,22.670050600000028],[-99.38555310799993,22.67026846200003],[-99.38569918499995,22.67002743100005],[-99.38538952299994,22.66948856900007],[-99.38535044599995,22.669085400000036],[-99.38555558499995,22.668894],[-99.38552027699994,22.668647754000062],[-99.38552713799996,22.668298],[-99.38530084599991,22.668128600000042],[-99.38504546199992,22.667887877000055],[-99.38490570799995,22.667732923000074],[-99.3847,22.66754807700005],[-99.38459739999995,22.667355431000036],[-99.38457401499993,22.667148200000042],[-99.38466652299995,22.666981123000035],[-99.38476392299998,22.666733077000057],[-99.38475116899995,22.66639590800003],[-99.38469746199996,22.666120277000058],[-99.38462933799997,22.66575756900005],[-99.38461946200002,22.665550046000078],[-99.38477033799992,22.665351292000025],[-99.38494883099995,22.66527687700005],[-99.38523572299991,22.66506575400007],[-99.38517961499996,22.664775615000057],[-99.38529078499991,22.66454886200006],[-99.38537327699996,22.664471769000045],[-99.38510943099996,22.664089723000078],[-99.38507292299991,22.663822308000075],[-99.38467870799994,22.663971862000043],[-99.38461829199996,22.663662554000037],[-99.38447846199993,22.66341353800004],[-99.38436959999994,22.663179569000082],[-99.38426033799998,22.66316683100007],[-99.38405267699993,22.662774615000046],[-99.38384223099993,22.661683892000042],[-99.38372507699991,22.661633492000078],[-99.38357538499996,22.660902446000026],[-99.38332270799997,22.659794031000047],[-99.38339986199995,22.65959641500007],[-99.38325236899998,22.65938044600006],[-99.38325306199992,22.65804435400003],[-99.38210795399999,22.65586721500006],[-99.38112824599995,22.653739708000046],[-99.38056133799994,22.652945169000084],[-99.38039659999997,22.652042908000052],[-99.37966340000001,22.650765892000038],[-99.37909392299994,22.650090246000048],[-99.37860149199996,22.64791001500004],[-99.37766396899998,22.64606913800003],[-99.37671018499996,22.64244253800006],[-99.37628666199997,22.641946169000054],[-99.37625861499997,22.64037472300004],[-99.37596312299993,22.63901616900006],[-99.37535893799992,22.63659772300003],[-99.37492619999995,22.634984169000074],[-99.37429921499995,22.63293053800004],[-99.37395566199997,22.631674569000044],[-99.37361506199994,22.63064189200003],[-99.37351643099997,22.629996692000077],[-99.37320047699994,22.62907767700005],[-99.37116546199996,22.629347308000032],[-99.36291646199999,22.630381523000043],[-99.35517718499992,22.631413754000054],[-99.33961430799995,22.633250554000032],[-99.33880955399994,22.633560200000034],[-99.32961767699997,22.634887785000053],[-99.3213878619999,22.61673044600008],[-99.33010752299997,22.614844692000084],[-99.32867612299995,22.611669492000036],[-99.32854353799993,22.60992721500003],[-99.32859004599999,22.608702400000027],[-99.31403439999997,22.609898169000086],[-99.30798318499996,22.594884662000034],[-99.30545264599999,22.588604999999998],[-99.29969104599996,22.574305446000043],[-99.29796984599996,22.57142387700003],[-99.29357864599994,22.564071662000064],[-99.28997767699995,22.558041831000022],[-99.28865338499998,22.55582416900006],[-99.28774079999994,22.553090492000024],[-99.28544035399992,22.546198938000032],[-99.28225536899998,22.53665635400006],[-99.27797761499993,22.523837400000048],[-99.27792396899999,22.523676615000056],[-99.27785479999994,22.52354560000003],[-99.27619893799991,22.520409446000027],[-99.27592889199994,22.519897969000063],[-99.274004231,22.51625246200007],[-99.27242581499993,22.513262631000032],[-99.27053732299996,22.500494569000065],[-99.26907481499994,22.494418369000076],[-99.26634290799994,22.48306681500003],[-99.26340184599995,22.470844046000025],[-99.26314853799992,22.469791231000038],[-99.25997859999994,22.467810938000067],[-99.25970930799996,22.467066462000044],[-99.25135967699998,22.443979231000068],[-99.24342539999996,22.433370662000076],[-99.23683875399992,22.412862],[-99.23226989199998,22.41262572300008],[-99.21533372299996,22.37805721500007],[-99.211243477,22.36660706200007],[-99.21110909199999,22.365962277000047],[-99.20763933799998,22.349312400000027],[-99.20711138499996,22.34498149200005],[-99.20804043099996,22.34381352300005],[-99.21304356899996,22.335369154000034],[-99.21326916899996,22.33061047700005],[-99.21339090799995,22.32936336900008],[-99.213568738,22.324844677000044],[-99.21363195399991,22.323890431000056],[-99.21662633799997,22.323670785000047],[-99.21378419999995,22.314142969000045],[-99.21298324599996,22.312171923000054],[-99.21725013799991,22.311867631000045],[-99.21710520000002,22.30675901500007],[-99.20788112299991,22.306189723000045],[-99.20754524599995,22.30355476900008],[-99.20728215399997,22.301490646000044],[-99.20673923099996,22.297230985000056],[-99.20608587699994,22.292104615000028],[-99.22083719999993,22.29143881500005],[-99.22263744599995,22.294042677000046],[-99.22274553799994,22.295507354000048],[-99.22283512299995,22.296721262000062],[-99.22248509199993,22.29718736900003],[-99.22204623099994,22.298084862000053],[-99.22291621499993,22.29853832300006],[-99.22318181499995,22.298766985000036],[-99.22367786199999,22.299194],[-99.22412480000001,22.29992483100005],[-99.24621364599997,22.292332538000032],[-99.24809247699993,22.29165944600004],[-99.25359226199997,22.290303969000036],[-99.26515170799995,22.287454354000033],[-99.27495027699996,22.285033769000044],[-99.27711787699994,22.28452258500004],[-99.27975150799992,22.297192246000066],[-99.28069993799994,22.299266400000082],[-99.28213589199997,22.31123815400003],[-99.28565381499999,22.316379246000054],[-99.28645715399992,22.31902983100002],[-99.28682103099999,22.320301800000035],[-99.28881130799999,22.324156062000046],[-99.29035893799993,22.32684273800004],[-99.29191563099995,22.331708385000073],[-99.31791449199996,22.32580889200005],[-99.317010785,22.322069431000042],[-99.31417498499997,22.31032778500003],[-99.33333564599995,22.325204631000076],[-99.33729709199997,22.327644],[-99.33333564599995,22.321718846000067],[-99.32450793799994,22.306875600000076],[-99.3212014,22.301314908000055],[-99.32070413799991,22.29895286200008],[-99.31966733799999,22.29402778500003],[-99.31930329199997,22.292298354000025],[-99.31912721499998,22.291176831000026],[-99.31897578499995,22.290212338000053],[-99.31873923099992,22.288351246000044],[-99.31776035399996,22.286961892000026],[-99.31717490799997,22.285570538000055],[-99.31684418499998,22.28478453800005],[-99.31116966199997,22.267881554000038],[-99.31074215399994,22.266607923000034],[-99.30846455399994,22.259913338000047],[-99.30709024599997,22.255873477000026],[-99.30526496899996,22.25037710800007],[-99.30471986199996,22.24871441500005],[-99.30346010799994,22.240794723000082],[-99.30045515399993,22.230826646000025],[-99.29878689199994,22.225005431000056],[-99.29799563100002,22.22186755400003],[-99.29761236899996,22.21967526200007],[-99.29699244599998,22.217207477000045],[-99.29402346200001,22.205171123000074],[-99.29338669199994,22.20260720000004],[-99.29290346199998,22.200661415000074],[-99.29254129199995,22.196886185000043],[-99.28842739999999,22.17928361500003],[-99.28790529199996,22.177298985000053],[-99.28678472299997,22.17290403100003],[-99.28598239999994,22.168954969000033],[-99.28558816899991,22.167800877000047],[-99.28495089199998,22.16510566200003],[-99.28433015399995,22.162976092000065],[-99.28398049199996,22.160364754000057],[-99.28335193799994,22.15822481500004],[-99.28327801499994,22.156486338000036],[-99.2829980769999,22.15545224600003],[-99.282690985,22.153974785000067],[-99.28236238499991,22.15211058500006],[-99.28124369199999,22.148553554000046],[-99.297219892,22.146461477000063],[-99.31317313799995,22.14694892300003],[-99.31336999999999,22.149875446000074],[-99.31459772299995,22.15347424600003],[-99.31484901499992,22.153672677000028],[-99.31487352299995,22.15464536900004],[-99.31385524599995,22.155524462000077],[-99.31465987699994,22.157989462000053],[-99.31446559999996,22.158638400000033],[-99.31473947699999,22.158956400000026],[-99.31441543099999,22.15949427700008],[-99.31325276899997,22.159900077000035],[-99.31282903099998,22.160196923000054],[-99.31257750799992,22.160843815000078],[-99.31286823099997,22.161205892000055],[-99.31305006199995,22.161832554000057],[-99.313605646,22.16211293800006],[-99.31317483099996,22.163357646000065],[-99.31365929199997,22.164014415000057],[-99.31315144599996,22.16578261500007],[-99.31331913799993,22.166886200000075],[-99.31377484599993,22.166873938000037],[-99.31578309199993,22.167502708000033],[-99.31623,22.168649877000057],[-99.31638061499994,22.169046862000073],[-99.3158452769999,22.170335585000032],[-99.31519007699994,22.171606200000042],[-99.315914046,22.17318043100005],[-99.31703443099997,22.173102415000077],[-99.31729655399991,22.173345738000027],[-99.31739918499994,22.174061862000034],[-99.31783136899996,22.175197600000047],[-99.31789839999996,22.176221308000038],[-99.31830390799993,22.176885308000074],[-99.31838432299995,22.17726313800006],[-99.31785219999995,22.177619092000043],[-99.31787456899997,22.17800586200008],[-99.31743181499994,22.178674462000064],[-99.31723439999996,22.178916877000063],[-99.3175748,22.179076646000055],[-99.31776147699995,22.17932832300005],[-99.31774278499995,22.179817000000003],[-99.31725195399997,22.180173138000043],[-99.31693541499999,22.180169523000075],[-99.31646555399998,22.17994715400005],[-99.31630101499994,22.180061292000058],[-99.31648404599997,22.180462969000075],[-99.31616672299998,22.181084769000055],[-99.31684044599997,22.181746138000047],[-99.31699570799998,22.182230277000023],[-99.31692979999998,22.183088200000043],[-99.31706979999997,22.183233123000036],[-99.31750603099991,22.183269446000054],[-99.31803878499993,22.183162400000075],[-99.31868723099994,22.18276352300006],[-99.31969484599996,22.182781999999996],[-99.31973644599998,22.182623846000066],[-99.31945170799996,22.182023015000027],[-99.31956369199999,22.181813815000055],[-99.3200067229999,22.18163970800003],[-99.32100043099996,22.18138853800008],[-99.32141616899996,22.18140046200006],[-99.32218843099994,22.184196769000042],[-99.32194604599992,22.184866954000036],[-99.32005069199994,22.186191262000026],[-99.32043572299992,22.18645949200004],[-99.32050439999995,22.186860585000034],[-99.31980909199994,22.187389738000036],[-99.31981709199992,22.187594631000024],[-99.32033136899994,22.187720246000026],[-99.32063164599998,22.188683477000037],[-99.32025383099993,22.189603246000043],[-99.32058081499994,22.189775569000066],[-99.32139113799992,22.18990984600003],[-99.32202427699995,22.190766892000052],[-99.32141683099994,22.192742015000075],[-99.32032578499995,22.19628932300003],[-99.32054670799992,22.19776606200003],[-99.31746026199995,22.212354215000065],[-99.31729559999997,22.215796923000028],[-99.317179292,22.218228477000025],[-99.31706152299992,22.22069075400003],[-99.32065879999996,22.227275369000044],[-99.32700672299994,22.238893708000035],[-99.33429432299994,22.25222913800007],[-99.34362084599996,22.269291862000046],[-99.34971529199998,22.280438585000066],[-99.35593346199994,22.279570492000065],[-99.35692298499998,22.28265315400006],[-99.36350030799996,22.300273138000026],[-99.36598195399993,22.320894308000053],[-99.36753939999991,22.326911938000023],[-99.37224493799992,22.343378985000076],[-99.34609829199995,22.34931443100004],[-99.34991326199999,22.35790093800006],[-99.35683533799991,22.373421215000064],[-99.36299646199996,22.387232015000045],[-99.36539852299993,22.39312533800006],[-99.37640556899997,22.42357873800006],[-99.40497507699995,22.410288],[-99.41064764599999,22.42103990800006],[-99.41070635399994,22.421151169000044],[-99.43007379999995,22.45784632300007],[-99.43138352299995,22.460327031000073],[-99.44601066200002,22.48802492300007],[-99.45552309199996,22.48405576900007],[-99.46671435399996,22.495610954000025],[-99.471159646,22.500200031000077],[-99.47668607699994,22.51387983100005],[-99.47795373799994,22.517017338000077],[-99.48223423099995,22.52764278500007],[-99.48545212299992,22.535629385000046],[-99.48651153799992,22.538269538000062],[-99.48784044599996,22.541569231000036],[-99.48775530799996,22.544309985000037]]]}}]}